sequence,module,level,type,identifier,name,datatype,multiplicity,association_role,definition,label_local,definition_local,source_bsm_id,semantic_path,associated_module,class_term,local_name,xpath
1,cor,1,C,,Accounting Entries,,1..*,,Root for XBRL GL. No entry made here.,【会計仕訳】,XBRL GLのルート要素。 この要素にはデータは登録されない。,CO23,$.cor_AccountingEntries,cor,Accounting Entries,accountingEntries,/xbrli:xbrl/gl-cor:accountingEntries
2,cor,2,C,,Document Information,,1..1,,Parent for descriptive information about the accountingEntries Class in which it is contained.,【文書情報】,この会計仕訳に関する情報の親タグ。,CO23-01,$.cor_AccountingEntries.cor_DocumentInformation,cor,Document Information,documentInformation,/xbrli:xbrl/gl-cor:accountingEntries/gl-cor:documentInformation
3,cor,3,A,,Document Type,Token,1..1,,"account: information to fill in a chart of accounts file.  
balance: the results of accumulation of a complete and validated list of entries for an account (or a list of account) in a specific period - sometimes called general ledger  
entries: a list of individual accounting entries, which might be posted/validated or nonposted/validated   
journal: a self-balancing (Dr = Cr) list of entries for a specific period including beginning balance for that period.  
ledger: a complete list of entries for a specific account (or list of accounts) for a specific period; note - debits do not have to equal credits.   
assets: a listing of open receivables, payables, inventory, fixed assets or other information that can be extracted from but are not necessarily included as part of a journal entry.  
trialBalance: the self-balancing (Dr = Cr) result of accumulation of a complete and validated list of entries for the entity in a complete list of accounts in a specific period. 
taxtables: aids automated interpretation of instances that represent tax tables; Tax table are defined by using multiple [taxes] classs to gather the population of codes, authorities and rates; through [taxTableCode] cross-references in the [taxes] class, these ""master file"" tax tables can be referenced. 
mapping: a collection of mappings between interrelated data sets, such as a local and related corporate standard chart of accounts or detail data mapped to summarized end reporting concepts.   
versioning: a collection of changes between two versions of the same class of information, such as updates to a master file like a chart of accounts.   
master_file: a collection of master files, such as the customer or inventory master file.   
trade_documents: a collection of trade/transactional documents, such as vendor invoices or customer orders.   
profile_compliant: the meaning of this collection of information can be determined by understanding an established profile and especially an XBRL GL Profile. Profiles are determined through namespace declarations, schemaRef and conventions of those profiles.   
other: for all other types of representations.

Often sorted by date or by account, these terms have specific, and sometimes different, meanings in different areas. Common practice will drive accounting method/term matches.",文書種別,・科目:科目体系ファイルの情報。_x000D_ ・残高:特定の期間について、勘定科目(または勘定科目リスト)の、完了し検証された仕訳リストの累算結果。時に総勘定元帳と呼ばれる。_x000D_ ・仕訳:個々の勘定記入のリスト。転記/検証されていることもあり、されていないこともある。_x000D_ ・仕訳帳:特定の期間における、その期間の開始残高を含む貸借が一致(Dr=Cr)した仕訳のリスト 。_x000D_ ・元帳:特定の期間における特定の勘定科目(または勘定科目リスト)についての、仕訳の全リスト 。注意－貸借が一致する必要はない。_x000D_ ・資産:仕訳記入の一部として必ずしも含まれていないが、そこから抽出可能な売掛金、買掛金、在庫、固定資産、その他の情報のリスト。_x000D_ ・試算表:事業体に対する、特定期間の全勘定科目リストでの、完了し検証された仕訳リストの、貸借が一致（Dr=Cr)した累算結果。_x000D_ ・税率表:税率表をあらわすデータを自動的に解釈できるようにする。税率表は、コード、税務当局情報、レートをあらわす複数のtaxes構造データを使って定義される。taxTableCodeはtaxes構造データ内で相互に参照されるが、これらのマスタファイルが参照可能。_x000D_ ・マッピング情報:互いに関係があるデータセットの間の対応関係を集めたもの。例えば、企業グループ内の各会社で使用する勘定科目と全社勘定科目との対応付け、または明細データと最終的な報告書上の要約された科目への対応付け。 ・差分情報:同じクラス（種類）で異なるバージョンを持つ項目の変更・差分情報。例えば、勘定科目一覧のようなマスタファイルの特定科目の更新情報など。  ・マスターファイル:マスタファイルの一覧。例えば、顧客マスタ又は在庫/棚卸マスタなど。  ・取引伝票:取引に用いる情報の集合。例えば、納入業者からのインボイス 又は顧客からの受注情報など。  ・プロファイル情報:確立された文書説明情報及び特にXBRL GLプロファイルを理解し決定するこの情報の集合の意味を示す。説明情報は、名前空間宣言、スキーマ参照及びこれらの規約を通して決定する。  ・その他：その他のすべての表現形式  多くの場合、日付または科目によりソートされる。会計処理方法や用語は慣行により適合させる。_x000D_ [設定値のリスト]_x000D_ (account：科目)、(balance：残高)、(entries：仕訳)、(journal：仕訳帳)、(ledger：元帳)、(assets：資産)、(trialbalance：試算表)、(taxtables：税率表)、(other：その他)_x000D_、(Mapping：マッピング情報)、(versioning：差分情報)、(master_file：マスターファイル)、(trade_documents：取引伝票)、(profile_compliant：プロファイル情報)、(other：その他),CO10-01,$.cor_AccountingEntries.cor_DocumentInformation.cor_DocumentType,cor,Document Information,documentType,/xbrli:xbrl/gl-cor:accountingEntries/gl-cor:documentInformation/gl-cor:documentType
4,cor,3,A,PK,Audit Number,String,0..1,,Unique identifier for this file.,監査番号,このファイルの一意識別子。,CO10-02,$.cor_AccountingEntries.cor_DocumentInformation.cor_AuditNumber,cor,Document Information,auditNumber,/xbrli:xbrl/gl-cor:accountingEntries/gl-cor:documentInformation/gl-cor:auditNumber
5,cor,3,A,,Revises Audit Number,String,0..1,,"If this batch of information revises a previous batch of information, this field identifies the previous batch that is being revised. 'uniqueID' of the previous batch goes here. Developers should consider exception reporting.",改訂前監査番号,この仕訳の束が以前の仕訳の束を改訂する場合に、以前の束を示す。元の文書のuniqueIDが指定される。開発者は、例外報告を考慮すべきである。,CO10-03,$.cor_AccountingEntries.cor_DocumentInformation.cor_RevisesAuditNumber,cor,Document Information,revisesAuditNumber,/xbrli:xbrl/gl-cor:accountingEntries/gl-cor:documentInformation/gl-cor:revisesAuditNumber
6,cor,3,A,,Action to Take with Previous Data,Token,0..1,,Provides guidance on action to take with previous set of data: supersedes - old data should be considered as obsolete/overwritten; supplements - belongs with that data as if it was included with it.,改訂前データ処置,"以前のデータの束に対する操作のガイダンス。 取替え-古いデータを無効にし上書きする。_x000D_
補完-元々含まれていたかのように、そのデータに所属させる。_x000D_
[設定値のリスト]_x000D_
(supplement：補完)、(supersede：取替え)",CO10-04,$.cor_AccountingEntries.cor_DocumentInformation.cor_ActiontoTakewithPreviousData,cor,Document Information,actionToTakeWithPreviousData,/xbrli:xbrl/gl-cor:accountingEntries/gl-cor:documentInformation/gl-cor:actionToTakeWithPreviousData
7,cor,3,A,,Language,QName,0..1,,"Primary language of the intellectual content. Where practical, the content of this field should coincide with ISO 639-1988 language codes.",言語,主要言語。 実用的には、このフィールドの内容はISO639-1988言語コードに一致すべきである。,CO10-05,$.cor_AccountingEntries.cor_DocumentInformation.cor_Language,cor,Document Information,language,/xbrli:xbrl/gl-cor:accountingEntries/gl-cor:documentInformation/gl-cor:language
8,cor,3,A,,Creation Date,Date Time,0..1,,Date/time file was created.,作成日付,ファイルが作成された日付/時間。,CO10-06,$.cor_AccountingEntries.cor_DocumentInformation.cor_CreationDate,cor,Document Information,creationDate,/xbrli:xbrl/gl-cor:accountingEntries/gl-cor:documentInformation/gl-cor:creationDate
9,cor,3,A,,Creator,String,0..1,,Identifies the creator of the XBRL instance.,作成者,ファイルの作成者の識別子。,CO10-07,$.cor_AccountingEntries.cor_DocumentInformation.cor_Creator,cor,Document Information,creator,/xbrli:xbrl/gl-cor:accountingEntries/gl-cor:documentInformation/gl-cor:creator
10,cor,3,A,,Document Comment,String,0..1,,Text for entire document.,文書コメント,文書全体に対する説明文。,CO10-08,$.cor_AccountingEntries.cor_DocumentInformation.cor_DocumentComment,cor,Document Information,documentComment,/xbrli:xbrl/gl-cor:accountingEntries/gl-cor:documentInformation/gl-cor:documentComment
11,cor,3,A,,Period Covered Start,Date Time,0..1,,"Start of date range for contents. Used as basis for many assumptions about data, including the date as of which open balances are open.",対象期間開始日付,内容の日付範囲の開始日。 残高の開始日付などの、データに関する多くの仮定の基礎として使用される。,CO10-09,$.cor_AccountingEntries.cor_DocumentInformation.cor_PeriodCoveredStart,cor,Document Information,periodCoveredStart,/xbrli:xbrl/gl-cor:accountingEntries/gl-cor:documentInformation/gl-cor:periodCoveredStart
12,cor,3,A,,Period Covered End,Date Time,0..1,,"End of date range for contents. Used as basis for many assumptions about data, including the date as of which open balances are open.",対象期間終了日付,内容の日付範囲の終了日。 残高の開始日付などの、データに関する多くの仮定の基礎として使用される。,CO10-10,$.cor_AccountingEntries.cor_DocumentInformation.cor_PeriodCoveredEnd,cor,Document Information,periodCoveredEnd,/xbrli:xbrl/gl-cor:accountingEntries/gl-cor:documentInformation/gl-cor:periodCoveredEnd
13,cor,3,A,,Period Count,Decimal,0..1,,"Number of periods or buckets, used by postingCode. Used to interpret posting date. It may be preferable to limit entries by period covered to be by individual reporting period.",期間数,postingCodeで使用される期間又はバケットの数。 転記日付を説明するために使用される。対象期間の仕訳を個々の報告期間に限定することが望ましいかもしれない。,CO10-11,$.cor_AccountingEntries.cor_DocumentInformation.cor_PeriodCount,cor,Document Information,periodCount,/xbrli:xbrl/gl-cor:accountingEntries/gl-cor:documentInformation/gl-cor:periodCount
14,cor,3,A,,Period Unit,Token,0..1,,"Type of periods covered by periodCount. Enumerated as: daily, weekly, bi-weekly, semi-monthly, monthly, quarterly, thirdly, semiannual, annual, ad-hoc, current-period-only, other.",期間単位,"periodCountで対象とする期間の種別。_x000D_
[設定値のリスト]_x000D_
(daily：日次)、(weekly：週次)、(bi-weekly：隔週)、(semi-monthly：半月ごと)、(monthly：月次)、(quarterly：四半期ごと)、(thirdly：年3回)、(semiannual：半年ごと)、(annual：年次)、(ad-hoc：随時)、(current-period-only：当期)、(other：その他)",CO10-12,$.cor_AccountingEntries.cor_DocumentInformation.cor_PeriodUnit,cor,Document Information,periodUnit,/xbrli:xbrl/gl-cor:accountingEntries/gl-cor:documentInformation/gl-cor:periodUnit
15,cor,3,A,,Period Unit Description,String,0..1,,Free format description of the period unit,期間単位説明,対象期間単位の説明。,CO10-13,$.cor_AccountingEntries.cor_DocumentInformation.cor_PeriodUnitDescription,cor,Document Information,periodUnitDescription,/xbrli:xbrl/gl-cor:accountingEntries/gl-cor:documentInformation/gl-cor:periodUnitDescription
16,cor,3,A,,Source Application,String,0..1,,"Product or service that produced this file. Used by many systems (e.g., VAT). Version number can be included or extended.",作成元アプリケーション,このファイルを作り出した製品又はサービス。 多くのシステム(例えば、VATなど)で、使用される。 バージョン番号を含むことも可能。,CO10-14,$.cor_AccountingEntries.cor_DocumentInformation.cor_SourceApplication,cor,Document Information,sourceApplication,/xbrli:xbrl/gl-cor:accountingEntries/gl-cor:documentInformation/gl-cor:sourceApplication
17,cor,3,A,,Target Application,String,0..1,,Particular use for which file was generated.,対象アプリケーション,ファイルが作成された用途。,CO10-15,$.cor_AccountingEntries.cor_DocumentInformation.cor_TargetApplication,cor,Document Information,targetApplication,/xbrli:xbrl/gl-cor:accountingEntries/gl-cor:documentInformation/gl-cor:targetApplication
18,cor,3,A,,Default Currency,QName,0..1,,"The default currency related to the amount can be entered here instead of the XBRL instance specified way, especially important in multi-currency situations. Recommend ISO 4217 coding",既定通貨,XBRLインスタンス内に指定する方法のかわりに、金額の既定の通貨を指定可能。多通貨環境で特に重要。ISO4217コード体系を推奨。,CO10-16,$.cor_AccountingEntries.cor_DocumentInformation.cor_DefaultCurrency,cor,Document Information,defaultCurrency,/xbrli:xbrl/gl-cor:accountingEntries/gl-cor:documentInformation/gl-cor:defaultCurrency
19,lnk,3,C,,Summary Reporting Taxonomies,,0..*,,Identifies and provides information about one or more target reporting taxonomies to which the data represented in the document rolls up to.,【集約報告タクソノミ】,この文書で示されたデータのロールアップ先となる、1つ以上の報告タクソノミの情報を、識別し提供する。,CO10-17,$.cor_AccountingEntries.cor_DocumentInformation.cor_SummaryReportingTaxonomies,lnk,Summary Reporting Taxonomies,documentSummaryReportingTaxonomies,/xbrli:xbrl/gl-cor:accountingEntries/gl-cor:documentInformation/gl-lnk:documentSummaryReportingTaxonomies
20,lnk,4,A,,Summary Reporting Taxonomy ID,String,0..1,,"Identifies a target reporting taxonomy so that, for example, it can be referenced in the [summaryReportingTaxonomyIDRef] data field at [xbrlInfo] level.",集約報告タクソノミ識別子,たとえばxbrlInfo内のsummaryReportingTaxonomyIDRefで参照できるように、報告タクソノミを識別する。,LN02-01,$.cor_AccountingEntries.cor_DocumentInformation.cor_SummaryReportingTaxonomies.lnk_SummaryReportingTaxonomyID,lnk,Summary Reporting Taxonomies,documentSummaryReportingTaxonomyId,/xbrli:xbrl/gl-cor:accountingEntries/gl-cor:documentInformation/gl-lnk:documentSummaryReportingTaxonomies/gl-lnk:documentSummaryReportingTaxonomyId
21,lnk,4,A,,Summary Reporting Taxonomy Schema Reference Href Attribute,String,0..1,,Value of the href attribute of schemaRef in the target reporting taxonomy.,集約報告タクソノミスキーマ参照情報,報告タクソノミ内の、schemaRef要素のhref属性の値。,LN02-02,$.cor_AccountingEntries.cor_DocumentInformation.cor_SummaryReportingTaxonomies.lnk_SummaryReportingTaxonomySchemaReferenceHrefAttribute,lnk,Summary Reporting Taxonomies,documentSummaryReportingTaxonomySchemaReferenceHrefAttribute,/xbrli:xbrl/gl-cor:accountingEntries/gl-cor:documentInformation/gl-lnk:documentSummaryReportingTaxonomies/gl-lnk:documentSummaryReportingTaxonomySchemaReferenceHrefAttribute
22,lnk,4,A,,Summary Reporting Taxonomy Header,String,0..1,,An all-purpose data field where all the information necessary when it is too complex to be defined otherwise.,集約報告タクソノミヘッダ,必要なすべての情報が、複雑すぎて他の方法では定義できないときに、それらを記述する汎用的なデータ域。,LN02-03,$.cor_AccountingEntries.cor_DocumentInformation.cor_SummaryReportingTaxonomies.lnk_SummaryReportingTaxonomyHeader,lnk,Summary Reporting Taxonomies,documentSummaryReportingTaxonomyHeader,/xbrli:xbrl/gl-cor:accountingEntries/gl-cor:documentInformation/gl-lnk:documentSummaryReportingTaxonomies/gl-lnk:documentSummaryReportingTaxonomyHeader
23,lnk,4,A,,Summary Reporting Taxonomy Description,String,0..1,,A description of the taxonomy for human use.,集約報告タクソノミ説明,人が利用するための、タクソノミの説明文。,LN02-04,$.cor_AccountingEntries.cor_DocumentInformation.cor_SummaryReportingTaxonomies.lnk_SummaryReportingTaxonomyDescription,lnk,Summary Reporting Taxonomies,documentSummaryReportingTaxonomyDescription,/xbrli:xbrl/gl-cor:accountingEntries/gl-cor:documentInformation/gl-lnk:documentSummaryReportingTaxonomies/gl-lnk:documentSummaryReportingTaxonomyDescription
24,cor,2,C,,Entity_ Party,,0..1,,Holder for entity information - information about the reporting organization.,【事業体情報】,事業体情報（報告組織に関する情報）の入れ物。,CO23-02,$.cor_AccountingEntries.cor_Entity_Party,cor,Entity_ Party,entityParty,/xbrli:xbrl/gl-cor:accountingEntries/gl-cor:entityParty
25,cor,3,A,,Party Name,String,0..1,,Name of the party,,,CO14-01,$.cor_AccountingEntries.cor_Entity_Party.cor_PartyName,cor,Entity_ Party,entityPartyName,/xbrli:xbrl/gl-cor:accountingEntries/gl-cor:entityParty/gl-cor:entityPartyName
26,cor,3,A,,Party ID,String,0..1,,ID Number of the party,,,CO14-02,$.cor_AccountingEntries.cor_Entity_Party.cor_PartyID,cor,Entity_ Party,entityPartyId,/xbrli:xbrl/gl-cor:accountingEntries/gl-cor:entityParty/gl-cor:entityPartyId
27,cor,3,A,,Party Business Description,String,0..1,,Description of the nature of the business of the party.,業種説明,事業体の事業の種類についての説明。,CO14-03,$.cor_AccountingEntries.cor_Entity_Party.cor_PartyBusinessDescription,cor,Entity_ Party,entityPartyBusinessDescription,/xbrli:xbrl/gl-cor:accountingEntries/gl-cor:entityParty/gl-cor:entityPartyBusinessDescription
28,bus,3,C,,Party_ Phone,,0..*,,Primary phone number of the party.,【事業体電話番号】,事業体の主要電話番号情報。,CO14-04,$.cor_AccountingEntries.cor_Entity_Party.cor_Party_Phone,bus,Party_ Phone,entityPartyPhone,/xbrli:xbrl/gl-cor:accountingEntries/gl-cor:entityParty/gl-bus:entityPartyPhone
29,bus,4,A,PK,Phone Number,String,0..1,,Phone number referred to in Phone Number Description'\.,電話番号,電話番号用途で示される電話番号。,BU01-01,$.cor_AccountingEntries.cor_Entity_Party.cor_Party_Phone.bus_PhoneNumber,bus,Party_ Phone,entityPartyPhoneNumber,/xbrli:xbrl/gl-cor:accountingEntries/gl-cor:entityParty/gl-bus:entityPartyPhone/gl-bus:entityPartyPhoneNumber
30,bus,4,A,,Phone Number Description,String,0..1,,"Entity Phone Number Description such as Main, Investor relations. Enumerated as: bookkeeper, controller, direct, fax, investor-relations, main, switchboard, other.",電話番号用途,"代表、IR用などの、電話番号の用途。
[設定値のリスト]
(bookkeeper：記帳係)、(controller：会計責任者)、(direct：直通)、(fax：FAX)、(investor-relations：IR窓口)、(main：代表)、(switchboard：交換台)、(other：その他)",BU01-02,$.cor_AccountingEntries.cor_Entity_Party.cor_Party_Phone.bus_PhoneNumberDescription,bus,Party_ Phone,entityPartyPhoneNumberDescription,/xbrli:xbrl/gl-cor:accountingEntries/gl-cor:entityParty/gl-bus:entityPartyPhone/gl-bus:entityPartyPhoneNumberDescription
31,bus,3,C,,Party_ Fax,,0..*,,Class for holding company fax information.,【事業体FAX番号】,事業体のFAX番号情報のタプル。,CO14-05,$.cor_AccountingEntries.cor_Entity_Party.cor_Party_Fax,bus,Party_ Fax,entityPartyFax,/xbrli:xbrl/gl-cor:accountingEntries/gl-cor:entityParty/gl-bus:entityPartyFax
32,bus,4,A,PK,Fax Number,String,0..1,,Fax Number,FAX番号,FAX番号。,BU06-01,$.cor_AccountingEntries.cor_Entity_Party.cor_Party_Fax.bus_FaxNumber,bus,Party_ Fax,entityPartyFaxNumber,/xbrli:xbrl/gl-cor:accountingEntries/gl-cor:entityParty/gl-bus:entityPartyFax/gl-bus:entityPartyFaxNumber
33,bus,4,A,,Fax Number Usage,String,0..1,,"Fax number usage (e.g. orders, head office, IR)",FAX番号用途,FAX番号の用途。(注文、本社、IRなど),BU06-02,$.cor_AccountingEntries.cor_Entity_Party.cor_Party_Fax.bus_FaxNumberUsage,bus,Party_ Fax,entityPartyFaxNumberUsage,/xbrli:xbrl/gl-cor:accountingEntries/gl-cor:entityParty/gl-bus:entityPartyFax/gl-bus:entityPartyFaxNumberUsage
34,bus,3,C,,Party_ Email,,0..*,,Class for holding company email information.,【事業体Eメールアドレス】,事業体のEメールアドレス情報のタプル。,CO14-06,$.cor_AccountingEntries.cor_Entity_Party.cor_Party_Email,bus,Party_ Email,entityPartyEmail,/xbrli:xbrl/gl-cor:accountingEntries/gl-cor:entityParty/gl-bus:entityPartyEmail
35,bus,4,A,PK,Email Address,String,0..1,,Email Address,Eメールアドレス,Eメールアドレス。,BU11-01,$.cor_AccountingEntries.cor_Entity_Party.cor_Party_Email.bus_EmailAddress,bus,Party_ Email,entityPartyEmailAddress,/xbrli:xbrl/gl-cor:accountingEntries/gl-cor:entityParty/gl-bus:entityPartyEmail/gl-bus:entityPartyEmailAddress
36,bus,4,A,,Email Address Usage,String,0..1,,"Email address usage (e.g. orders, head office, IR)",Eメールアドレス用途,Eメールアドレスの用途。(注文、本社、IRなど),BU11-02,$.cor_AccountingEntries.cor_Entity_Party.cor_Party_Email.bus_EmailAddressUsage,bus,Party_ Email,entityPartyEmailAddressUsage,/xbrli:xbrl/gl-cor:accountingEntries/gl-cor:entityParty/gl-bus:entityPartyEmail/gl-bus:entityPartyEmailAddressUsage
37,bus,3,C,,Registered_ Organization Identifier,,0..*,Registered,Class which contains various identifiers for theparty.,【識別子】,組織に関する様々な識別子を含むセクション。,CO14-07,$.cor_AccountingEntries.cor_Entity_Party.cor_Registered_OrganizationIdentifier,bus,Organization Identifier,entityPartyRegisteredOrganizationIdentifier,/xbrli:xbrl/gl-cor:accountingEntries/gl-cor:entityParty/gl-bus:entityPartyRegisteredOrganizationIdentifier
38,bus,4,A,PK,Organization Identifier Code,String,0..1,,"Code representing the company or organization whose data this file represents: used for situations where one user (e.g., a CPA) needs to keep track of multiple organizations' files (e.g., multiple clients). Can be EIN#, client #, internal/external identifier, SIC code. Codes which identifies the entity. Includes the code identifier of the authority issuing the code, a colon, and the code itself. For example, CIK:01234567 for the CIK number issued by SEC EDGAR.",事業体識別子,このファイルでデータを表現している会社や組織のコード。ひとりのユーザ(例えば、公認会計士)が複数の組織(例えば、複数の顧客)のファイルを把握する必要がある場合に使用される。 EIN番号、顧客番号、内部/外部識別子、SICコードであってよい。事業体の識別子をコード化する。コードを発行する権威ある組織のコード識別子、コロン、およびコードそのものを含む。 例えば、SEC　EDGARが発行したCIK番号　CIK: 01234567。,BU30-01,$.cor_AccountingEntries.cor_Entity_Party.cor_Registered_OrganizationIdentifier.bus_OrganizationIdentifierCode,bus,Organization Identifier,entityPartyRegisteredOrganizationIdentifierCode,/xbrli:xbrl/gl-cor:accountingEntries/gl-cor:entityParty/gl-bus:entityPartyRegisteredOrganizationIdentifier/gl-bus:entityPartyRegisteredOrganizationIdentifierCode
39,bus,4,A,,Organization Identifier Description,String,0..1,,Text describing the organization identified by the organization identifier. Includes any relevant information about the code itself (e.g. issuing authority).,事業体説明,事業体識別子によって特定された組織の説明文。 コードに関するなんらかの記述情報。,BU30-02,$.cor_AccountingEntries.cor_Entity_Party.cor_Registered_OrganizationIdentifier.bus_OrganizationIdentifierDescription,bus,Organization Identifier,entityPartyRegisteredOrganizationIdentifierDescription,/xbrli:xbrl/gl-cor:accountingEntries/gl-cor:entityParty/gl-bus:entityPartyRegisteredOrganizationIdentifier/gl-bus:entityPartyRegisteredOrganizationIdentifierDescription
40,bus,3,C,,Party_ Address,,0..*,,Address class for the party,【住所】,報告事業体の住所構造体。,CO14-08,$.cor_AccountingEntries.cor_Entity_Party.cor_Party_Address,bus,Party_ Address,entityPartyAddress,/xbrli:xbrl/gl-cor:accountingEntries/gl-cor:entityParty/gl-bus:entityPartyAddress
41,bus,4,A,,Name,String,0..1,,Address Name,住所名,住所の名前。,BU21-01,$.cor_AccountingEntries.cor_Entity_Party.cor_Party_Address.bus_Name,bus,Party_ Address,entityPartyAddressName,/xbrli:xbrl/gl-cor:accountingEntries/gl-cor:entityParty/gl-bus:entityPartyAddress/gl-bus:entityPartyAddressName
42,bus,4,A,,Description,String,0..1,,Address Description,住所説明,住所の説明。,BU21-02,$.cor_AccountingEntries.cor_Entity_Party.cor_Party_Address.bus_Description,bus,Party_ Address,entityPartyAddressDescription,/xbrli:xbrl/gl-cor:accountingEntries/gl-cor:entityParty/gl-bus:entityPartyAddress/gl-bus:entityPartyAddressDescription
43,bus,4,A,,Purpose,String,0..1,,Address Purpose,住所目的,住所の目的。,BU21-03,$.cor_AccountingEntries.cor_Entity_Party.cor_Party_Address.bus_Purpose,bus,Party_ Address,entityPartyAddressPurpose,/xbrli:xbrl/gl-cor:accountingEntries/gl-cor:entityParty/gl-bus:entityPartyAddress/gl-bus:entityPartyAddressPurpose
44,bus,4,A,,Location ID,String,0..1,,A code used to identify the location and to associate it with contacts and transactions,所在地識別子,所在地を識別したり、窓口や取引と関係付けるコード。,BU21-04,$.cor_AccountingEntries.cor_Entity_Party.cor_Party_Address.bus_LocationID,bus,Party_ Address,entityPartyAddressLocationId,/xbrli:xbrl/gl-cor:accountingEntries/gl-cor:entityParty/gl-bus:entityPartyAddress/gl-bus:entityPartyAddressLocationId
45,bus,4,A,,Building Number,String,0..1,,Building Number,住所建物番号,建物番号。,BU21-05,$.cor_AccountingEntries.cor_Entity_Party.cor_Party_Address.bus_BuildingNumber,bus,Party_ Address,entityPartyAddressBuildingNumber,/xbrli:xbrl/gl-cor:accountingEntries/gl-cor:entityParty/gl-bus:entityPartyAddress/gl-bus:entityPartyAddressBuildingNumber
46,bus,4,A,,Street,String,0..1,,Street address,住所通り,住所の通り。,BU21-06,$.cor_AccountingEntries.cor_Entity_Party.cor_Party_Address.bus_Street,bus,Party_ Address,entityPartyAddressStreet,/xbrli:xbrl/gl-cor:accountingEntries/gl-cor:entityParty/gl-bus:entityPartyAddress/gl-bus:entityPartyAddressStreet
47,bus,4,A,,Address Detail,String,0..1,,Address Detail,住所詳細,住所詳細。,BU21-07,$.cor_AccountingEntries.cor_Entity_Party.cor_Party_Address.bus_AddressDetail,bus,Party_ Address,entityPartyAddressAddressDetail,/xbrli:xbrl/gl-cor:accountingEntries/gl-cor:entityParty/gl-bus:entityPartyAddress/gl-bus:entityPartyAddressAddressDetail
48,bus,4,A,,City,String,0..1,,City,住所都市,住所の都市。,BU21-08,$.cor_AccountingEntries.cor_Entity_Party.cor_Party_Address.bus_City,bus,Party_ Address,entityPartyAddressCity,/xbrli:xbrl/gl-cor:accountingEntries/gl-cor:entityParty/gl-bus:entityPartyAddress/gl-bus:entityPartyAddressCity
49,bus,4,A,,State or Province,String,0..1,,"State, province or region",住所州,住所の州や地方。,BU21-09,$.cor_AccountingEntries.cor_Entity_Party.cor_Party_Address.bus_StateorProvince,bus,Party_ Address,entityPartyAddressStateOrProvince,/xbrli:xbrl/gl-cor:accountingEntries/gl-cor:entityParty/gl-bus:entityPartyAddress/gl-bus:entityPartyAddressStateOrProvince
50,bus,4,A,,Country,String,0..1,,Country,住所国,住所の国。,BU21-10,$.cor_AccountingEntries.cor_Entity_Party.cor_Party_Address.bus_Country,bus,Party_ Address,entityPartyAddressCountry,/xbrli:xbrl/gl-cor:accountingEntries/gl-cor:entityParty/gl-bus:entityPartyAddress/gl-bus:entityPartyAddressCountry
51,bus,4,A,,Zip or Postal Code,String,0..1,,Zip or other postal code,住所郵便番号,住所の郵便番号。,BU21-11,$.cor_AccountingEntries.cor_Entity_Party.cor_Party_Address.bus_ZiporPostalCode,bus,Party_ Address,entityPartyAddressZipOrPostalCode,/xbrli:xbrl/gl-cor:accountingEntries/gl-cor:entityParty/gl-bus:entityPartyAddress/gl-bus:entityPartyAddressZipOrPostalCode
52,bus,4,A,,Active Indicator,Boolean,0..1,,"Boolean to indicate whether the address is active (=""true"") or inactive (=""false"")",住所有効性,住所が有効か無効かを示すブール値。,BU21-12,$.cor_AccountingEntries.cor_Entity_Party.cor_Party_Address.bus_ActiveIndicator,bus,Party_ Address,entityPartyAddressActiveIndicator,/xbrli:xbrl/gl-cor:accountingEntries/gl-cor:entityParty/gl-bus:entityPartyAddress/gl-bus:entityPartyAddressActiveIndicator
53,bus,3,C,,Party_ Web Site,,0..*,,Primary web site of the party.,【事業体Webサイト】,事業体の代表ウェブサイト。,CO14-09,$.cor_AccountingEntries.cor_Entity_Party.cor_Party_WebSite,bus,Party_ Web Site,entityPartyWebSite,/xbrli:xbrl/gl-cor:accountingEntries/gl-cor:entityParty/gl-bus:entityPartyWebSite
54,bus,4,A,PK,Web Site URL,anyURI,0..1,,Valid URL of the web site. Should be full URL.,WebサイトURL,ウェブサイトの有効なURL。 完全なURLであるべき。,BU16-01,$.cor_AccountingEntries.cor_Entity_Party.cor_Party_WebSite.bus_WebSiteURL,bus,Party_ Web Site,entityPartyWebSiteUrl,/xbrli:xbrl/gl-cor:accountingEntries/gl-cor:entityParty/gl-bus:entityPartyWebSite/gl-bus:entityPartyWebSiteUrl
55,bus,4,A,,Web Site Description,String,0..1,,Description of the web site.,Webサイト説明,ウェブサイトの説明。,BU16-02,$.cor_AccountingEntries.cor_Entity_Party.cor_Party_WebSite.bus_WebSiteDescription,bus,Party_ Web Site,entityPartyWebSiteDescription,/xbrli:xbrl/gl-cor:accountingEntries/gl-cor:entityParty/gl-bus:entityPartyWebSite/gl-bus:entityPartyWebSiteDescription
56,bus,3,C,,Party_ Contact,,0..*,,Information about contacts.,【担当者情報】,担当者に関する情報。,CO14-10,$.cor_AccountingEntries.cor_Entity_Party.cor_Party_Contact,bus,Party_ Contact,entityPartyContact,/xbrli:xbrl/gl-cor:accountingEntries/gl-cor:entityParty/gl-bus:entityPartyContact
57,bus,4,A,,Contact Prefix,String,0..1,,"Prefix (e.g. Dr., Mr., Mrs.)",敬称,敬称(Dr.、Mr.、Mrs.など),BU22-01,$.cor_AccountingEntries.cor_Entity_Party.cor_Party_Contact.bus_ContactPrefix,bus,Party_ Contact,entityPartyContactPrefix,/xbrli:xbrl/gl-cor:accountingEntries/gl-cor:entityParty/gl-bus:entityPartyContact/gl-bus:entityPartyContactPrefix
58,bus,4,A,,Contact Last Name,String,0..1,,Last or family name,姓,姓,BU22-02,$.cor_AccountingEntries.cor_Entity_Party.cor_Party_Contact.bus_ContactLastName,bus,Party_ Contact,entityPartyContactLastName,/xbrli:xbrl/gl-cor:accountingEntries/gl-cor:entityParty/gl-bus:entityPartyContact/gl-bus:entityPartyContactLastName
59,bus,4,A,,Contact First Name,String,0..1,,First or given name,名,名、クリスチャンネーム,BU22-03,$.cor_AccountingEntries.cor_Entity_Party.cor_Party_Contact.bus_ContactFirstName,bus,Party_ Contact,entityPartyContactFirstName,/xbrli:xbrl/gl-cor:accountingEntries/gl-cor:entityParty/gl-bus:entityPartyContact/gl-bus:entityPartyContactFirstName
60,bus,4,A,,Contact Suffix,String,0..1,,"Suffix (e.g. MD, CPA, Jr.)",付加名称,付加名称(MD、CPA、Jr.など),BU22-04,$.cor_AccountingEntries.cor_Entity_Party.cor_Party_Contact.bus_ContactSuffix,bus,Party_ Contact,entityPartyContactSuffix,/xbrli:xbrl/gl-cor:accountingEntries/gl-cor:entityParty/gl-bus:entityPartyContact/gl-bus:entityPartyContactSuffix
61,bus,4,A,,Contact Attention Line,String,0..1,,Attention Line,アテンションライン,アテンションライン,BU22-05,$.cor_AccountingEntries.cor_Entity_Party.cor_Party_Contact.bus_ContactAttentionLine,bus,Party_ Contact,entityPartyContactAttentionLine,/xbrli:xbrl/gl-cor:accountingEntries/gl-cor:entityParty/gl-bus:entityPartyContact/gl-bus:entityPartyContactAttentionLine
62,bus,4,A,,Contact Position Role,String,0..1,,Position or role,地位/役職,地位や役職。,BU22-06,$.cor_AccountingEntries.cor_Entity_Party.cor_Party_Contact.bus_ContactPositionRole,bus,Party_ Contact,entityPartyContactPositionRole,/xbrli:xbrl/gl-cor:accountingEntries/gl-cor:entityParty/gl-bus:entityPartyContact/gl-bus:entityPartyContactPositionRole
63,bus,4,A,,Contact Contact Type,String,0..1,,"Role of contact. Examples include: Source Service, Sender, Recipient, Invoicer, Auditor, Accountant",担当者役割,担当者の役割。例：ソースサービス、送付元、受取人、請求先、監査人、会計事務所。,BU22-07,$.cor_AccountingEntries.cor_Entity_Party.cor_Party_Contact.bus_ContactContactType,bus,Party_ Contact,entityPartyContactContactType,/xbrli:xbrl/gl-cor:accountingEntries/gl-cor:entityParty/gl-bus:entityPartyContact/gl-bus:entityPartyContactContactType
64,bus,4,A,,Contact Location ID cross reference,String,0..1,,This code is used to associate the contact with a specific location for the Entity. Its value should be the same as that of the organizationAddressLocationIdentifier,所在地相互参照情報,担当者と事業体の位置情報を関係付けるためのコード。organizationAddressLocationIdentifierと同じ値であるべき。,BU22-08,$.cor_AccountingEntries.cor_Entity_Party.cor_Party_Contact.bus_ContactLocationIDcrossreference,bus,Party_ Contact,entityPartyContactLocationIdCrossReference,/xbrli:xbrl/gl-cor:accountingEntries/gl-cor:entityParty/gl-bus:entityPartyContact/gl-bus:entityPartyContactLocationIdCrossReference
65,bus,4,A,,Contact Active,Boolean,0..1,,"Boolean to indicate whether the contact is active (=""true"") or inactive (=""false"")",担当者有効性,担当者が有効か無効かを示すブール値。,BU22-09,$.cor_AccountingEntries.cor_Entity_Party.cor_Party_Contact.bus_ContactActive,bus,Party_ Contact,entityPartyContactActive,/xbrli:xbrl/gl-cor:accountingEntries/gl-cor:entityParty/gl-bus:entityPartyContact/gl-bus:entityPartyContactActive
66,bus,4,C,,Contact_ Phone,,0..*,,Contact Phone Number,【担当者電話番号】,担当者の電話番号。,BU22-10,$.cor_AccountingEntries.cor_Entity_Party.cor_Party_Contact.bus_Contact_Phone,bus,Contact_ Phone,entityPartyContactPhone,/xbrli:xbrl/gl-cor:accountingEntries/gl-cor:entityParty/gl-bus:entityPartyContact/gl-bus:entityPartyContactPhone
67,bus,5,A,PK,Phone Number,String,0..1,,Phone number referred to in Phone Number Description'\.,電話番号,電話番号用途で示される電話番号。,BU03-01,$.cor_AccountingEntries.cor_Entity_Party.cor_Party_Contact.bus_Contact_Phone.bus_PhoneNumber,bus,Contact_ Phone,entityPartyContactPhoneNumber,/xbrli:xbrl/gl-cor:accountingEntries/gl-cor:entityParty/gl-bus:entityPartyContact/gl-bus:entityPartyContactPhone/gl-bus:entityPartyContactPhoneNumber
68,bus,5,A,,Phone Number Description,String,0..1,,"Entity Phone Number Description such as Main, Investor relations. Enumerated as: bookkeeper, controller, direct, fax, investor-relations, main, switchboard, other.",電話番号用途,"代表、IR用などの、電話番号の用途。
[設定値のリスト]
(bookkeeper：記帳係)、(controller：会計責任者)、(direct：直通)、(fax：FAX)、(investor-relations：IR窓口)、(main：代表)、(switchboard：交換台)、(other：その他)",BU03-02,$.cor_AccountingEntries.cor_Entity_Party.cor_Party_Contact.bus_Contact_Phone.bus_PhoneNumberDescription,bus,Contact_ Phone,entityPartyContactPhoneNumberDescription,/xbrli:xbrl/gl-cor:accountingEntries/gl-cor:entityParty/gl-bus:entityPartyContact/gl-bus:entityPartyContactPhone/gl-bus:entityPartyContactPhoneNumberDescription
69,bus,4,C,,Contact_ Fax,,0..*,,Contact Fax Number Class,【担当者FAX番号】,担当者のFAX番号の構造体。,BU22-11,$.cor_AccountingEntries.cor_Entity_Party.cor_Party_Contact.bus_Contact_Fax,bus,Contact_ Fax,entityPartyContactFax,/xbrli:xbrl/gl-cor:accountingEntries/gl-cor:entityParty/gl-bus:entityPartyContact/gl-bus:entityPartyContactFax
70,bus,5,A,PK,Fax Number,String,0..1,,Fax Number,FAX番号,FAX番号。,BU08-01,$.cor_AccountingEntries.cor_Entity_Party.cor_Party_Contact.bus_Contact_Fax.bus_FaxNumber,bus,Contact_ Fax,entityPartyContactFaxNumber,/xbrli:xbrl/gl-cor:accountingEntries/gl-cor:entityParty/gl-bus:entityPartyContact/gl-bus:entityPartyContactFax/gl-bus:entityPartyContactFaxNumber
71,bus,5,A,,Fax Number Usage,String,0..1,,"Fax number usage (e.g. orders, head office, IR)",FAX番号用途,FAX番号の用途。(注文、本社、IRなど),BU08-02,$.cor_AccountingEntries.cor_Entity_Party.cor_Party_Contact.bus_Contact_Fax.bus_FaxNumberUsage,bus,Contact_ Fax,entityPartyContactFaxNumberUsage,/xbrli:xbrl/gl-cor:accountingEntries/gl-cor:entityParty/gl-bus:entityPartyContact/gl-bus:entityPartyContactFax/gl-bus:entityPartyContactFaxNumberUsage
72,bus,4,C,,Contact_ Email,,0..*,,Contact E-mail address class,【担当者Eメールアドレス】,担当者のEメールアドレスの構造体。,BU22-12,$.cor_AccountingEntries.cor_Entity_Party.cor_Party_Contact.bus_Contact_Email,bus,Contact_ Email,entityPartyContactEmail,/xbrli:xbrl/gl-cor:accountingEntries/gl-cor:entityParty/gl-bus:entityPartyContact/gl-bus:entityPartyContactEmail
73,bus,5,A,PK,Email Address,String,0..1,,Email Address,Eメールアドレス,Eメールアドレス。,BU13-01,$.cor_AccountingEntries.cor_Entity_Party.cor_Party_Contact.bus_Contact_Email.bus_EmailAddress,bus,Contact_ Email,entityPartyContactEmailAddress,/xbrli:xbrl/gl-cor:accountingEntries/gl-cor:entityParty/gl-bus:entityPartyContact/gl-bus:entityPartyContactEmail/gl-bus:entityPartyContactEmailAddress
74,bus,5,A,,Email Address Usage,String,0..1,,"Email address usage (e.g. orders, head office, IR)",Eメールアドレス用途,Eメールアドレスの用途。(注文、本社、IRなど),BU13-02,$.cor_AccountingEntries.cor_Entity_Party.cor_Party_Contact.bus_Contact_Email.bus_EmailAddressUsage,bus,Contact_ Email,entityPartyContactEmailAddressUsage,/xbrli:xbrl/gl-cor:accountingEntries/gl-cor:entityParty/gl-bus:entityPartyContact/gl-bus:entityPartyContactEmail/gl-bus:entityPartyContactEmailAddressUsage
75,cor,3,A,,Default Accounting Method Purpose,Token,0..1,,"If not stated explicitly at the line level, the default reporting purpose - from book, tax, management, statutory, other",既定会計処理方法目的,"明細レベルで明確に指定しない場合の、既定の報告目的を表す。帳簿、税、管理、スタチュトリ、その他から選択する。_x000D_
[設定値のリスト]_x000D_
(book：帳簿)、(tax：税)、(management：管理)、(statutory：スタチュトリ)、(other：その他)",CO14-11,$.cor_AccountingEntries.cor_Entity_Party.cor_DefaultAccountingMethodPurpose,cor,Entity_ Party,entityDefaultAccountingMethodPurpose,/xbrli:xbrl/gl-cor:accountingEntries/gl-cor:entityParty/gl-cor:entityDefaultAccountingMethodPurpose
76,cor,3,A,,Default Accounting Method Purpose Description,String,0..1,,Free format description of the default accounting method purpose,既定会計処理方法目的説明,既定の会計処理方法目的の説明。,CO14-12,$.cor_AccountingEntries.cor_Entity_Party.cor_DefaultAccountingMethodPurposeDescription,cor,Entity_ Party,entityDefaultAccountingMethodPurposeDescription,/xbrli:xbrl/gl-cor:accountingEntries/gl-cor:entityParty/gl-cor:entityDefaultAccountingMethodPurposeDescription
77,cor,3,A,,Fiscal Year Start,Date,0..1,,"Start of fiscal year. Where appropriate, corporate year period representation permits non-365 or 366 day years (more appropriate for internal sharing than data from external sources), In Europe, some jurisdictions allow 2 year minus 1 day fiscal years.",会計年度開始日付,会計年度の開始日。妥当であれば、企業の会計年度表示において、366日や365日でない年も許可する（外部ソースからのデータより内部共有のための方が適している）。ヨーロッパでは、2年マイナス1日の会計年度を許可するところもある。,CO14-13,$.cor_AccountingEntries.cor_Entity_Party.cor_FiscalYearStart,cor,Entity_ Party,entityFiscalYearStart,/xbrli:xbrl/gl-cor:accountingEntries/gl-cor:entityParty/gl-cor:entityFiscalYearStart
78,cor,3,A,,Fiscal Year End,Date,0..1,,"End of fiscal year. Where appropriate, corporate year period representation permits non-365 or 366 day years (more appropriate for internal sharing than data from external sources), In Europe, some jurisdictions allow 2 year minus 1 day fiscal years.",会計年度終了日付,会計年度の終了日。妥当であれば、企業の会計年度表示において、366日や365日でない年も許可する（外部ソースからのデータより内部共有のための方が適している）。ヨーロッパでは、2年マイナス1日の会計年度を許可するところもある。,CO14-14,$.cor_AccountingEntries.cor_Entity_Party.cor_FiscalYearEnd,cor,Entity_ Party,entityFiscalYearEnd,/xbrli:xbrl/gl-cor:accountingEntries/gl-cor:entityParty/gl-cor:entityFiscalYearEnd
79,bus,3,C,,Specified_ Accounting Method Structure,,0..*,Specified,Class for identifying the methods of accounting used by the entity for different reporting purposes,【会計処理方法】,異なる報告目的に応じて事業体が使用する会計処理方法を識別するためのセクション。,CO14-15,$.cor_AccountingEntries.cor_Entity_Party.cor_Specified_AccountingMethodStructure,bus,Accounting Method Structure,entitySpecifiedAccountingMethodStructure,/xbrli:xbrl/gl-cor:accountingEntries/gl-cor:entityParty/gl-bus:entitySpecifiedAccountingMethodStructure
80,bus,4,A,,Accounting Method,Token,0..1,,"For this entity, the method of accounting represented - from: accrual, cash, modified cash, modified accrual, encumbrance, special methods, hybrid methods, other",会計処理方法,"事業体の会計処理方法を表す。発生基準、現金基準、修正現金基準、修正発生基準、債務基準、特別な方法、混合方法、その他_x000D_
[設定値のリスト]_x000D_
(accrual：発生基準)、(cash：現金基準)、(modified cash：修正現金基準)、(modified accrual：修正発生基準)、(encumbrance：債務基準)、(special methods：特別な方法)、(hybrid methods：混合方法)、(other：その他)",BU25-01,$.cor_AccountingEntries.cor_Entity_Party.cor_Specified_AccountingMethodStructure.bus_AccountingMethod,bus,Accounting Method Structure,entityAccountingMethod,/xbrli:xbrl/gl-cor:accountingEntries/gl-cor:entityParty/gl-bus:entitySpecifiedAccountingMethodStructure/gl-bus:entityAccountingMethod
81,bus,4,A,,Accounting Method Description,String,0..1,,Free format description of the accounting method,会計処理方法説明,会計処理方法の説明。,BU25-02,$.cor_AccountingEntries.cor_Entity_Party.cor_Specified_AccountingMethodStructure.bus_AccountingMethodDescription,bus,Accounting Method Structure,entityAccountingMethodDescription,/xbrli:xbrl/gl-cor:accountingEntries/gl-cor:entityParty/gl-bus:entitySpecifiedAccountingMethodStructure/gl-bus:entityAccountingMethodDescription
82,bus,4,A,,Accounting Method Purpose,Token,0..1,,"For this entity, the reporting purpose represented - from book, tax, management, statutory, other",会計処理方法目的,"事業体の報告の目的を表す。帳簿、税、管理、スタチュトリ、その他から選択する。_x000D_
[設定値のリスト]_x000D_
(book：帳簿)、(tax：税)、(management：管理)、(statutory：スタチュトリ)、(other：その他)",BU25-03,$.cor_AccountingEntries.cor_Entity_Party.cor_Specified_AccountingMethodStructure.bus_AccountingMethodPurpose,bus,Accounting Method Structure,entityAccountingMethodPurpose,/xbrli:xbrl/gl-cor:accountingEntries/gl-cor:entityParty/gl-bus:entitySpecifiedAccountingMethodStructure/gl-bus:entityAccountingMethodPurpose
83,bus,4,A,,Accounting Method Purpose Description,String,0..1,,Free format description of the accounting method purpose,会計処理方法目的説明,会計処理方法の目的の説明。,BU25-04,$.cor_AccountingEntries.cor_Entity_Party.cor_Specified_AccountingMethodStructure.bus_AccountingMethodPurposeDescription,bus,Accounting Method Structure,entityAccountingMethodPurposeDescription,/xbrli:xbrl/gl-cor:accountingEntries/gl-cor:entityParty/gl-bus:entitySpecifiedAccountingMethodStructure/gl-bus:entityAccountingMethodPurposeDescription
84,bus,4,A,,Accounting Method Start Date,Date Time,0..1,,Accounting Method Start Date,会計処理方法開始日付,会計処理方法の開始日。,BU25-05,$.cor_AccountingEntries.cor_Entity_Party.cor_Specified_AccountingMethodStructure.bus_AccountingMethodStartDate,bus,Accounting Method Structure,entityAccountingMethodStartDate,/xbrli:xbrl/gl-cor:accountingEntries/gl-cor:entityParty/gl-bus:entitySpecifiedAccountingMethodStructure/gl-bus:entityAccountingMethodStartDate
85,bus,4,A,,Accounting Method End Date,Date Time,0..1,,Accounting Method End Date,会計処理方法終了日付,会計処理方法の終了日。,BU25-06,$.cor_AccountingEntries.cor_Entity_Party.cor_Specified_AccountingMethodStructure.bus_AccountingMethodEndDate,bus,Accounting Method Structure,entityAccountingMethodEndDate,/xbrli:xbrl/gl-cor:accountingEntries/gl-cor:entityParty/gl-bus:entitySpecifiedAccountingMethodStructure/gl-bus:entityAccountingMethodEndDate
86,bus,3,C,,Assigned_ Accountant,,0..*,Assigned,Information about the relevant external accountant,【会計事務所情報】,関連する外部会計事務所に関する情報。,CO14-16,$.cor_AccountingEntries.cor_Entity_Party.cor_Assigned_Accountant,bus,Accountant,entityAssignedAccountant,/xbrli:xbrl/gl-cor:accountingEntries/gl-cor:entityParty/gl-bus:entityAssignedAccountant
87,bus,4,A,,Accountant Name,String,0..1,,Name of the accountant,会計事務所名,会計事務所の名前。,BU26-01,$.cor_AccountingEntries.cor_Entity_Party.cor_Assigned_Accountant.bus_AccountantName,bus,Accountant,entityAccountantName,/xbrli:xbrl/gl-cor:accountingEntries/gl-cor:entityParty/gl-bus:entityAssignedAccountant/gl-bus:entityAccountantName
88,bus,4,A,,Accountant Type of Engagement,Token,0..1,,"Type of engagement being performed by external accountant. Enumerated as: audit, review, compilation, tax, other.",契約種別,"外部会計事務所によって実行される契約の種別。_x000D_
[設定値のリスト]_x000D_
(audit：監査)、(review：検査)、(compilation：帳簿作成)、(tax：税)、(other：その他)",BU26-02,$.cor_AccountingEntries.cor_Entity_Party.cor_Assigned_Accountant.bus_AccountantTypeofEngagement,bus,Accountant,entityAccountantTypeOfEngagement,/xbrli:xbrl/gl-cor:accountingEntries/gl-cor:entityParty/gl-bus:entityAssignedAccountant/gl-bus:entityAccountantTypeOfEngagement
89,bus,4,A,,Accountant Type of Engagement Description,String,0..1,,Free format description of the type of engagement,契約種別説明,契約種別の説明。,BU26-03,$.cor_AccountingEntries.cor_Entity_Party.cor_Assigned_Accountant.bus_AccountantTypeofEngagementDescription,bus,Accountant,entityAccountantTypeOfEngagementDescription,/xbrli:xbrl/gl-cor:accountingEntries/gl-cor:entityParty/gl-bus:entityAssignedAccountant/gl-bus:entityAccountantTypeOfEngagementDescription
90,bus,4,C,,Accountant_ Address,,0..*,,Class which contains accountant address information.,【会計事務所住所】,会計事務所の住所情報を含むセクション。,BU26-04,$.cor_AccountingEntries.cor_Entity_Party.cor_Assigned_Accountant.bus_Accountant_Address,bus,Accountant_ Address,entityAccountantAddress,/xbrli:xbrl/gl-cor:accountingEntries/gl-cor:entityParty/gl-bus:entityAssignedAccountant/gl-bus:entityAccountantAddress
91,bus,5,A,,Name,String,0..1,,Address Name,住所名,住所の名前。,BU19-01,$.cor_AccountingEntries.cor_Entity_Party.cor_Assigned_Accountant.bus_Accountant_Address.bus_Name,bus,Accountant_ Address,entityAccountantAddressName,/xbrli:xbrl/gl-cor:accountingEntries/gl-cor:entityParty/gl-bus:entityAssignedAccountant/gl-bus:entityAccountantAddress/gl-bus:entityAccountantAddressName
92,bus,5,A,,Description,String,0..1,,Address Description,住所説明,住所の説明。,BU19-02,$.cor_AccountingEntries.cor_Entity_Party.cor_Assigned_Accountant.bus_Accountant_Address.bus_Description,bus,Accountant_ Address,entityAccountantAddressDescription,/xbrli:xbrl/gl-cor:accountingEntries/gl-cor:entityParty/gl-bus:entityAssignedAccountant/gl-bus:entityAccountantAddress/gl-bus:entityAccountantAddressDescription
93,bus,5,A,,Purpose,String,0..1,,Address Purpose,住所目的,住所の目的。,BU19-03,$.cor_AccountingEntries.cor_Entity_Party.cor_Assigned_Accountant.bus_Accountant_Address.bus_Purpose,bus,Accountant_ Address,entityAccountantAddressPurpose,/xbrli:xbrl/gl-cor:accountingEntries/gl-cor:entityParty/gl-bus:entityAssignedAccountant/gl-bus:entityAccountantAddress/gl-bus:entityAccountantAddressPurpose
94,bus,5,A,,Location ID,String,0..1,,A code used to identify the location and to associate it with contacts and transactions,所在地識別子,所在地を識別したり、窓口や取引と関係付けるコード。,BU19-04,$.cor_AccountingEntries.cor_Entity_Party.cor_Assigned_Accountant.bus_Accountant_Address.bus_LocationID,bus,Accountant_ Address,entityAccountantAddressLocationId,/xbrli:xbrl/gl-cor:accountingEntries/gl-cor:entityParty/gl-bus:entityAssignedAccountant/gl-bus:entityAccountantAddress/gl-bus:entityAccountantAddressLocationId
95,bus,5,A,,Building Number,String,0..1,,Building Number,住所建物番号,建物番号。,BU19-05,$.cor_AccountingEntries.cor_Entity_Party.cor_Assigned_Accountant.bus_Accountant_Address.bus_BuildingNumber,bus,Accountant_ Address,entityAccountantAddressBuildingNumber,/xbrli:xbrl/gl-cor:accountingEntries/gl-cor:entityParty/gl-bus:entityAssignedAccountant/gl-bus:entityAccountantAddress/gl-bus:entityAccountantAddressBuildingNumber
96,bus,5,A,,Street,String,0..1,,Street address,住所通り,住所の通り。,BU19-06,$.cor_AccountingEntries.cor_Entity_Party.cor_Assigned_Accountant.bus_Accountant_Address.bus_Street,bus,Accountant_ Address,entityAccountantAddressStreet,/xbrli:xbrl/gl-cor:accountingEntries/gl-cor:entityParty/gl-bus:entityAssignedAccountant/gl-bus:entityAccountantAddress/gl-bus:entityAccountantAddressStreet
97,bus,5,A,,Address Detail,String,0..1,,Address Detail,住所詳細,住所詳細。,BU19-07,$.cor_AccountingEntries.cor_Entity_Party.cor_Assigned_Accountant.bus_Accountant_Address.bus_AddressDetail,bus,Accountant_ Address,entityAccountantAddressAddressDetail,/xbrli:xbrl/gl-cor:accountingEntries/gl-cor:entityParty/gl-bus:entityAssignedAccountant/gl-bus:entityAccountantAddress/gl-bus:entityAccountantAddressAddressDetail
98,bus,5,A,,City,String,0..1,,City,住所都市,住所の都市。,BU19-08,$.cor_AccountingEntries.cor_Entity_Party.cor_Assigned_Accountant.bus_Accountant_Address.bus_City,bus,Accountant_ Address,entityAccountantAddressCity,/xbrli:xbrl/gl-cor:accountingEntries/gl-cor:entityParty/gl-bus:entityAssignedAccountant/gl-bus:entityAccountantAddress/gl-bus:entityAccountantAddressCity
99,bus,5,A,,State or Province,String,0..1,,"State, province or region",住所州,住所の州や地方。,BU19-09,$.cor_AccountingEntries.cor_Entity_Party.cor_Assigned_Accountant.bus_Accountant_Address.bus_StateorProvince,bus,Accountant_ Address,entityAccountantAddressStateOrProvince,/xbrli:xbrl/gl-cor:accountingEntries/gl-cor:entityParty/gl-bus:entityAssignedAccountant/gl-bus:entityAccountantAddress/gl-bus:entityAccountantAddressStateOrProvince
100,bus,5,A,,Country,String,0..1,,Country,住所国,住所の国。,BU19-10,$.cor_AccountingEntries.cor_Entity_Party.cor_Assigned_Accountant.bus_Accountant_Address.bus_Country,bus,Accountant_ Address,entityAccountantAddressCountry,/xbrli:xbrl/gl-cor:accountingEntries/gl-cor:entityParty/gl-bus:entityAssignedAccountant/gl-bus:entityAccountantAddress/gl-bus:entityAccountantAddressCountry
101,bus,5,A,,Zip or Postal Code,String,0..1,,Zip or other postal code,住所郵便番号,住所の郵便番号。,BU19-11,$.cor_AccountingEntries.cor_Entity_Party.cor_Assigned_Accountant.bus_Accountant_Address.bus_ZiporPostalCode,bus,Accountant_ Address,entityAccountantAddressZipOrPostalCode,/xbrli:xbrl/gl-cor:accountingEntries/gl-cor:entityParty/gl-bus:entityAssignedAccountant/gl-bus:entityAccountantAddress/gl-bus:entityAccountantAddressZipOrPostalCode
102,bus,5,A,,Active Indicator,Boolean,0..1,,"Boolean to indicate whether the address is active (=""true"") or inactive (=""false"")",住所有効性,住所が有効か無効かを示すブール値。,BU19-12,$.cor_AccountingEntries.cor_Entity_Party.cor_Assigned_Accountant.bus_Accountant_Address.bus_ActiveIndicator,bus,Accountant_ Address,entityAccountantAddressActiveIndicator,/xbrli:xbrl/gl-cor:accountingEntries/gl-cor:entityParty/gl-bus:entityAssignedAccountant/gl-bus:entityAccountantAddress/gl-bus:entityAccountantAddressActiveIndicator
103,bus,4,C,,Accountant_ Contact,,0..*,,Accountant Contact Information Class,【会計事務所担当者情報】,会計事務所の担当者情報の構造体。,BU26-05,$.cor_AccountingEntries.cor_Entity_Party.cor_Assigned_Accountant.bus_Accountant_Contact,bus,Accountant_ Contact,entityAccountantContact,/xbrli:xbrl/gl-cor:accountingEntries/gl-cor:entityParty/gl-bus:entityAssignedAccountant/gl-bus:entityAccountantContact
104,bus,5,A,,Contact Prefix,String,0..1,,"Prefix (e.g. Dr., Mr., Mrs.)",敬称,敬称(Dr.、Mr.、Mrs.など),BU24-01,$.cor_AccountingEntries.cor_Entity_Party.cor_Assigned_Accountant.bus_Accountant_Contact.bus_ContactPrefix,bus,Accountant_ Contact,entityAccountantContactPrefix,/xbrli:xbrl/gl-cor:accountingEntries/gl-cor:entityParty/gl-bus:entityAssignedAccountant/gl-bus:entityAccountantContact/gl-bus:entityAccountantContactPrefix
105,bus,5,A,,Contact Last Name,String,0..1,,Last or family name,姓,姓,BU24-02,$.cor_AccountingEntries.cor_Entity_Party.cor_Assigned_Accountant.bus_Accountant_Contact.bus_ContactLastName,bus,Accountant_ Contact,entityAccountantContactLastName,/xbrli:xbrl/gl-cor:accountingEntries/gl-cor:entityParty/gl-bus:entityAssignedAccountant/gl-bus:entityAccountantContact/gl-bus:entityAccountantContactLastName
106,bus,5,A,,Contact First Name,String,0..1,,First or given name,名,名、クリスチャンネーム,BU24-03,$.cor_AccountingEntries.cor_Entity_Party.cor_Assigned_Accountant.bus_Accountant_Contact.bus_ContactFirstName,bus,Accountant_ Contact,entityAccountantContactFirstName,/xbrli:xbrl/gl-cor:accountingEntries/gl-cor:entityParty/gl-bus:entityAssignedAccountant/gl-bus:entityAccountantContact/gl-bus:entityAccountantContactFirstName
107,bus,5,A,,Contact Suffix,String,0..1,,"Suffix (e.g. MD, CPA, Jr.)",付加名称,付加名称(MD、CPA、Jr.など),BU24-04,$.cor_AccountingEntries.cor_Entity_Party.cor_Assigned_Accountant.bus_Accountant_Contact.bus_ContactSuffix,bus,Accountant_ Contact,entityAccountantContactSuffix,/xbrli:xbrl/gl-cor:accountingEntries/gl-cor:entityParty/gl-bus:entityAssignedAccountant/gl-bus:entityAccountantContact/gl-bus:entityAccountantContactSuffix
108,bus,5,A,,Contact Attention Line,String,0..1,,Attention Line,アテンションライン,アテンションライン,BU24-05,$.cor_AccountingEntries.cor_Entity_Party.cor_Assigned_Accountant.bus_Accountant_Contact.bus_ContactAttentionLine,bus,Accountant_ Contact,entityAccountantContactAttentionLine,/xbrli:xbrl/gl-cor:accountingEntries/gl-cor:entityParty/gl-bus:entityAssignedAccountant/gl-bus:entityAccountantContact/gl-bus:entityAccountantContactAttentionLine
109,bus,5,A,,Contact Position Role,String,0..1,,Position or role,地位/役職,地位や役職。,BU24-06,$.cor_AccountingEntries.cor_Entity_Party.cor_Assigned_Accountant.bus_Accountant_Contact.bus_ContactPositionRole,bus,Accountant_ Contact,entityAccountantContactPositionRole,/xbrli:xbrl/gl-cor:accountingEntries/gl-cor:entityParty/gl-bus:entityAssignedAccountant/gl-bus:entityAccountantContact/gl-bus:entityAccountantContactPositionRole
110,bus,5,A,,Contact Contact Type,String,0..1,,"Role of contact. Examples include: Source Service, Sender, Recipient, Invoicer, Auditor, Accountant",担当者役割,担当者の役割。例：ソースサービス、送付元、受取人、請求先、監査人、会計事務所。,BU24-07,$.cor_AccountingEntries.cor_Entity_Party.cor_Assigned_Accountant.bus_Accountant_Contact.bus_ContactContactType,bus,Accountant_ Contact,entityAccountantContactContactType,/xbrli:xbrl/gl-cor:accountingEntries/gl-cor:entityParty/gl-bus:entityAssignedAccountant/gl-bus:entityAccountantContact/gl-bus:entityAccountantContactContactType
111,bus,5,A,,Contact Location ID cross reference,String,0..1,,This code is used to associate the contact with a specific location for the Entity. Its value should be the same as that of the organizationAddressLocationIdentifier,所在地相互参照情報,担当者と事業体の位置情報を関係付けるためのコード。organizationAddressLocationIdentifierと同じ値であるべき。,BU24-08,$.cor_AccountingEntries.cor_Entity_Party.cor_Assigned_Accountant.bus_Accountant_Contact.bus_ContactLocationIDcrossreference,bus,Accountant_ Contact,entityAccountantContactLocationIdCrossReference,/xbrli:xbrl/gl-cor:accountingEntries/gl-cor:entityParty/gl-bus:entityAssignedAccountant/gl-bus:entityAccountantContact/gl-bus:entityAccountantContactLocationIdCrossReference
112,bus,5,A,,Contact Active,Boolean,0..1,,"Boolean to indicate whether the contact is active (=""true"") or inactive (=""false"")",担当者有効性,担当者が有効か無効かを示すブール値。,BU24-09,$.cor_AccountingEntries.cor_Entity_Party.cor_Assigned_Accountant.bus_Accountant_Contact.bus_ContactActive,bus,Accountant_ Contact,entityAccountantContactActive,/xbrli:xbrl/gl-cor:accountingEntries/gl-cor:entityParty/gl-bus:entityAssignedAccountant/gl-bus:entityAccountantContact/gl-bus:entityAccountantContactActive
113,bus,5,C,,Contact_ Phone,,0..*,,Contact Phone Number,【担当者電話番号】,担当者の電話番号。,BU24-10,$.cor_AccountingEntries.cor_Entity_Party.cor_Assigned_Accountant.bus_Accountant_Contact.bus_Contact_Phone,bus,Contact_ Phone,entityAccountantContactPhone,/xbrli:xbrl/gl-cor:accountingEntries/gl-cor:entityParty/gl-bus:entityAssignedAccountant/gl-bus:entityAccountantContact/gl-bus:entityAccountantContactPhone
114,bus,6,A,PK,Phone Number,String,0..1,,Phone number referred to in Phone Number Description'\.,電話番号,電話番号用途で示される電話番号。,BU03-01,$.cor_AccountingEntries.cor_Entity_Party.cor_Assigned_Accountant.bus_Accountant_Contact.bus_Contact_Phone.bus_PhoneNumber,bus,Contact_ Phone,entityAccountantContactPhoneNumber,/xbrli:xbrl/gl-cor:accountingEntries/gl-cor:entityParty/gl-bus:entityAssignedAccountant/gl-bus:entityAccountantContact/gl-bus:entityAccountantContactPhone/gl-bus:entityAccountantContactPhoneNumber
115,bus,6,A,,Phone Number Description,String,0..1,,"Entity Phone Number Description such as Main, Investor relations. Enumerated as: bookkeeper, controller, direct, fax, investor-relations, main, switchboard, other.",電話番号用途,"代表、IR用などの、電話番号の用途。
[設定値のリスト]
(bookkeeper：記帳係)、(controller：会計責任者)、(direct：直通)、(fax：FAX)、(investor-relations：IR窓口)、(main：代表)、(switchboard：交換台)、(other：その他)",BU03-02,$.cor_AccountingEntries.cor_Entity_Party.cor_Assigned_Accountant.bus_Accountant_Contact.bus_Contact_Phone.bus_PhoneNumberDescription,bus,Contact_ Phone,entityAccountantContactPhoneNumberDescription,/xbrli:xbrl/gl-cor:accountingEntries/gl-cor:entityParty/gl-bus:entityAssignedAccountant/gl-bus:entityAccountantContact/gl-bus:entityAccountantContactPhone/gl-bus:entityAccountantContactPhoneNumberDescription
116,bus,5,C,,Contact_ Fax,,0..*,,Contact Fax Number Class,【担当者FAX番号】,担当者のFAX番号の構造体。,BU24-11,$.cor_AccountingEntries.cor_Entity_Party.cor_Assigned_Accountant.bus_Accountant_Contact.bus_Contact_Fax,bus,Contact_ Fax,entityAccountantContactFax,/xbrli:xbrl/gl-cor:accountingEntries/gl-cor:entityParty/gl-bus:entityAssignedAccountant/gl-bus:entityAccountantContact/gl-bus:entityAccountantContactFax
117,bus,6,A,PK,Fax Number,String,0..1,,Fax Number,FAX番号,FAX番号。,BU08-01,$.cor_AccountingEntries.cor_Entity_Party.cor_Assigned_Accountant.bus_Accountant_Contact.bus_Contact_Fax.bus_FaxNumber,bus,Contact_ Fax,entityAccountantContactFaxNumber,/xbrli:xbrl/gl-cor:accountingEntries/gl-cor:entityParty/gl-bus:entityAssignedAccountant/gl-bus:entityAccountantContact/gl-bus:entityAccountantContactFax/gl-bus:entityAccountantContactFaxNumber
118,bus,6,A,,Fax Number Usage,String,0..1,,"Fax number usage (e.g. orders, head office, IR)",FAX番号用途,FAX番号の用途。(注文、本社、IRなど),BU08-02,$.cor_AccountingEntries.cor_Entity_Party.cor_Assigned_Accountant.bus_Accountant_Contact.bus_Contact_Fax.bus_FaxNumberUsage,bus,Contact_ Fax,entityAccountantContactFaxNumberUsage,/xbrli:xbrl/gl-cor:accountingEntries/gl-cor:entityParty/gl-bus:entityAssignedAccountant/gl-bus:entityAccountantContact/gl-bus:entityAccountantContactFax/gl-bus:entityAccountantContactFaxNumberUsage
119,bus,5,C,,Contact_ Email,,0..*,,Contact E-mail address class,【担当者Eメールアドレス】,担当者のEメールアドレスの構造体。,BU24-12,$.cor_AccountingEntries.cor_Entity_Party.cor_Assigned_Accountant.bus_Accountant_Contact.bus_Contact_Email,bus,Contact_ Email,entityAccountantContactEmail,/xbrli:xbrl/gl-cor:accountingEntries/gl-cor:entityParty/gl-bus:entityAssignedAccountant/gl-bus:entityAccountantContact/gl-bus:entityAccountantContactEmail
120,bus,6,A,PK,Email Address,String,0..1,,Email Address,Eメールアドレス,Eメールアドレス。,BU13-01,$.cor_AccountingEntries.cor_Entity_Party.cor_Assigned_Accountant.bus_Accountant_Contact.bus_Contact_Email.bus_EmailAddress,bus,Contact_ Email,entityAccountantContactEmailAddress,/xbrli:xbrl/gl-cor:accountingEntries/gl-cor:entityParty/gl-bus:entityAssignedAccountant/gl-bus:entityAccountantContact/gl-bus:entityAccountantContactEmail/gl-bus:entityAccountantContactEmailAddress
121,bus,6,A,,Email Address Usage,String,0..1,,"Email address usage (e.g. orders, head office, IR)",Eメールアドレス用途,Eメールアドレスの用途。(注文、本社、IRなど),BU13-02,$.cor_AccountingEntries.cor_Entity_Party.cor_Assigned_Accountant.bus_Accountant_Contact.bus_Contact_Email.bus_EmailAddressUsage,bus,Contact_ Email,entityAccountantContactEmailAddressUsage,/xbrli:xbrl/gl-cor:accountingEntries/gl-cor:entityParty/gl-bus:entityAssignedAccountant/gl-bus:entityAccountantContact/gl-bus:entityAccountantContactEmail/gl-bus:entityAccountantContactEmailAddressUsage
122,bus,3,C,,Specified_ Reporting Calendar,,0..*,Specified,A tool to collect the periods used to summarise results from transactions.,【報告カレンダー】,取引の結果をまとめるための期間を集めるもの。,CO14-17,$.cor_AccountingEntries.cor_Entity_Party.cor_Specified_ReportingCalendar,bus,Reporting Calendar,entitySpecifiedReportingCalendar,/xbrli:xbrl/gl-cor:accountingEntries/gl-cor:entityParty/gl-bus:entitySpecifiedReportingCalendar
123,bus,4,A,PK,Reporting Calendar Code,String,0..1,,"The code used to identify this specific reporting calendar, unique across periods",報告カレンダーコード,この報告カレンダーを識別するコード。複数期間にわたって一意。,BU29-01,$.cor_AccountingEntries.cor_Entity_Party.cor_Specified_ReportingCalendar.bus_ReportingCalendarCode,bus,Reporting Calendar,entitySpecifiedReportingCalendarCode,/xbrli:xbrl/gl-cor:accountingEntries/gl-cor:entityParty/gl-bus:entitySpecifiedReportingCalendar/gl-bus:entitySpecifiedReportingCalendarCode
124,bus,4,A,,Reporting Calendar Description,String,0..1,,A description of the reporting calendar (associated with the reportingCalendarCode given),報告カレンダー説明,報告カレンダーの説明（reportingCalendarCodeと関係付けられる）。,BU29-02,$.cor_AccountingEntries.cor_Entity_Party.cor_Specified_ReportingCalendar.bus_ReportingCalendarDescription,bus,Reporting Calendar,entitySpecifiedReportingCalendarDescription,/xbrli:xbrl/gl-cor:accountingEntries/gl-cor:entityParty/gl-bus:entitySpecifiedReportingCalendar/gl-bus:entitySpecifiedReportingCalendarDescription
125,bus,4,A,,Reporting Calendar Title,String,0..1,,A description of the reporting period. The actual beginning and ending dates are found within the 'reportingCalendarPeriod' class,報告カレンダータイトル,報告期間の説明。実際の開始日及び終了日はreportingCalendarPeriodに記述する。,BU29-03,$.cor_AccountingEntries.cor_Entity_Party.cor_Specified_ReportingCalendar.bus_ReportingCalendarTitle,bus,Reporting Calendar,entitySpecifiedReportingCalendarTitle,/xbrli:xbrl/gl-cor:accountingEntries/gl-cor:entityParty/gl-bus:entitySpecifiedReportingCalendar/gl-bus:entitySpecifiedReportingCalendarTitle
126,bus,4,A,,Reporting Calendar Period Type,Token,0..1,,"A code for the type of period involved. Enumerated as: monthly, quarterly, semi-annually, 4-5-4, ad-hoc, other.",期間種別コード,"報告期間の種別コード。月次、四半期ごと、半期ごと、4-5-4、随時、その他_x000D_
[設定値のリスト]_x000D_
(monthly：月次)、(quarterly：四半期ごと)、(semi-annually：半期ごと)、(4-5-4：4-5-4)、(ad-hoc：随時)、(other：その他)",BU29-04,$.cor_AccountingEntries.cor_Entity_Party.cor_Specified_ReportingCalendar.bus_ReportingCalendarPeriodType,bus,Reporting Calendar,entitySpecifiedReportingCalendarPeriodType,/xbrli:xbrl/gl-cor:accountingEntries/gl-cor:entityParty/gl-bus:entitySpecifiedReportingCalendar/gl-bus:entitySpecifiedReportingCalendarPeriodType
127,bus,4,A,,Reporting Calendar Period Type Description,String,0..1,,A description of the type of period involved.,期間種別説明,報告期間の種別の説明。,BU29-05,$.cor_AccountingEntries.cor_Entity_Party.cor_Specified_ReportingCalendar.bus_ReportingCalendarPeriodTypeDescription,bus,Reporting Calendar,entitySpecifiedReportingCalendarPeriodTypeDescription,/xbrli:xbrl/gl-cor:accountingEntries/gl-cor:entityParty/gl-bus:entitySpecifiedReportingCalendar/gl-bus:entitySpecifiedReportingCalendarPeriodTypeDescription
128,bus,4,A,,Reporting Calendar Closed Status,Token,0..1,,"An identifier on whether the reporting calendar is still open for activity. enumerated, ""open"", ""closed"", ""pending""",締状態,"報告カレンダーがオープンかどうかを示す識別子。オープン、締切り済み、保留中_x000D_
[設定値のリスト]_x000D_
(open：オープン)、(closed：締切り済み)、(pending：保留中)",BU29-06,$.cor_AccountingEntries.cor_Entity_Party.cor_Specified_ReportingCalendar.bus_ReportingCalendarClosedStatus,bus,Reporting Calendar,entitySpecifiedReportingCalendarClosedStatus,/xbrli:xbrl/gl-cor:accountingEntries/gl-cor:entityParty/gl-bus:entitySpecifiedReportingCalendar/gl-bus:entitySpecifiedReportingCalendarClosedStatus
129,bus,4,A,,Reporting Calendar Purpose,Token,0..1,,A description of the accounting set of books involved. Uses enumeration from accounting method purpose.,報告目的,"帳簿の集合の説明。会計処理方法の目的の列挙値を使用する。_x000D_
[設定値のリスト]_x000D_
(book：帳簿)、(tax：税)、(management：管理)、(statutory：スタチュトリ)、(other：その他)",BU29-07,$.cor_AccountingEntries.cor_Entity_Party.cor_Specified_ReportingCalendar.bus_ReportingCalendarPurpose,bus,Reporting Calendar,entitySpecifiedReportingCalendarPurpose,/xbrli:xbrl/gl-cor:accountingEntries/gl-cor:entityParty/gl-bus:entitySpecifiedReportingCalendar/gl-bus:entitySpecifiedReportingCalendarPurpose
130,bus,4,A,,Reporting Calendar Purpose Description,String,0..1,,Free format description of the reporting purpose,報告目的説明,報告目的の説明。,BU29-08,$.cor_AccountingEntries.cor_Entity_Party.cor_Specified_ReportingCalendar.bus_ReportingCalendarPurposeDescription,bus,Reporting Calendar,entitySpecifiedReportingCalendarPurposeDescription,/xbrli:xbrl/gl-cor:accountingEntries/gl-cor:entityParty/gl-bus:entitySpecifiedReportingCalendar/gl-bus:entitySpecifiedReportingCalendarPurposeDescription
131,bus,4,C,,Reporting Calendar_ Period,,0..*,,A tool to collect a specific set of periods used to summarize results from transactions.,【報告カレンダー期間】,取引の結果をまとめるための特定の期間を集めるもの。,BU29-09,$.cor_AccountingEntries.cor_Entity_Party.cor_Specified_ReportingCalendar.bus_ReportingCalendar_Period,bus,Reporting Calendar_ Period,entitySpecifiedReportingCalendarPeriod,/xbrli:xbrl/gl-cor:accountingEntries/gl-cor:entityParty/gl-bus:entitySpecifiedReportingCalendar/gl-bus:entitySpecifiedReportingCalendarPeriod
132,bus,5,A,PK,Period ID,String,0..1,,An identifier for this period in this calendar,報告期間識別子,このカレンダーにおけるこの期間の識別子。,BU28-01,$.cor_AccountingEntries.cor_Entity_Party.cor_Specified_ReportingCalendar.bus_ReportingCalendar_Period.bus_PeriodID,bus,Reporting Calendar_ Period,entitySpecifiedReportingPeriodId,/xbrli:xbrl/gl-cor:accountingEntries/gl-cor:entityParty/gl-bus:entitySpecifiedReportingCalendar/gl-bus:entitySpecifiedReportingCalendarPeriod/gl-bus:entitySpecifiedReportingPeriodId
133,bus,5,A,,Period Description,String,0..1,,A description of this specific reporting period in this calendar.,期間説明,このカレンダーにおけるこの特定の期間の説明。,BU28-02,$.cor_AccountingEntries.cor_Entity_Party.cor_Specified_ReportingCalendar.bus_ReportingCalendar_Period.bus_PeriodDescription,bus,Reporting Calendar_ Period,entitySpecifiedReportingPeriodDescription,/xbrli:xbrl/gl-cor:accountingEntries/gl-cor:entityParty/gl-bus:entitySpecifiedReportingCalendar/gl-bus:entitySpecifiedReportingCalendarPeriod/gl-bus:entitySpecifiedReportingPeriodDescription
134,bus,5,A,,Period Start Date,Date Time,0..1,,The beginning date/time of a period,期間開始日付,期間の開始日付/時刻,BU28-03,$.cor_AccountingEntries.cor_Entity_Party.cor_Specified_ReportingCalendar.bus_ReportingCalendar_Period.bus_PeriodStartDate,bus,Reporting Calendar_ Period,entitySpecifiedReportingPeriodStartDate,/xbrli:xbrl/gl-cor:accountingEntries/gl-cor:entityParty/gl-bus:entitySpecifiedReportingCalendar/gl-bus:entitySpecifiedReportingCalendarPeriod/gl-bus:entitySpecifiedReportingPeriodStartDate
135,bus,5,A,,Period End Date,Date Time,0..1,,The ending date/time of a period,期間終了日付,期間の終了日付/時刻,BU28-04,$.cor_AccountingEntries.cor_Entity_Party.cor_Specified_ReportingCalendar.bus_ReportingCalendar_Period.bus_PeriodEndDate,bus,Reporting Calendar_ Period,entitySpecifiedReportingPeriodEndDate,/xbrli:xbrl/gl-cor:accountingEntries/gl-cor:entityParty/gl-bus:entitySpecifiedReportingCalendar/gl-bus:entitySpecifiedReportingCalendarPeriod/gl-bus:entitySpecifiedReportingPeriodEndDate
136,bus,5,A,,Reporting Calendar_ Period Closed Date,Date Time,0..1,,"The date/time a period has been closed for activity. If this is present with a nill value (xsi:nill=""true"") then the period is not closed.",期間締日付,"この期間の活動が締め切られた日付/時刻。この値がニル値(xsi:nill=""true"")であれば、この期間は、締め切られていない。",BU28-05,$.cor_AccountingEntries.cor_Entity_Party.cor_Specified_ReportingCalendar.bus_ReportingCalendar_Period.bus_ReportingCalendar_PeriodClosedDate,bus,Reporting Calendar_ Period,entitySpecifiedReportingPeportingCalendarPeriodClosedDate,/xbrli:xbrl/gl-cor:accountingEntries/gl-cor:entityParty/gl-bus:entitySpecifiedReportingCalendar/gl-bus:entitySpecifiedReportingCalendarPeriod/gl-bus:entitySpecifiedReportingPeportingCalendarPeriodClosedDate
137,cor,2,C,,Entry_ Header,,0..*,,Parent for entry headers/journal entry headers.,【仕訳情報】,エントリヘッダー/仕訳記入ヘッダーの親タグ。,CO23-03,$.cor_AccountingEntries.cor_Entry_Header,cor,Entry_ Header,entryHeader,/xbrli:xbrl/gl-cor:accountingEntries/gl-cor:entryHeader
138,cor,3,A,,Date Posted,Date Time,0..1,,Date this entry was posted (validated) to the general ledger. May not represent the date of accounting significance which is represented by 'postingDate'.,転記済日付,この仕訳が総勘定元帳に転記された(検証された)日付。 postingDateで示されるような会計上意味のある日付を表さないかもしれない。,CO22-01,$.cor_AccountingEntries.cor_Entry_Header.cor_DatePosted,cor,Entry_ Header,datePosted,/xbrli:xbrl/gl-cor:accountingEntries/gl-cor:entryHeader/gl-cor:datePosted
139,cor,3,A,,Creator,String,0..1,,Initials/name of operator originally entering.,仕訳作成者,最初に入力したオペレータのイニシャル/名前。,CO22-02,$.cor_AccountingEntries.cor_Entry_Header.cor_Creator,cor,Entry_ Header,headerCreator,/xbrli:xbrl/gl-cor:accountingEntries/gl-cor:entryHeader/gl-cor:headerCreator
140,cor,3,A,,Last Modifier,String,0..1,,Identification for the last person modifying this entry before posting.,仕訳最終更新者,転記前に最後にこの仕訳を修正した者の識別子。,CO22-03,$.cor_AccountingEntries.cor_Entry_Header.cor_LastModifier,cor,Entry_ Header,lastModifier,/xbrli:xbrl/gl-cor:accountingEntries/gl-cor:entryHeader/gl-cor:lastModifier
141,cor,3,A,,Responsible Person,String,0..1,,Identifier of person who created or originated or is otherwise responsible for the entry.,責任者,仕訳を作成したか、仕訳に責任を持つ者の識別子。,CO22-04,$.cor_AccountingEntries.cor_Entry_Header.cor_ResponsiblePerson,cor,Entry_ Header,responsiblePerson,/xbrli:xbrl/gl-cor:accountingEntries/gl-cor:entryHeader/gl-cor:responsiblePerson
142,cor,3,A,,Type Code,Token,0..1,,"One of the following enumerated list: adjusting, budget, comparative, external-accountant, standard, passed-adjusting, eliminating, proposed, recurring, reclassifying, simulated, tax, other",種別識別子,"以下の値のうちのひとつ。_x000D_
整理、予算、比較、外部会計事務所、通常、無視、消去、提案、反復、組替、シミュレーション、税、その他_x000D_
[設定値のリスト]_x000D_
(adjusting：整理)、(budget：予算)、(comparative：比較)、(external-accountant：外部会計事務所)、(standard：通常)、(passed-adjusting：無視)、(eliminating：消去)、(proposed：提案)、(recurring：反復)、(reclassifying：組替)、(simulated：シミュレーション)、(tax：税)、(other：その他)",CO22-05,$.cor_AccountingEntries.cor_Entry_Header.cor_TypeCode,cor,Entry_ Header,typeCode,/xbrli:xbrl/gl-cor:accountingEntries/gl-cor:entryHeader/gl-cor:typeCode
143,cor,3,A,,Posting Code,String,0..1,,"Code for posting to period, e.g., period 1-13, based on codes in an accounting period file. We do not recommend that software vendors export here, but suggest providing period end numbers for the buckets. Possibilities W1 through W53, M1 through M13, Q1-Q4. Developers and others creating output files are encouraged to supply an actual end date.",転記コード,転記の期間を表すコード。例えば、会計期間ファイルのコードにもとづく期間１～１３。ソフトウエアベンダーが、この値をエクスポートすることは推奨しない。期間の最終番号を提供することを勧める。可能な値としては、W1からW53、M1からM13、Q1からQ4など。開発者や出力ファイルの作成者には、実際の終了日付を提供することを勧める。,CO22-06,$.cor_AccountingEntries.cor_Entry_Header.cor_PostingCode,cor,Entry_ Header,postingCode,/xbrli:xbrl/gl-cor:accountingEntries/gl-cor:entryHeader/gl-cor:postingCode
144,cor,3,A,,Number of Entries,Integer,0..1,,The total number of entries.,仕訳総数,仕訳の総数。,CO22-07,$.cor_AccountingEntries.cor_Entry_Header.cor_NumberofEntries,cor,Entry_ Header,numberOfEntries,/xbrli:xbrl/gl-cor:accountingEntries/gl-cor:entryHeader/gl-cor:numberOfEntries
145,cor,3,A,,Comment,String,0..1,,Comment of the entry,仕訳摘要,仕訳の摘要,CO22-08,$.cor_AccountingEntries.cor_Entry_Header.cor_Comment,cor,Entry_ Header,comment,/xbrli:xbrl/gl-cor:accountingEntries/gl-cor:entryHeader/gl-cor:comment
146,cor,3,A,,Header_ Entry Date,Date Time,0..1,,"Represents the actual date/time of entry into computer (automated from system date, often misrepresented by changing system clock). Posting dates are maintained separately.",入力日付,コンピュータへ入力した実際の日付/時刻(システム日付から自動的に与えられ、システム時計の変更により、しばしば誤った値になる)を示す。 転記日付とは別に管理される。,CO22-09,$.cor_AccountingEntries.cor_Entry_Header.cor_Header_EntryDate,cor,Entry_ Header,headerEntryDate,/xbrli:xbrl/gl-cor:accountingEntries/gl-cor:entryHeader/gl-cor:headerEntryDate
147,cor,3,A,,Source Journal,Token,0..1,,"Source journal. The code of the journal in which the entry is processed. The code must be a unique indication for a journal and is selected from the following enumerated list:

cd      cash disbursements (sending cheques to vendors)
cr      cash receipts (receiving cheques from others)
fa      fixed assets
gi      giro/other bank adjustments
gj      general journal
im      inventory management
jc      job cost
pj      purchase journal (liabilities from purchases)
pl      payroll journal
sj      sales journal
se      standard entries
ud      user defined
ot      other sources of entries",元仕訳帳種別,"元仕訳帳。仕訳が処理される仕訳帳のコード。コードは仕訳帳に一意な指標であり、以下から選択する。_x000D_
出金(仕入先への小切手送付)、入金(他者からの小切手受領)、固定資産、振替、一般仕訳帳、在庫管理、個別原価、仕入帳(仕入による負債)、賃金台帳、売上台帳、通常仕訳、ユーザ定義、その他_x000D_
[設定値のリスト]_x000D_
(cd：出金)、(cr：入金)、(fa：固定資産)、(gi：振替)、(gj：一般仕訳帳)、(im：在庫管理)、(jc：個別原価)、(pj：仕入帳)、(pl：賃金台帳)、(sj：売上台帳)、(se：通常仕訳)、(ud：ユーザ定義)、(ot：その他)",CO22-10,$.cor_AccountingEntries.cor_Entry_Header.cor_SourceJournal,cor,Entry_ Header,sourceJournal,/xbrli:xbrl/gl-cor:accountingEntries/gl-cor:entryHeader/gl-cor:sourceJournal
148,cor,3,A,,Journal Description,String,0..1,,"Source journal (full description of general journal, payroll journal, accountant entries). A more easily readable journal indication. The most common journals are: Purchases, Sales, Cash, and General Journal.",元仕訳帳説明,元仕訳帳(一般仕訳、給与台帳、会計事務所入力の完全な説明)。 よりわかりやすい仕訳帳の指標。 最も一般的な仕訳帳は、次の通り。 仕入、売上、現金、一般仕訳。,CO22-11,$.cor_AccountingEntries.cor_Entry_Header.cor_JournalDescription,cor,Entry_ Header,journalDescription,/xbrli:xbrl/gl-cor:accountingEntries/gl-cor:entryHeader/gl-cor:journalDescription
149,cor,3,A,,Entry Origin,String,0..1,,"Origin of entry: accrual, manual entry, imported entry, exchange gain or loss",仕訳起源,仕訳の起源。発生、手入力、インポート入力、為替換算による損益。,CO22-12,$.cor_AccountingEntries.cor_Entry_Header.cor_EntryOrigin,cor,Entry_ Header,entryOrigin,/xbrli:xbrl/gl-cor:accountingEntries/gl-cor:entryHeader/gl-cor:entryOrigin
150,cor,3,A,,Entry ID,String,0..1,,Identifier within source journal,仕訳識別子,元仕訳帳中の識別子。,CO22-13,$.cor_AccountingEntries.cor_Entry_Header.cor_EntryID,cor,Entry_ Header,entryId,/xbrli:xbrl/gl-cor:accountingEntries/gl-cor:entryHeader/gl-cor:entryId
151,cor,3,A,,Entry Description,String,0..1,,Description of entry described by this entry header (e.g. Opening Balance),仕訳説明,このエントリヘッダーによって説明された仕訳の説明(例えば、期首残高),CO22-14,$.cor_AccountingEntries.cor_Entry_Header.cor_EntryDescription,cor,Entry_ Header,entryDescription,/xbrli:xbrl/gl-cor:accountingEntries/gl-cor:entryHeader/gl-cor:entryDescription
152,cor,3,A,,Entry Qualifier,Token,0..1,,"Entry Qualifier - An enumerated field that qualifies the type of entry, specifically useful for general ledger and trial balance environments when it is important to state the values represented are summarized as of the reporting date - opening or closing balances. In accounting systems, this is often known as BBF (balance brought forward.) Permitted values are: standard, balance-brought-forward and other.",仕訳修飾子,"仕訳の修飾子。総勘定元帳や試算表で、開始残高や決算残高のように、記された値が報告日で集約されていることを明示することが重要なときに有用な、仕訳の種別を修飾するもの。会計システムにおいて、BBF（繰越残高）として知られるもの。指定可能な値は以下。標準、繰越残高、その他_x000D_
[設定値のリスト]_x000D_
(standard：標準)、(balance-brought-forward：繰越残高)、(other：その他)",CO22-15,$.cor_AccountingEntries.cor_Entry_Header.cor_EntryQualifier,cor,Entry_ Header,entryQualifier,/xbrli:xbrl/gl-cor:accountingEntries/gl-cor:entryHeader/gl-cor:entryQualifier
153,cor,3,A,,Entry Qualifier Description,String,0..1,,Free format description of the entry qualifier,仕訳修飾子説明,仕訳の修飾子の説明。,CO22-16,$.cor_AccountingEntries.cor_Entry_Header.cor_EntryQualifierDescription,cor,Entry_ Header,entryQualifierDescription,/xbrli:xbrl/gl-cor:accountingEntries/gl-cor:entryHeader/gl-cor:entryQualifierDescription
154,cor,3,A,,Batch ID for Entry Group,String,0..1,,ID for a batch for this group of entries,仕訳グループ識別子,この仕訳の集合に付ける、束の識別子。,CO22-17,$.cor_AccountingEntries.cor_Entry_Header.cor_BatchIDforEntryGroup,cor,Entry_ Header,batchIdForEntryGroup,/xbrli:xbrl/gl-cor:accountingEntries/gl-cor:entryHeader/gl-cor:batchIdForEntryGroup
155,cor,3,A,,Batch Description,String,0..1,,Description of this batch,仕訳グループ説明,この仕訳の束の説明。,CO22-18,$.cor_AccountingEntries.cor_Entry_Header.cor_BatchDescription,cor,Entry_ Header,batchDescription,/xbrli:xbrl/gl-cor:accountingEntries/gl-cor:entryHeader/gl-cor:batchDescription
156,cor,3,A,,Total Debits,Monetary,0..1,,The total of all debit amounts.,借方合計,借方金額の合計値。,CO22-19,$.cor_AccountingEntries.cor_Entry_Header.cor_TotalDebits,cor,Entry_ Header,totalDebits,/xbrli:xbrl/gl-cor:accountingEntries/gl-cor:entryHeader/gl-cor:totalDebits
157,cor,3,A,,Total Credits,Monetary,0..1,,The total of all credit amounts.,貸方合計,貸方金額の合計値。,CO22-20,$.cor_AccountingEntries.cor_Entry_Header.cor_TotalCredits,cor,Entry_ Header,totalCredits,/xbrli:xbrl/gl-cor:accountingEntries/gl-cor:entryHeader/gl-cor:totalCredits
158,cor,3,A,,Type of Difference Between Book and Tax,Token,0..1,,"Enumerated field with possible values of permanent, temporary or none indicating the type of difference between book and tax accounting methods. Omission of this field is equivalent to ""none""",帳簿価税務簿価差異種別,"帳簿と税務会計処理方法との差異の種別を示す値。永久か一時的かまたは無し。値の省略時は「無し」と同じ。_x000D_
[設定値のリスト]_x000D_
(permanent：永久)、(temporary：一時的)、(none：無し)",CO22-21,$.cor_AccountingEntries.cor_Entry_Header.cor_TypeofDifferenceBetweenBookandTax,cor,Entry_ Header,typeOfDifferenceBetweenBookAndTax,/xbrli:xbrl/gl-cor:accountingEntries/gl-cor:entryHeader/gl-cor:typeOfDifferenceBetweenBookAndTax
159,cor,3,A,,Elimination Code,String,0..1,,Informs destination ledger this is an intracompany entry which eliminates in consolidation,相殺消去コード,連結決算時に消去される連結会社間仕訳であることを、受取側の元帳に通知する。,CO22-22,$.cor_AccountingEntries.cor_Entry_Header.cor_EliminationCode,cor,Entry_ Header,eliminationCode,/xbrli:xbrl/gl-cor:accountingEntries/gl-cor:entryHeader/gl-cor:eliminationCode
160,cor,3,A,,Budget Scenario Period Start,Date Time,0..1,,Start of period covered by associated budgetScenario,予算シナリオ期間開始日付,関係付けられたbudgetScenarioがカバーする期間の開始日。,CO22-23,$.cor_AccountingEntries.cor_Entry_Header.cor_BudgetScenarioPeriodStart,cor,Entry_ Header,budgetScenarioPeriodStart,/xbrli:xbrl/gl-cor:accountingEntries/gl-cor:entryHeader/gl-cor:budgetScenarioPeriodStart
161,cor,3,A,,Budget Scenario Period End,Date Time,0..1,,End of period covered by associated budgetScenario,予算シナリオ期間終了日付,関係付けられたbudgetScenarioがカバーする期間の終了日。,CO22-24,$.cor_AccountingEntries.cor_Entry_Header.cor_BudgetScenarioPeriodEnd,cor,Entry_ Header,budgetScenarioPeriodEnd,/xbrli:xbrl/gl-cor:accountingEntries/gl-cor:entryHeader/gl-cor:budgetScenarioPeriodEnd
162,cor,3,A,,Scenario Description,String,0..1,,Text related to budgetScenario,シナリオ説明,budgetScenarioに関する記述。,CO22-25,$.cor_AccountingEntries.cor_Entry_Header.cor_ScenarioDescription,cor,Entry_ Header,scenarioDescription,/xbrli:xbrl/gl-cor:accountingEntries/gl-cor:entryHeader/gl-cor:scenarioDescription
163,cor,3,A,,Scenario Code,String,0..1,,"Code for a budget scenario identifier (such as PB for 'preliminary budget', or RB for 'revised budget', or other identifier for entryType)",シナリオコード,予算シナリオの識別コード。例えば、「PB」（予備予算）、「RB」（補正予算）、または他の仕訳種別の識別子。,CO22-26,$.cor_AccountingEntries.cor_Entry_Header.cor_ScenarioCode,cor,Entry_ Header,scenarioCode,/xbrli:xbrl/gl-cor:accountingEntries/gl-cor:entryHeader/gl-cor:scenarioCode
164,cor,3,A,,Budget Allocation Code,Token,0..1,,"Code associated with the calculation formula: e.g. (D)ivide by number of periods, (T)otal for period given",予算配分コード,"計算式に関係付けられたコード。例えば、期間数での分割、与えられた期間の合計_x000D_
[設定値のリスト]_x000D_
(D：期間数での分割)、(T：与えられた期間の合計)",CO22-27,$.cor_AccountingEntries.cor_Entry_Header.cor_BudgetAllocationCode,cor,Entry_ Header,budgetAllocationCode,/xbrli:xbrl/gl-cor:accountingEntries/gl-cor:entryHeader/gl-cor:budgetAllocationCode
165,cor,3,A,,"ID for Reversing, Standard or Master Entry",String,0..1,,"For standard, reversing, master, cancelling or other entries an ID associated with those entries.",反対/通常/マスタ仕訳識別子,通常、反対、マスタ、取消または他の仕訳のための、それらの仕訳を関連付けるID。,CO22-28,"$.cor_AccountingEntries.cor_Entry_Header.cor_IDforReversing,StandardorMasterEntry",cor,Entry_ Header,idForReversingStandardOrMasterEntry,/xbrli:xbrl/gl-cor:accountingEntries/gl-cor:entryHeader/gl-cor:idForReversingStandardOrMasterEntry
166,cor,3,A,,Recurring Standard Description,String,0..1,,Description to accompany standard or recurring ID,反復通常仕訳説明,通常仕訳または反復仕訳のIDの説明。,CO22-29,$.cor_AccountingEntries.cor_Entry_Header.cor_RecurringStandardDescription,cor,Entry_ Header,recurringStandardDescription,/xbrli:xbrl/gl-cor:accountingEntries/gl-cor:entryHeader/gl-cor:recurringStandardDescription
167,cor,3,A,,Frequency Interval,Decimal,0..1,,"For standard or recurring journals, how often entry may be made: every frequencyInterval frequencyUnit, such as every 7 (interval) days (unit) or every 1 (interval) quarter (unit). This field represents the interval.",頻度間隔,通常または反復仕訳において、仕訳が記入される頻度。frequencyInterval、frequencyUnitごと、たとえば7(interval)日(unit)ごと、1(interval)四半期(unit)ごとなどにおける、intervalを示す。,CO22-30,$.cor_AccountingEntries.cor_Entry_Header.cor_FrequencyInterval,cor,Entry_ Header,frequencyInterval,/xbrli:xbrl/gl-cor:accountingEntries/gl-cor:entryHeader/gl-cor:frequencyInterval
168,cor,3,A,,Frequency Unit,String,0..1,,"For standard or recurring journals, how often entry may be made: every frequencyInterval frequencyUnit, such as every 7 (interval) days (unit) or every 1 (interval) quarter (unit). This field represents the unit.",頻度単位,通常または反復仕訳において、仕訳が記入される頻度。frequencyInterval、frequencyUnitごと、たとえば7(interval)日(unit)ごと、1(interval)四半期(unit)ごとなどにおける、unitを示す。,CO22-31,$.cor_AccountingEntries.cor_Entry_Header.cor_FrequencyUnit,cor,Entry_ Header,frequencyUnit,/xbrli:xbrl/gl-cor:accountingEntries/gl-cor:entryHeader/gl-cor:frequencyUnit
169,cor,3,A,,Repetitions Remaining,Integer,0..1,,Number of times that the recurring entry will repeat,反復残回数,反復仕訳の繰り返し予定数。,CO22-32,$.cor_AccountingEntries.cor_Entry_Header.cor_RepetitionsRemaining,cor,Entry_ Header,repetitionsRemaining,/xbrli:xbrl/gl-cor:accountingEntries/gl-cor:entryHeader/gl-cor:repetitionsRemaining
170,cor,3,A,,Next Date Repeat,Date Time,0..1,,Date next repeated or standard posted,次回反復日付,次回の反復あるいは通常の転記日。,CO22-33,$.cor_AccountingEntries.cor_Entry_Header.cor_NextDateRepeat,cor,Entry_ Header,nextDateRepeat,/xbrli:xbrl/gl-cor:accountingEntries/gl-cor:entryHeader/gl-cor:nextDateRepeat
171,cor,3,A,,Last Date Repeat,Date Time,0..1,,Date last repeated or standard posted,前回反復日付,前回の反復あるいは通常の転記日。,CO22-34,$.cor_AccountingEntries.cor_Entry_Header.cor_LastDateRepeat,cor,Entry_ Header,lastDateRepeat,/xbrli:xbrl/gl-cor:accountingEntries/gl-cor:entryHeader/gl-cor:lastDateRepeat
172,cor,3,A,,End Date of Repeating Entry,Date Time,0..1,,"For standard or recurring journals, stop date/time for repetitive entry.",反復仕訳終了日付,通常仕訳または反復仕訳のための、反復入力の終了日付/時刻。,CO22-35,$.cor_AccountingEntries.cor_Entry_Header.cor_EndDateofRepeatingEntry,cor,Entry_ Header,endDateOfRepeatingEntry,/xbrli:xbrl/gl-cor:accountingEntries/gl-cor:entryHeader/gl-cor:endDateOfRepeatingEntry
173,cor,3,A,,Reverse,Boolean,0..1,,Should entry be reversed?,反対仕訳要否,仕訳が取り消されるべきか。,CO22-36,$.cor_AccountingEntries.cor_Entry_Header.cor_Reverse,cor,Entry_ Header,reverse,/xbrli:xbrl/gl-cor:accountingEntries/gl-cor:entryHeader/gl-cor:reverse
174,cor,3,A,,Reversing Date,Date Time,0..1,,Date this entry should be reversed,反対仕訳日付,この仕訳が取り消されるべき日付。,CO22-37,$.cor_AccountingEntries.cor_Entry_Header.cor_ReversingDate,cor,Entry_ Header,reversingDate,/xbrli:xbrl/gl-cor:accountingEntries/gl-cor:entryHeader/gl-cor:reversingDate
175,cor,3,A,,Entry Number Counter,Decimal,0..1,,Unique reference for the entry - a numeric counter,仕訳番号カウンタ,仕訳の一意なリファレンス　　カウンタ,CO22-38,$.cor_AccountingEntries.cor_Entry_Header.cor_EntryNumberCounter,cor,Entry_ Header,entryNumberCounter,/xbrli:xbrl/gl-cor:accountingEntries/gl-cor:entryHeader/gl-cor:entryNumberCounter
176,cor,3,C,,Entry_ Detail,,0..*,,Parent for entry detail,【仕訳明細】,仕訳明細の親タグ。,CO22-39,$.cor_AccountingEntries.cor_Entry_Header.cor_Entry_Detail,cor,Entry_ Detail,entryDetail,/xbrli:xbrl/gl-cor:accountingEntries/gl-cor:entryHeader/gl-cor:entryDetail
177,cor,4,A,PK,Line Number,String,0..1,,Identifier for a particular entry detail,明細行番号,仕訳明細の識別子。,CO21-01,$.cor_AccountingEntries.cor_Entry_Header.cor_Entry_Detail.cor_LineNumber,cor,Entry_ Detail,lineNumber,/xbrli:xbrl/gl-cor:accountingEntries/gl-cor:entryHeader/gl-cor:entryDetail/gl-cor:lineNumber
178,cor,4,A,,Line Number Counter,Decimal,0..1,,Unique reference for the line - a numeric counter,明細行番号カウンタ,明細行の一意なリファレンス　　カウンタ,CO21-02,$.cor_AccountingEntries.cor_Entry_Header.cor_Entry_Detail.cor_LineNumberCounter,cor,Entry_ Detail,lineNumberCounter,/xbrli:xbrl/gl-cor:accountingEntries/gl-cor:entryHeader/gl-cor:entryDetail/gl-cor:lineNumberCounter
179,cor,4,A,,Posting Date,Date Time,0..1,,"At the detail level, this represents the accounting significance date. No matter what date the document is received, entered, or posted, this signifies the accounting date of the entry. If you want to see the financial results for March 5, 2002 and this entry is given that date, the entry will be part of the results for March 5, 2002. This is different from the postedDate found at the entryHeader level. If you want the accounting significance to be a particular date, it goes here. A single entry could represent multiple dates, but would only be posted on one date.",転記日付,明細レベルで、会計上意義のある日付を示す。ドキュメントの受領、入力、転記の日付に関わらず、仕訳が会計処理された日付を示す。2002.03.05の財務結果を見たいときに、ここにその日付がある場合は、この明細は2002.03.05の結果の一部である。これは、entryHeaderにあるpostedDateとは異なる。特定の日付を会計上意義のある日付にしたいなら、ここに記述する。ひとつの仕訳が複数の日付をあらわせるが、ひとつの日でのみ転記される。,CO21-03,$.cor_AccountingEntries.cor_Entry_Header.cor_Entry_Detail.cor_PostingDate,cor,Entry_ Detail,postingDate,/xbrli:xbrl/gl-cor:accountingEntries/gl-cor:entryHeader/gl-cor:entryDetail/gl-cor:postingDate
180,cor,4,A,,Memo Line,Boolean,0..1,,A boolean like entry that indicates whether an entryDetail line has been provided solely to provide additional details and that tools should not consider the amount in postings.,メモ行フラグ,明細行が単に追加の詳細を与えるものであり、転記金額に含めるべきでないことを示すブール値。,CO21-04,$.cor_AccountingEntries.cor_Entry_Header.cor_Entry_Detail.cor_MemoLine,cor,Entry_ Detail,memoLine,/xbrli:xbrl/gl-cor:accountingEntries/gl-cor:entryHeader/gl-cor:entryDetail/gl-cor:memoLine
181,cor,4,A,,Document Type,Token,0..1,,"An enumerated field describing the original source document, with check, debit-memo, credit-memo, finance-charge, invoice, order-customer, order-vendor, payment-other, reminder, tegata, voucher, shipment, receipt, manual-adjustment, other.",元文書種別,小切手、借方メモ、貸方メモ、財務費用、顧客への請求書、顧客オーダー、仕入先オーダー、その他支払い、督促状、手形、ベンダからの請求書、出荷票、受領票、手修正、その他の列挙値による、元文書の説明。[設定値のリスト]_x000D_ (check：小切手)、(debit-memo：借方メモ)、(credit-memo：貸方メモ)、(finance-charge：財務費用)、(invoice：顧客への請求書)、(order-customer：顧客オーダ)、(order-vendor：仕入先オーダ)、(payment-other：その他支払い)、(reminder：督促状)、(tegata：手形)、(voucher：ベンダからの請求書)、(shipment：出荷票)、(receipt：受領票)、(manual-adjustment：手修正)、(other：その他),CO21-05,$.cor_AccountingEntries.cor_Entry_Header.cor_Entry_Detail.cor_DocumentType,cor,Entry_ Detail,detailDocumentType,/xbrli:xbrl/gl-cor:accountingEntries/gl-cor:entryHeader/gl-cor:entryDetail/gl-cor:detailDocumentType
182,cor,4,A,,Document Type Description,String,0..1,,Free format description of the document type,元文書種別説明,元文書の種別の説明。,CO21-06,$.cor_AccountingEntries.cor_Entry_Header.cor_Entry_Detail.cor_DocumentTypeDescription,cor,Entry_ Detail,documentTypeDescription,/xbrli:xbrl/gl-cor:accountingEntries/gl-cor:entryHeader/gl-cor:entryDetail/gl-cor:documentTypeDescription
183,cor,4,R,,Document,,0..1,,"Invoice, check, voucher, or other source document identifier",元文書番号,請求書、小切手、証憑、その他の元文書の識別子。,CO21-07,$.cor_AccountingEntries.cor_Entry_Header.cor_Entry_Detail.cor_Document,cor,Document,detailDocument,/xbrli:xbrl/gl-cor:accountingEntries/gl-cor:entryHeader/gl-cor:entryDetail/gl-cor:detailDocument
184,cor,5,A,REF,Document Number,String,0..1,,Document number,発生元文書番号,発生元文書の番号。,CO20-02,$.cor_AccountingEntries.cor_Entry_Header.cor_Entry_Detail.cor_Document.cor_DocumentNumber,cor,Document,detailDocumentNumber,/xbrli:xbrl/gl-cor:accountingEntries/gl-cor:entryHeader/gl-cor:entryDetail/gl-cor:detailDocument/gl-cor:detailDocumentNumber
185,cor,4,A,,Document Date,Date Time,0..1,,"Date (and less likely in the paper world but possible in the e-world, time) on actual document (invoice, voucher, check date). Other dates control posting information.",元文書日付,実際の文書（請求書、証憑、小切手）の日付（および、紙の世界ではありそうにないが、電子的には時刻）。 転記の情報は別の日付で管理する。,CO21-08,$.cor_AccountingEntries.cor_Entry_Header.cor_Entry_Detail.cor_DocumentDate,cor,Entry_ Detail,documentDate,/xbrli:xbrl/gl-cor:accountingEntries/gl-cor:entryHeader/gl-cor:entryDetail/gl-cor:documentDate
186,cor,4,A,,Received Date,Date Time,0..1,,Date/time document was noted as received (if necessary). Represents actual date received. Posting dates are maintained separately.,元文書受領日付,（必要であれば）文書の受領が記録された日付/時刻。実際に受領された日付をあらわす。転記日付は別に管理される。,CO21-09,$.cor_AccountingEntries.cor_Entry_Header.cor_Entry_Detail.cor_ReceivedDate,cor,Entry_ Detail,receivedDate,/xbrli:xbrl/gl-cor:accountingEntries/gl-cor:entryHeader/gl-cor:entryDetail/gl-cor:receivedDate
187,cor,4,A,,Document Location,String,0..1,,"Document location as URI, file name or other reference. Alternatively, text of document can be placed here.",元文書格納場所,文書の格納場所である、URI、ファイル名またはその他の参照情報。代わりに、文書のテキストも記述可能。,CO21-10,$.cor_AccountingEntries.cor_Entry_Header.cor_Entry_Detail.cor_DocumentLocation,cor,Entry_ Detail,documentLocation,/xbrli:xbrl/gl-cor:accountingEntries/gl-cor:entryHeader/gl-cor:entryDetail/gl-cor:documentLocation
188,cor,4,A,,Posting Status,Token,0..1,,"deferred: although entered, it cannot be posted until a later time
posted: already posted
proposed: a proposed item that must be approved
simulated: a simulated item, for what-if
tax: a tax-specific entry
unposted:entered but not yet posted or validated
cancelled:entered and later cancelled
other:other status - should be described in postingStatusDescription",転記状態,"・据置：入力されたが、まだ転記できない。_x000D_
・転記済：転記済み。_x000D_
・提案済：検証が必要な項目。_x000D_
・シミュレーション：仮定のためにシミュレートされた項目。_x000D_
・税：税項目。_x000D_
・未転記：入力されたが、まだ検証も転記もされていない。_x000D_
・取消済：入力されたが、取り消された。_x000D_
・その他：その他の状態。postingStatusDescriptionで説明されるべき。_x000D_
[設定値のリスト]_x000D_
(deferred：据置)、(posted：転記済)、(proposed：提案済)、(simulated：シミュレーション)、(tax：税)、(unposted：未転記)、(cancelled：取消済)、(other：その他)",CO21-11,$.cor_AccountingEntries.cor_Entry_Header.cor_Entry_Detail.cor_PostingStatus,cor,Entry_ Detail,postingStatus,/xbrli:xbrl/gl-cor:accountingEntries/gl-cor:entryHeader/gl-cor:entryDetail/gl-cor:postingStatus
189,cor,4,A,,Posting Status Description,String,0..1,,Free format description of the posting status,転記状態説明,転記状態の説明。,CO21-12,$.cor_AccountingEntries.cor_Entry_Header.cor_Entry_Detail.cor_PostingStatusDescription,cor,Entry_ Detail,postingStatusDescription,/xbrli:xbrl/gl-cor:accountingEntries/gl-cor:entryHeader/gl-cor:entryDetail/gl-cor:postingStatusDescription
190,cor,4,A,,Description,String,0..1,,Description of this line of detail only,説明,この明細行のみに対する説明。,CO21-13,$.cor_AccountingEntries.cor_Entry_Header.cor_Entry_Detail.cor_Description,cor,Entry_ Detail,headerDescription,/xbrli:xbrl/gl-cor:accountingEntries/gl-cor:entryHeader/gl-cor:entryDetail/gl-cor:headerDescription
191,cor,4,A,,Acknowledgement Date,Date Time,0..1,,Date of acknowledgement of goods/services shipped/received.,承認日付,出荷/受領済みの物品/サービスを承認した日付。,CO21-14,$.cor_AccountingEntries.cor_Entry_Header.cor_Entry_Detail.cor_AcknowledgementDate,cor,Entry_ Detail,acknowledgementDate,/xbrli:xbrl/gl-cor:accountingEntries/gl-cor:entryHeader/gl-cor:entryDetail/gl-cor:acknowledgementDate
192,cor,4,A,,Confirmation Date,Date Time,0..1,,Date of confirmation of shipment/receipt.,確認日付,出荷/受領を確認した日付。,CO21-15,$.cor_AccountingEntries.cor_Entry_Header.cor_Entry_Detail.cor_ConfirmationDate,cor,Entry_ Detail,confirmationDate,/xbrli:xbrl/gl-cor:accountingEntries/gl-cor:entryHeader/gl-cor:entryDetail/gl-cor:confirmationDate
193,cor,4,A,,Measurable Class ID,Token,0..1,,"An enumerated code to identify the inventory, fixed asset or other measurable class. Enumerated as: raw material, work-in-process, finished goods, assemblies, supplies, land, building, machinery, furniture, vehicles, other.",測定可能分類コード,在庫、固定資産、その他の測定可能な分類を識別するための列挙コード。列挙例：原材料、仕掛品、製品、組立品、備品、土地、建物、機械、家具、車両、その他。,CO21-16,$.cor_AccountingEntries.cor_Entry_Header.cor_Entry_Detail.cor_MeasurableClassID,cor,Entry_ Detail,measurableClassId,/xbrli:xbrl/gl-cor:accountingEntries/gl-cor:entryHeader/gl-cor:entryDetail/gl-cor:measurableClassId
194,cor,4,A,,Measurable Class Description,String,0..1,,Free format description associated with gl-ehm:measurableClassID to provide specialization or clarification for the enumerated value of other.,測定可能分類の説明,「その他」の列挙値を補足・特定するための自由記述形式の説明。,CO21-17,$.cor_AccountingEntries.cor_Entry_Header.cor_Entry_Detail.cor_MeasurableClassDescription,cor,Entry_ Detail,measurableClassDescription,/xbrli:xbrl/gl-cor:accountingEntries/gl-cor:entryHeader/gl-cor:entryDetail/gl-cor:measurableClassDescription
195,cor,4,A,,Geospatial Coordinate,String,0..1,,"Enter a relevant location for this item. Format can be either:
- Degrees, minutes, and seconds (DMS): 41°24'12.2""N 2°10'26.5""E
- Degrees and decimal minutes (DMM): 41 24.2028, 2 10.4418
- Decimal degrees (DD): 41.40338, 2.17403",地理座標,"本項目の関連位置を入力。形式は以下のいずれか：
・度分秒 (DMS): 41°24'12.2""N 2°10'26.5""E
・度と小数分 (DMM): 41 24.2028, 2 10.4418
・10進度 (DD): 41.40338, 2.17403",CO21-18,$.cor_AccountingEntries.cor_Entry_Header.cor_Entry_Detail.cor_GeospatialCoordinate,cor,Entry_ Detail,geospatialCoordinate,/xbrli:xbrl/gl-cor:accountingEntries/gl-cor:entryHeader/gl-cor:entryDetail/gl-cor:geospatialCoordinate
196,taf,4,C,,Originating Document,,0..*,,"A tool to capture the flow of related documents in the business process. Some needs of end users require a greater history of the documents that are associated with a transaction, especially in the VAT audit area. Contains a repetitive class of related documents.",【発生元文書情報】,業務プロセス上の、関連文書の流れを捕捉するためのもの。特にVAT監査では、エンドユーザの要求として、取引に関係する文書の履歴が必要とされる。関連文書情報の構造の繰り返しを含む。,CO21-19,$.cor_AccountingEntries.cor_Entry_Header.cor_Entry_Detail.cor_OriginatingDocument,taf,Originating Document,detailOriginatingDriginatingDocument,/xbrli:xbrl/gl-cor:accountingEntries/gl-cor:entryHeader/gl-cor:entryDetail/gl-taf:detailOriginatingDriginatingDocument
197,taf,5,A,,Document Type,Token,0..1,,"Document type  check, debit-memo, credit-memo, finance-charge, invoice, order-customer, order-vendor, payment-other, reminder, tegata, voucher, shipment, receipt, manual-adjustment, other.",発生元文書種別,発生元文書の種別。小切手(check)、借方メモ(debit-memo)、貸方メモ(credit-memo)、財務費用(finance-charge)、顧客への請求書(invoice)、顧客オーダ(order-customer)、仕入先オーダ(order-vendor)、その他支払い(payment-other)、督促状(reminder)、手形(tegata)、ベンダからの請求書(voucher)、出荷票(shipment)、受領票(receipt)、手修正(manual-adjustment)、その他(other),TA01-01,$.cor_AccountingEntries.cor_Entry_Header.cor_Entry_Detail.cor_OriginatingDocument.taf_DocumentType,taf,Originating Document,detailOriginatingDocumentType,/xbrli:xbrl/gl-cor:accountingEntries/gl-cor:entryHeader/gl-cor:entryDetail/gl-taf:detailOriginatingDriginatingDocument/gl-taf:detailOriginatingDocumentType
198,taf,5,A,PK,Document Number,String,0..1,,Document number,発生元文書番号,発生元文書の番号。,TA01-02,$.cor_AccountingEntries.cor_Entry_Header.cor_Entry_Detail.cor_OriginatingDocument.taf_DocumentNumber,taf,Originating Document,detailOriginatingDocumentNumber,/xbrli:xbrl/gl-cor:accountingEntries/gl-cor:entryHeader/gl-cor:entryDetail/gl-taf:detailOriginatingDriginatingDocument/gl-taf:detailOriginatingDocumentNumber
199,taf,5,A,,Document Date,Date,0..1,,Document date,発生元文書日付,発生元文書の日付。,TA01-03,$.cor_AccountingEntries.cor_Entry_Header.cor_Entry_Detail.cor_OriginatingDocument.taf_DocumentDate,taf,Originating Document,detailOriginatingDocumentDate,/xbrli:xbrl/gl-cor:accountingEntries/gl-cor:entryHeader/gl-cor:entryDetail/gl-taf:detailOriginatingDriginatingDocument/gl-taf:detailOriginatingDocumentDate
200,taf,5,A,,Document Identifier Type,Token,0..1,,"Document identifier type. Enumerated as: C, customer, E, employee, V, vendor, O, other, I, salesperson-internal, X, salesperson-external, N, contractor.",発生元文書対象CVE種別,発生元文書の対象となるCVEの種別。_x000D_ [設定値のリスト]_x000D_ (C)、(customer：顧客)、(E)、(employee：従業員)、(V)、(vendor：仕入先)、(O)、(other：その他)、(I)、(salesperson-internal：店舗内販売員)、(X)、(salesperson-external：外交販売員)、(N)、(contractor：請負者),TA01-04,$.cor_AccountingEntries.cor_Entry_Header.cor_Entry_Detail.cor_OriginatingDocument.taf_DocumentIdentifierType,taf,Originating Document,detailOriginatingDocumentIdentifierType,/xbrli:xbrl/gl-cor:accountingEntries/gl-cor:entryHeader/gl-cor:entryDetail/gl-taf:detailOriginatingDriginatingDocument/gl-taf:detailOriginatingDocumentIdentifierType
201,taf,5,A,,Document Identifier Code,String,0..1,,Document identifier code,発生元文書対象CVEコード,発生元文書の対象となるCVEのコード。,TA01-05,$.cor_AccountingEntries.cor_Entry_Header.cor_Entry_Detail.cor_OriginatingDocument.taf_DocumentIdentifierCode,taf,Originating Document,detailOriginatingDocumentIdentifierCode,/xbrli:xbrl/gl-cor:accountingEntries/gl-cor:entryHeader/gl-cor:entryDetail/gl-taf:detailOriginatingDriginatingDocument/gl-taf:detailOriginatingDocumentIdentifierCode
202,taf,5,A,,Document Identifier Tax Code,Token,0..1,,Originating document identifier tax code,発生元文書対象CVE納税者コード,発生元文書の対象となるCVEの納税者コード。,TA01-06,$.cor_AccountingEntries.cor_Entry_Header.cor_Entry_Detail.cor_OriginatingDocument.taf_DocumentIdentifierTaxCode,taf,Originating Document,detailOriginatingDocumentIdentifierTaxCode,/xbrli:xbrl/gl-cor:accountingEntries/gl-cor:entryHeader/gl-cor:entryDetail/gl-taf:detailOriginatingDriginatingDocument/gl-taf:detailOriginatingDocumentIdentifierTaxCode
203,cor,4,A,,Detail_ Description,String,0..1,,Description of this line of detail only,説明,この明細行のみに対する説明。,CO21-20,$.cor_AccountingEntries.cor_Entry_Header.cor_Entry_Detail.cor_Detail_Description,cor,Entry_ Detail,detailDescription,/xbrli:xbrl/gl-cor:accountingEntries/gl-cor:entryHeader/gl-cor:entryDetail/gl-cor:detailDescription
204,cor,4,A,,Monetary Amount,Monetary,0..1,,"This field (amount) represents the primary monetary amount related to the  subject of the entryDetail line. There is one primary monetary amount per entryDetail class. It may, for example, represent the amount of one line of a journal entry, the balance on a document, or the extended amount of a line item on an invoice. Amount is not required if detailed entry is used for non-financial work and other elements are populated, in particular measurableQuantity. The amount field is a signed number (either positive or negative itself) and used in conjunction with a separate signOfAmount and a separate debitCreditCode, which together are considered for understanding the monetary amount. The unit of measure is determined by amountCurrency if present, and by the default or home currency if amountCurrency is not present.",金額,entryDetailの代表的な金額を示す。entryDetailごとにひとつの値を持つ。たとえば、仕訳帳の行、残高、請求書の行の金額。明細が会計業務用でなく、measurableQuantityなどの他の要素が設定されている場合は不要。符号付数値であり、金額を解釈するために用意されたsignOfAmountおよびdebitCreditCodeとあわせて使用される。通貨単位はamountCurrencyで決定される。amountCurrencyが指定されない場合は、既定または自国の通貨単位となる。,CO21-21,$.cor_AccountingEntries.cor_Entry_Header.cor_Entry_Detail.cor_MonetaryAmount,cor,Entry_ Detail,monetaryAmount,/xbrli:xbrl/gl-cor:accountingEntries/gl-cor:entryHeader/gl-cor:entryDetail/gl-cor:monetaryAmount
205,cor,4,A,,Currency,QName,0..1,,"The currency related to the amount can be entered here instead of the XBRL instance specified way, especially important in multi-currency situations. Recommend ISO 4217 coding.",通貨,XBRLインスタンス内に指定する方法のかわりに、金額の通貨を指定可能。多通貨環境で特に重要。ISO4217コード体系を推奨。,CO21-22,$.cor_AccountingEntries.cor_Entry_Header.cor_Entry_Detail.cor_Currency,cor,Entry_ Detail,currency,/xbrli:xbrl/gl-cor:accountingEntries/gl-cor:entryHeader/gl-cor:entryDetail/gl-cor:currency
206,cor,4,A,,Sign Indication for Amount,Token,0..1,,Sign of amount; provides 4 possible fields only when used in conjunction with debitCreditCode; primarily used for correcting entries so total debits and credits after an entry error are not inflated. D + increase DebitsD - decrease debitsC + decreases creditC - increases credit,金額符号,"金額の符号。貸借識別子と関連して使用される場合にだけ、4つの可能なフィールドを提供する。記入エラー後の総貸借が膨張しないように、おもに仕訳の訂正に使用される。 D+は借方を増加させる。D-は借方を減少させる。C+は貸方を減少させる。C-は貸方を増加させる。_x000D_
[設定値のリスト]_x000D_
(+)、(-)、(plus：プラス)、(minus：マイナス)",CO21-23,$.cor_AccountingEntries.cor_Entry_Header.cor_Entry_Detail.cor_SignIndicationforAmount,cor,Entry_ Detail,signIndicationForAmount,/xbrli:xbrl/gl-cor:accountingEntries/gl-cor:entryHeader/gl-cor:entryDetail/gl-cor:signIndicationForAmount
207,cor,4,A,,Debit/Credit Indicator,Token,0..1,,"Optional identifier of whether the amount is a (D)ebit, a (C)redit or Undefined",貸借区分コード,"金額が借方か貸方か不定かを示す識別子。_x000D_
[設定値のリスト]_x000D_
(D)、(C)、(debit：借方)、(credit：貸方)、(undefined：不定)",CO21-24,$.cor_AccountingEntries.cor_Entry_Header.cor_Entry_Detail.cor_Debit/CreditIndicator,cor,Entry_ Detail,debitCreditIndicator,/xbrli:xbrl/gl-cor:accountingEntries/gl-cor:entryHeader/gl-cor:entryDetail/gl-cor:debitCreditIndicator
208,cor,4,A,,Allocation Code,String,0..1,,A code that is tied to the Enterprise's allocation system.,配分コード,配賦システムに結びつけるコード。,CO21-25,$.cor_AccountingEntries.cor_Entry_Header.cor_Entry_Detail.cor_AllocationCode,cor,Entry_ Detail,allocationCode,/xbrli:xbrl/gl-cor:accountingEntries/gl-cor:entryHeader/gl-cor:entryDetail/gl-cor:allocationCode
209,cor,4,A,,Invoice Type,Token,0..1,,"Invoice Type  (self-billed, ePoS enumerated values)",請求書種別,"請求書の種別。(self-billed、ePoS)_x000D_
[設定値のリスト]_x000D_
(ePos：POSシステムからの発行)、(self-billed：手動発行)",CO21-26,$.cor_AccountingEntries.cor_Entry_Header.cor_Entry_Detail.cor_InvoiceType,cor,Entry_ Detail,invoiceType,/xbrli:xbrl/gl-cor:accountingEntries/gl-cor:entryHeader/gl-cor:entryDetail/gl-cor:invoiceType
210,cor,4,A,,Chargeable or Reimbursable,String,0..1,,"Is this entry chargeable to client, reimbursable? Used by some systems to indicate that account on posting/validation should be posted to a customer or vendor's account.",請求支払可能フラグ,この仕訳は顧客に請求、支払可能か。いくつかのシステムでは転記/検証対象の科目が顧客や仕入先の科目に転記されるべきかどうかを示すために使用される。,CO21-27,$.cor_AccountingEntries.cor_Entry_Header.cor_Entry_Detail.cor_ChargeableorReimbursable,cor,Entry_ Detail,chargeableOrReimbursable,/xbrli:xbrl/gl-cor:accountingEntries/gl-cor:entryHeader/gl-cor:entryDetail/gl-cor:chargeableOrReimbursable
211,cor,4,A,,Payment Method,String,0..1,,Method used or to be used to make the payment,支払方法,支払いのために使用された、または使用される方法。,CO21-28,$.cor_AccountingEntries.cor_Entry_Header.cor_Entry_Detail.cor_PaymentMethod,cor,Entry_ Detail,paymentMethod,/xbrli:xbrl/gl-cor:accountingEntries/gl-cor:entryHeader/gl-cor:entryDetail/gl-cor:paymentMethod
212,cor,4,A,,Ship From,String,0..1,,References organizationAddressLocationIdentifier where used. Otherwise freeform.,出荷元,organizationAddressLocationIdentifierの参照情報。または自由記述。,CO21-29,$.cor_AccountingEntries.cor_Entry_Header.cor_Entry_Detail.cor_ShipFrom,cor,Entry_ Detail,shipFrom,/xbrli:xbrl/gl-cor:accountingEntries/gl-cor:entryHeader/gl-cor:entryDetail/gl-cor:shipFrom
213,cor,4,A,,Date Shipped/Received,Date Time,0..1,,Date goods/services are shipped/received.,出荷/受領日付,物品/サービスを出荷/受領した日付。,CO21-30,$.cor_AccountingEntries.cor_Entry_Header.cor_Entry_Detail.cor_DateShipped/Received,cor,Entry_ Detail,dateShippedReceived,/xbrli:xbrl/gl-cor:accountingEntries/gl-cor:entryHeader/gl-cor:entryDetail/gl-cor:dateShippedReceived
214,cor,4,A,,Maturity Date or Date Due,Date Time,0..1,,Due date or other maturity date.,支払期日,支払期日やその他の期日。,CO21-31,$.cor_AccountingEntries.cor_Entry_Header.cor_Entry_Detail.cor_MaturityDateorDateDue,cor,Entry_ Detail,maturityDateOrDateDue,/xbrli:xbrl/gl-cor:accountingEntries/gl-cor:entryHeader/gl-cor:entryDetail/gl-cor:maturityDateOrDateDue
215,cor,4,A,,Payment Terms,String,0..1,,Discount/payment terms.,支払条件,割引/支払い条件。,CO21-32,$.cor_AccountingEntries.cor_Entry_Header.cor_Entry_Detail.cor_PaymentTerms,cor,Entry_ Detail,paymentTerms,/xbrli:xbrl/gl-cor:accountingEntries/gl-cor:entryHeader/gl-cor:entryDetail/gl-cor:paymentTerms
216,cor,4,A,,Costing Method Code,Token,0..1,,"An enumerated code for the inventory (or other measurable) costing method. Enumerated as: LIFO, FIFO, average, weighted-average, standard-cost, tax-basis, book-basis, other.",原価計算方法コード,在庫または他の測定可能な対象の原価計算方法を示す列挙コード。列挙例：LIFO、FIFO、平均法、加重平均法、標準原価法、税基準、帳簿基準、その他。,CO21-33,$.cor_AccountingEntries.cor_Entry_Header.cor_Entry_Detail.cor_CostingMethodCode,cor,Entry_ Detail,costingMethodCode,/xbrli:xbrl/gl-cor:accountingEntries/gl-cor:entryHeader/gl-cor:entryDetail/gl-cor:costingMethodCode
217,cor,4,A,,Costing Method Description,String,0..1,,Free format description associated with gl-ehm:costingMethodCode to provide specialization of clarification for the enumerated value of other.,原価計算方法の説明,「その他」の列挙値に関する補足説明または特定のための自由記述形式。,CO21-34,$.cor_AccountingEntries.cor_Entry_Header.cor_Entry_Detail.cor_CostingMethodDescription,cor,Entry_ Detail,costingMethodDescription,/xbrli:xbrl/gl-cor:accountingEntries/gl-cor:entryHeader/gl-cor:entryDetail/gl-cor:costingMethodDescription
218,cor,4,A,,Ticking Field,Boolean,0..1,,"Signifies that an item has been cleared, finished, finalized. When checking accounts are called for, the tick or letter showing this was done appears in this field. Can also be used for identifying that the
original document against which a payment or DR/CR memo applies has been reconciled.",チェック欄,項目が消去または完了されたことを示す。勘定のチェックが要求される場合、処理済を示すチェックマークまたは文字が指定される。支払またはDR/CRのメモに対する元文書が、消し込まれたことを確認するためにも使用可能。,CO21-35,$.cor_AccountingEntries.cor_Entry_Header.cor_Entry_Detail.cor_TickingField,cor,Entry_ Detail,tickingField,/xbrli:xbrl/gl-cor:accountingEntries/gl-cor:entryHeader/gl-cor:entryDetail/gl-cor:tickingField
219,cor,4,A,,Document Remaining Balance,Monetary,0..1,,Balance remaining on the document,文書上残高,文書上の残高。,CO21-36,$.cor_AccountingEntries.cor_Entry_Header.cor_Entry_Detail.cor_DocumentRemainingBalance,cor,Entry_ Detail,documentRemainingBalance,/xbrli:xbrl/gl-cor:accountingEntries/gl-cor:entryHeader/gl-cor:entryDetail/gl-cor:documentRemainingBalance
220,cor,4,A,,UCR,String,0..1,,"Unique Consignment Reference or UCR. An ""origin to destination"" reference code for international consignments, developed in cooperation with the World Customs Organization and EAN International (EAN). (http://www.wcoomd.org/ie/EN/press/UCR_new_e.pdf)",UCRコード,"Unique Consignment ReferenceまたはUCR。国際委託販売のための""origin to destination""参照コード。World Customs OrganizationとEAN International (EAN)が共同で開発している。_x000D_
(http://www.wcoomd.org/ie/EN/press/UCR_new_e.pdf)",CO21-37,$.cor_AccountingEntries.cor_Entry_Header.cor_Entry_Detail.cor_UCR,cor,Entry_ Detail,ucr,/xbrli:xbrl/gl-cor:accountingEntries/gl-cor:entryHeader/gl-cor:entryDetail/gl-cor:ucr
