sequence,module,level,type,identifier,name,datatype,multiplicity,association_role,definition,label_local,definition_local,source_bsm_id,semantic_path,associated_module,class_term,local_name,xpath
221,btx,1,C,,Business Transactions,,1..*,,"Economic event represented by one or more business documents and corresponding accounting entries, such as orders, shipments, invoices, and journal entries.",【ビジネス取引】,XBRL GLのルート要素。 注文、出荷、請求書およびそれに対応する仕訳など、1つまたは複数の業務文書と会計仕訳によって表現される経済事象。,BT09,$.btx_BusinessTransactions,btx,Business Transactions,businessTransactions,/xbrli:xbrl/gl-btx:businessTransactions
222,cor,2,C,,Document Information,,1..1,,Parent for descriptive information about the Transaction Entries Class in which it is contained.,【文書情報】,この取引文書に関する情報の親タグ。,BT09-01,$.btx_BusinessTransactions.btx_DocumentInformation,cor,Document Information,transactionDocumentInformation,/xbrli:xbrl/gl-btx:businessTransactions/gl-cor:transactionDocumentInformation
223,cor,3,A,,Document Type,Token,1..1,,"account: information to fill in a chart of accounts file.  
balance: the results of accumulation of a complete and validated list of entries for an account (or a list of account) in a specific period - sometimes called general ledger  
entries: a list of individual accounting entries, which might be posted/validated or nonposted/validated   
journal: a self-balancing (Dr = Cr) list of entries for a specific period including beginning balance for that period.  
ledger: a complete list of entries for a specific account (or list of accounts) for a specific period; note - debits do not have to equal credits.   
assets: a listing of open receivables, payables, inventory, fixed assets or other information that can be extracted from but are not necessarily included as part of a journal entry.  
trialBalance: the self-balancing (Dr = Cr) result of accumulation of a complete and validated list of entries for the entity in a complete list of accounts in a specific period. 
taxtables: aids automated interpretation of instances that represent tax tables; Tax table are defined by using multiple [taxes] classs to gather the population of codes, authorities and rates; through [taxTableCode] cross-references in the [taxes] class, these ""master file"" tax tables can be referenced. 
mapping: a collection of mappings between interrelated data sets, such as a local and related corporate standard chart of accounts or detail data mapped to summarized end reporting concepts.   
versioning: a collection of changes between two versions of the same class of information, such as updates to a master file like a chart of accounts.   
master_file: a collection of master files, such as the customer or inventory master file.   
trade_documents: a collection of trade/transactional documents, such as vendor invoices or customer orders.   
profile_compliant: the meaning of this collection of information can be determined by understanding an established profile and especially an XBRL GL Profile. Profiles are determined through namespace declarations, schemaRef and conventions of those profiles.   
other: for all other types of representations.

Often sorted by date or by account, these terms have specific, and sometimes different, meanings in different areas. Common practice will drive accounting method/term matches.",文書種別,・科目:科目体系ファイルの情報。_x000D_ ・残高:特定の期間について、勘定科目(または勘定科目リスト)の、完了し検証された仕訳リストの累算結果。時に総勘定元帳と呼ばれる。_x000D_ ・仕訳:個々の勘定記入のリスト。転記/検証されていることもあり、されていないこともある。_x000D_ ・仕訳帳:特定の期間における、その期間の開始残高を含む貸借が一致(Dr=Cr)した仕訳のリスト 。_x000D_ ・元帳:特定の期間における特定の勘定科目(または勘定科目リスト)についての、仕訳の全リスト 。注意－貸借が一致する必要はない。_x000D_ ・資産:仕訳記入の一部として必ずしも含まれていないが、そこから抽出可能な売掛金、買掛金、在庫、固定資産、その他の情報のリスト。_x000D_ ・試算表:事業体に対する、特定期間の全勘定科目リストでの、完了し検証された仕訳リストの、貸借が一致（Dr=Cr)した累算結果。_x000D_ ・税率表:税率表をあらわすデータを自動的に解釈できるようにする。税率表は、コード、税務当局情報、レートをあらわす複数のtaxes構造データを使って定義される。taxTableCodeはtaxes構造データ内で相互に参照されるが、これらのマスタファイルが参照可能。_x000D_ ・マッピング情報:互いに関係があるデータセットの間の対応関係を集めたもの。例えば、企業グループ内の各会社で使用する勘定科目と全社勘定科目との対応付け、または明細データと最終的な報告書上の要約された科目への対応付け。 ・差分情報:同じクラス（種類）で異なるバージョンを持つ項目の変更・差分情報。例えば、勘定科目一覧のようなマスタファイルの特定科目の更新情報など。  ・マスターファイル:マスタファイルの一覧。例えば、顧客マスタ又は在庫/棚卸マスタなど。  ・取引伝票:取引に用いる情報の集合。例えば、納入業者からのインボイス 又は顧客からの受注情報など。  ・プロファイル情報:確立された文書説明情報及び特にXBRL GLプロファイルを理解し決定するこの情報の集合の意味を示す。説明情報は、名前空間宣言、スキーマ参照及びこれらの規約を通して決定する。  ・その他：その他のすべての表現形式  多くの場合、日付または科目によりソートされる。会計処理方法や用語は慣行により適合させる。_x000D_ [設定値のリスト]_x000D_ (account：科目)、(balance：残高)、(entries：仕訳)、(journal：仕訳帳)、(ledger：元帳)、(assets：資産)、(trialbalance：試算表)、(taxtables：税率表)、(other：その他)_x000D_、(Mapping：マッピング情報)、(versioning：差分情報)、(master_file：マスターファイル)、(trade_documents：取引伝票)、(profile_compliant：プロファイル情報)、(other：その他),CO10-01,$.btx_BusinessTransactions.btx_DocumentInformation.cor_DocumentType,cor,Document Information,transactionDocumentType,/xbrli:xbrl/gl-btx:businessTransactions/gl-cor:transactionDocumentInformation/gl-cor:transactionDocumentType
224,cor,3,A,PK,Audit Number,String,0..1,,Unique identifier for this file.,監査番号,このファイルの一意識別子。,CO10-02,$.btx_BusinessTransactions.btx_DocumentInformation.cor_AuditNumber,cor,Document Information,transactionAuditNumber,/xbrli:xbrl/gl-btx:businessTransactions/gl-cor:transactionDocumentInformation/gl-cor:transactionAuditNumber
225,cor,3,A,,Revises Audit Number,String,0..1,,"If this batch of information revises a previous batch of information, this field identifies the previous batch that is being revised. 'uniqueID' of the previous batch goes here. Developers should consider exception reporting.",改訂前監査番号,この仕訳の束が以前の仕訳の束を改訂する場合に、以前の束を示す。元の文書のuniqueIDが指定される。開発者は、例外報告を考慮すべきである。,CO10-03,$.btx_BusinessTransactions.btx_DocumentInformation.cor_RevisesAuditNumber,cor,Document Information,transactionRevisesAuditNumber,/xbrli:xbrl/gl-btx:businessTransactions/gl-cor:transactionDocumentInformation/gl-cor:transactionRevisesAuditNumber
226,cor,3,A,,Action to Take with Previous Data,Token,0..1,,Provides guidance on action to take with previous set of data: supersedes - old data should be considered as obsolete/overwritten; supplements - belongs with that data as if it was included with it.,改訂前データ処置,"以前のデータの束に対する操作のガイダンス。 取替え-古いデータを無効にし上書きする。_x000D_
補完-元々含まれていたかのように、そのデータに所属させる。_x000D_
[設定値のリスト]_x000D_
(supplement：補完)、(supersede：取替え)",CO10-04,$.btx_BusinessTransactions.btx_DocumentInformation.cor_ActiontoTakewithPreviousData,cor,Document Information,transactionActionToTakeWithPreviousData,/xbrli:xbrl/gl-btx:businessTransactions/gl-cor:transactionDocumentInformation/gl-cor:transactionActionToTakeWithPreviousData
227,cor,3,A,,Language,QName,0..1,,"Primary language of the intellectual content. Where practical, the content of this field should coincide with ISO 639-1988 language codes.",言語,主要言語。 実用的には、このフィールドの内容はISO639-1988言語コードに一致すべきである。,CO10-05,$.btx_BusinessTransactions.btx_DocumentInformation.cor_Language,cor,Document Information,transactionLanguage,/xbrli:xbrl/gl-btx:businessTransactions/gl-cor:transactionDocumentInformation/gl-cor:transactionLanguage
228,cor,3,A,,Creation Date,Date Time,0..1,,Date/time file was created.,作成日付,ファイルが作成された日付/時間。,CO10-06,$.btx_BusinessTransactions.btx_DocumentInformation.cor_CreationDate,cor,Document Information,transactionCreationDate,/xbrli:xbrl/gl-btx:businessTransactions/gl-cor:transactionDocumentInformation/gl-cor:transactionCreationDate
229,cor,3,A,,Creator,String,0..1,,Identifies the creator of the XBRL instance.,作成者,ファイルの作成者の識別子。,CO10-07,$.btx_BusinessTransactions.btx_DocumentInformation.cor_Creator,cor,Document Information,transactionCreator,/xbrli:xbrl/gl-btx:businessTransactions/gl-cor:transactionDocumentInformation/gl-cor:transactionCreator
230,cor,3,A,,Document Comment,String,0..1,,Text for entire document.,文書コメント,文書全体に対する説明文。,CO10-08,$.btx_BusinessTransactions.btx_DocumentInformation.cor_DocumentComment,cor,Document Information,transactionDocumentComment,/xbrli:xbrl/gl-btx:businessTransactions/gl-cor:transactionDocumentInformation/gl-cor:transactionDocumentComment
231,cor,3,A,,Period Covered Start,Date Time,0..1,,"Start of date range for contents. Used as basis for many assumptions about data, including the date as of which open balances are open.",対象期間開始日付,内容の日付範囲の開始日。 残高の開始日付などの、データに関する多くの仮定の基礎として使用される。,CO10-09,$.btx_BusinessTransactions.btx_DocumentInformation.cor_PeriodCoveredStart,cor,Document Information,transactionPeriodCoveredStart,/xbrli:xbrl/gl-btx:businessTransactions/gl-cor:transactionDocumentInformation/gl-cor:transactionPeriodCoveredStart
232,cor,3,A,,Period Covered End,Date Time,0..1,,"End of date range for contents. Used as basis for many assumptions about data, including the date as of which open balances are open.",対象期間終了日付,内容の日付範囲の終了日。 残高の開始日付などの、データに関する多くの仮定の基礎として使用される。,CO10-10,$.btx_BusinessTransactions.btx_DocumentInformation.cor_PeriodCoveredEnd,cor,Document Information,transactionPeriodCoveredEnd,/xbrli:xbrl/gl-btx:businessTransactions/gl-cor:transactionDocumentInformation/gl-cor:transactionPeriodCoveredEnd
233,cor,3,A,,Period Count,Decimal,0..1,,"Number of periods or buckets, used by postingCode. Used to interpret posting date. It may be preferable to limit entries by period covered to be by individual reporting period.",期間数,postingCodeで使用される期間又はバケットの数。 転記日付を説明するために使用される。対象期間の仕訳を個々の報告期間に限定することが望ましいかもしれない。,CO10-11,$.btx_BusinessTransactions.btx_DocumentInformation.cor_PeriodCount,cor,Document Information,transactionPeriodCount,/xbrli:xbrl/gl-btx:businessTransactions/gl-cor:transactionDocumentInformation/gl-cor:transactionPeriodCount
234,cor,3,A,,Period Unit,Token,0..1,,"Type of periods covered by periodCount. Enumerated as: daily, weekly, bi-weekly, semi-monthly, monthly, quarterly, thirdly, semiannual, annual, ad-hoc, current-period-only, other.",期間単位,"periodCountで対象とする期間の種別。_x000D_
[設定値のリスト]_x000D_
(daily：日次)、(weekly：週次)、(bi-weekly：隔週)、(semi-monthly：半月ごと)、(monthly：月次)、(quarterly：四半期ごと)、(thirdly：年3回)、(semiannual：半年ごと)、(annual：年次)、(ad-hoc：随時)、(current-period-only：当期)、(other：その他)",CO10-12,$.btx_BusinessTransactions.btx_DocumentInformation.cor_PeriodUnit,cor,Document Information,transactionPeriodUnit,/xbrli:xbrl/gl-btx:businessTransactions/gl-cor:transactionDocumentInformation/gl-cor:transactionPeriodUnit
235,cor,3,A,,Period Unit Description,String,0..1,,Free format description of the period unit,期間単位説明,対象期間単位の説明。,CO10-13,$.btx_BusinessTransactions.btx_DocumentInformation.cor_PeriodUnitDescription,cor,Document Information,transactionPeriodUnitDescription,/xbrli:xbrl/gl-btx:businessTransactions/gl-cor:transactionDocumentInformation/gl-cor:transactionPeriodUnitDescription
236,cor,3,A,,Source Application,String,0..1,,"Product or service that produced this file. Used by many systems (e.g., VAT). Version number can be included or extended.",作成元アプリケーション,このファイルを作り出した製品又はサービス。 多くのシステム(例えば、VATなど)で、使用される。 バージョン番号を含むことも可能。,CO10-14,$.btx_BusinessTransactions.btx_DocumentInformation.cor_SourceApplication,cor,Document Information,transactionSourceApplication,/xbrli:xbrl/gl-btx:businessTransactions/gl-cor:transactionDocumentInformation/gl-cor:transactionSourceApplication
237,cor,3,A,,Target Application,String,0..1,,Particular use for which file was generated.,対象アプリケーション,ファイルが作成された用途。,CO10-15,$.btx_BusinessTransactions.btx_DocumentInformation.cor_TargetApplication,cor,Document Information,transactionTargetApplication,/xbrli:xbrl/gl-btx:businessTransactions/gl-cor:transactionDocumentInformation/gl-cor:transactionTargetApplication
238,cor,3,A,,Default Currency,QName,0..1,,"The default currency related to the amount can be entered here instead of the XBRL instance specified way, especially important in multi-currency situations. Recommend ISO 4217 coding",既定通貨,XBRLインスタンス内に指定する方法のかわりに、金額の既定の通貨を指定可能。多通貨環境で特に重要。ISO4217コード体系を推奨。,CO10-16,$.btx_BusinessTransactions.btx_DocumentInformation.cor_DefaultCurrency,cor,Document Information,transactionDefaultCurrency,/xbrli:xbrl/gl-btx:businessTransactions/gl-cor:transactionDocumentInformation/gl-cor:transactionDefaultCurrency
239,lnk,3,C,,Summary Reporting Taxonomies,,0..*,,Identifies and provides information about one or more target reporting taxonomies to which the data represented in the document rolls up to.,【集約報告タクソノミ】,この文書で示されたデータのロールアップ先となる、1つ以上の報告タクソノミの情報を、識別し提供する。,CO10-17,$.btx_BusinessTransactions.btx_DocumentInformation.cor_SummaryReportingTaxonomies,lnk,Summary Reporting Taxonomies,transactionSummaryReportingTaxonomies,/xbrli:xbrl/gl-btx:businessTransactions/gl-cor:transactionDocumentInformation/gl-lnk:transactionSummaryReportingTaxonomies
240,lnk,4,A,,Summary Reporting Taxonomy ID,String,0..1,,"Identifies a target reporting taxonomy so that, for example, it can be referenced in the [summaryReportingTaxonomyIDRef] data field at [xbrlInfo] level.",集約報告タクソノミ識別子,たとえばxbrlInfo内のsummaryReportingTaxonomyIDRefで参照できるように、報告タクソノミを識別する。,LN02-01,$.btx_BusinessTransactions.btx_DocumentInformation.cor_SummaryReportingTaxonomies.lnk_SummaryReportingTaxonomyID,lnk,Summary Reporting Taxonomies,transactionSummaryReportingTaxonomyId,/xbrli:xbrl/gl-btx:businessTransactions/gl-cor:transactionDocumentInformation/gl-lnk:transactionSummaryReportingTaxonomies/gl-lnk:transactionSummaryReportingTaxonomyId
241,lnk,4,A,,Summary Reporting Taxonomy Schema Reference Href Attribute,String,0..1,,Value of the href attribute of schemaRef in the target reporting taxonomy.,集約報告タクソノミスキーマ参照情報,報告タクソノミ内の、schemaRef要素のhref属性の値。,LN02-02,$.btx_BusinessTransactions.btx_DocumentInformation.cor_SummaryReportingTaxonomies.lnk_SummaryReportingTaxonomySchemaReferenceHrefAttribute,lnk,Summary Reporting Taxonomies,transactionSummaryReportingTaxonomySchemaReferenceHrefAttribute,/xbrli:xbrl/gl-btx:businessTransactions/gl-cor:transactionDocumentInformation/gl-lnk:transactionSummaryReportingTaxonomies/gl-lnk:transactionSummaryReportingTaxonomySchemaReferenceHrefAttribute
242,lnk,4,A,,Summary Reporting Taxonomy Header,String,0..1,,An all-purpose data field where all the information necessary when it is too complex to be defined otherwise.,集約報告タクソノミヘッダ,必要なすべての情報が、複雑すぎて他の方法では定義できないときに、それらを記述する汎用的なデータ域。,LN02-03,$.btx_BusinessTransactions.btx_DocumentInformation.cor_SummaryReportingTaxonomies.lnk_SummaryReportingTaxonomyHeader,lnk,Summary Reporting Taxonomies,transactionSummaryReportingTaxonomyHeader,/xbrli:xbrl/gl-btx:businessTransactions/gl-cor:transactionDocumentInformation/gl-lnk:transactionSummaryReportingTaxonomies/gl-lnk:transactionSummaryReportingTaxonomyHeader
243,lnk,4,A,,Summary Reporting Taxonomy Description,String,0..1,,A description of the taxonomy for human use.,集約報告タクソノミ説明,人が利用するための、タクソノミの説明文。,LN02-04,$.btx_BusinessTransactions.btx_DocumentInformation.cor_SummaryReportingTaxonomies.lnk_SummaryReportingTaxonomyDescription,lnk,Summary Reporting Taxonomies,transactionSummaryReportingTaxonomyDescription,/xbrli:xbrl/gl-btx:businessTransactions/gl-cor:transactionDocumentInformation/gl-lnk:transactionSummaryReportingTaxonomies/gl-lnk:transactionSummaryReportingTaxonomyDescription
244,cor,2,C,,Entity_ Party,,0..1,,Holder for entity information - information about the reporting organization.,【事業体情報】,事業体情報（報告組織に関する情報）の入れ物。,BT09-02,$.btx_BusinessTransactions.btx_Entity_Party,cor,Entity_ Party,entityParty,/xbrli:xbrl/gl-btx:businessTransactions/gl-cor:entityParty
245,cor,3,A,,Party Name,String,0..1,,Name of the party,,,CO14-01,$.btx_BusinessTransactions.btx_Entity_Party.cor_PartyName,cor,Entity_ Party,entityPartyName,/xbrli:xbrl/gl-btx:businessTransactions/gl-cor:entityParty/gl-cor:entityPartyName
246,cor,3,A,,Party ID,String,0..1,,ID Number of the party,,,CO14-02,$.btx_BusinessTransactions.btx_Entity_Party.cor_PartyID,cor,Entity_ Party,entityPartyId,/xbrli:xbrl/gl-btx:businessTransactions/gl-cor:entityParty/gl-cor:entityPartyId
247,cor,3,A,,Party Business Description,String,0..1,,Description of the nature of the business of the party.,業種説明,事業体の事業の種類についての説明。,CO14-03,$.btx_BusinessTransactions.btx_Entity_Party.cor_PartyBusinessDescription,cor,Entity_ Party,entityPartyBusinessDescription,/xbrli:xbrl/gl-btx:businessTransactions/gl-cor:entityParty/gl-cor:entityPartyBusinessDescription
248,bus,3,C,,Party_ Phone,,0..*,,Primary phone number of the party.,【事業体電話番号】,事業体の主要電話番号情報。,CO14-04,$.btx_BusinessTransactions.btx_Entity_Party.cor_Party_Phone,bus,Party_ Phone,entityPartyPhone,/xbrli:xbrl/gl-btx:businessTransactions/gl-cor:entityParty/gl-bus:entityPartyPhone
249,bus,4,A,PK,Phone Number,String,0..1,,Phone number referred to in Phone Number Description'\.,電話番号,電話番号用途で示される電話番号。,BU01-01,$.btx_BusinessTransactions.btx_Entity_Party.cor_Party_Phone.bus_PhoneNumber,bus,Party_ Phone,entityPartyPhoneNumber,/xbrli:xbrl/gl-btx:businessTransactions/gl-cor:entityParty/gl-bus:entityPartyPhone/gl-bus:entityPartyPhoneNumber
250,bus,4,A,,Phone Number Description,String,0..1,,"Entity Phone Number Description such as Main, Investor relations. Enumerated as: bookkeeper, controller, direct, fax, investor-relations, main, switchboard, other.",電話番号用途,"代表、IR用などの、電話番号の用途。
[設定値のリスト]
(bookkeeper：記帳係)、(controller：会計責任者)、(direct：直通)、(fax：FAX)、(investor-relations：IR窓口)、(main：代表)、(switchboard：交換台)、(other：その他)",BU01-02,$.btx_BusinessTransactions.btx_Entity_Party.cor_Party_Phone.bus_PhoneNumberDescription,bus,Party_ Phone,entityPartyPhoneNumberDescription,/xbrli:xbrl/gl-btx:businessTransactions/gl-cor:entityParty/gl-bus:entityPartyPhone/gl-bus:entityPartyPhoneNumberDescription
251,bus,3,C,,Party_ Fax,,0..*,,Class for holding company fax information.,【事業体FAX番号】,事業体のFAX番号情報のタプル。,CO14-05,$.btx_BusinessTransactions.btx_Entity_Party.cor_Party_Fax,bus,Party_ Fax,entityPartyFax,/xbrli:xbrl/gl-btx:businessTransactions/gl-cor:entityParty/gl-bus:entityPartyFax
252,bus,4,A,PK,Fax Number,String,0..1,,Fax Number,FAX番号,FAX番号。,BU06-01,$.btx_BusinessTransactions.btx_Entity_Party.cor_Party_Fax.bus_FaxNumber,bus,Party_ Fax,entityPartyFaxNumber,/xbrli:xbrl/gl-btx:businessTransactions/gl-cor:entityParty/gl-bus:entityPartyFax/gl-bus:entityPartyFaxNumber
253,bus,4,A,,Fax Number Usage,String,0..1,,"Fax number usage (e.g. orders, head office, IR)",FAX番号用途,FAX番号の用途。(注文、本社、IRなど),BU06-02,$.btx_BusinessTransactions.btx_Entity_Party.cor_Party_Fax.bus_FaxNumberUsage,bus,Party_ Fax,entityPartyFaxNumberUsage,/xbrli:xbrl/gl-btx:businessTransactions/gl-cor:entityParty/gl-bus:entityPartyFax/gl-bus:entityPartyFaxNumberUsage
254,bus,3,C,,Party_ Email,,0..*,,Class for holding company email information.,【事業体Eメールアドレス】,事業体のEメールアドレス情報のタプル。,CO14-06,$.btx_BusinessTransactions.btx_Entity_Party.cor_Party_Email,bus,Party_ Email,entityPartyEmail,/xbrli:xbrl/gl-btx:businessTransactions/gl-cor:entityParty/gl-bus:entityPartyEmail
255,bus,4,A,PK,Email Address,String,0..1,,Email Address,Eメールアドレス,Eメールアドレス。,BU11-01,$.btx_BusinessTransactions.btx_Entity_Party.cor_Party_Email.bus_EmailAddress,bus,Party_ Email,entityPartyEmailAddress,/xbrli:xbrl/gl-btx:businessTransactions/gl-cor:entityParty/gl-bus:entityPartyEmail/gl-bus:entityPartyEmailAddress
256,bus,4,A,,Email Address Usage,String,0..1,,"Email address usage (e.g. orders, head office, IR)",Eメールアドレス用途,Eメールアドレスの用途。(注文、本社、IRなど),BU11-02,$.btx_BusinessTransactions.btx_Entity_Party.cor_Party_Email.bus_EmailAddressUsage,bus,Party_ Email,entityPartyEmailAddressUsage,/xbrli:xbrl/gl-btx:businessTransactions/gl-cor:entityParty/gl-bus:entityPartyEmail/gl-bus:entityPartyEmailAddressUsage
257,bus,3,C,,Registered_ Organization Identifier,,0..*,Registered,Class which contains various identifiers for theparty.,【識別子】,組織に関する様々な識別子を含むセクション。,CO14-07,$.btx_BusinessTransactions.btx_Entity_Party.cor_Registered_OrganizationIdentifier,bus,Organization Identifier,entityPartyRegisteredOrganizationIdentifier,/xbrli:xbrl/gl-btx:businessTransactions/gl-cor:entityParty/gl-bus:entityPartyRegisteredOrganizationIdentifier
258,bus,4,A,PK,Organization Identifier Code,String,0..1,,"Code representing the company or organization whose data this file represents: used for situations where one user (e.g., a CPA) needs to keep track of multiple organizations' files (e.g., multiple clients). Can be EIN#, client #, internal/external identifier, SIC code. Codes which identifies the entity. Includes the code identifier of the authority issuing the code, a colon, and the code itself. For example, CIK:01234567 for the CIK number issued by SEC EDGAR.",事業体識別子,このファイルでデータを表現している会社や組織のコード。ひとりのユーザ(例えば、公認会計士)が複数の組織(例えば、複数の顧客)のファイルを把握する必要がある場合に使用される。 EIN番号、顧客番号、内部/外部識別子、SICコードであってよい。事業体の識別子をコード化する。コードを発行する権威ある組織のコード識別子、コロン、およびコードそのものを含む。 例えば、SEC　EDGARが発行したCIK番号　CIK: 01234567。,BU30-01,$.btx_BusinessTransactions.btx_Entity_Party.cor_Registered_OrganizationIdentifier.bus_OrganizationIdentifierCode,bus,Organization Identifier,entityPartyRegisteredOrganizationIdentifierCode,/xbrli:xbrl/gl-btx:businessTransactions/gl-cor:entityParty/gl-bus:entityPartyRegisteredOrganizationIdentifier/gl-bus:entityPartyRegisteredOrganizationIdentifierCode
259,bus,4,A,,Organization Identifier Description,String,0..1,,Text describing the organization identified by the organization identifier. Includes any relevant information about the code itself (e.g. issuing authority).,事業体説明,事業体識別子によって特定された組織の説明文。 コードに関するなんらかの記述情報。,BU30-02,$.btx_BusinessTransactions.btx_Entity_Party.cor_Registered_OrganizationIdentifier.bus_OrganizationIdentifierDescription,bus,Organization Identifier,entityPartyRegisteredOrganizationIdentifierDescription,/xbrli:xbrl/gl-btx:businessTransactions/gl-cor:entityParty/gl-bus:entityPartyRegisteredOrganizationIdentifier/gl-bus:entityPartyRegisteredOrganizationIdentifierDescription
260,bus,3,C,,Party_ Address,,0..*,,Address class for the party,【住所】,報告事業体の住所構造体。,CO14-08,$.btx_BusinessTransactions.btx_Entity_Party.cor_Party_Address,bus,Party_ Address,entityPartyAddress,/xbrli:xbrl/gl-btx:businessTransactions/gl-cor:entityParty/gl-bus:entityPartyAddress
261,bus,4,A,,Name,String,0..1,,Address Name,住所名,住所の名前。,BU21-01,$.btx_BusinessTransactions.btx_Entity_Party.cor_Party_Address.bus_Name,bus,Party_ Address,entityPartyAddressName,/xbrli:xbrl/gl-btx:businessTransactions/gl-cor:entityParty/gl-bus:entityPartyAddress/gl-bus:entityPartyAddressName
262,bus,4,A,,Description,String,0..1,,Address Description,住所説明,住所の説明。,BU21-02,$.btx_BusinessTransactions.btx_Entity_Party.cor_Party_Address.bus_Description,bus,Party_ Address,entityPartyAddressDescription,/xbrli:xbrl/gl-btx:businessTransactions/gl-cor:entityParty/gl-bus:entityPartyAddress/gl-bus:entityPartyAddressDescription
263,bus,4,A,,Purpose,String,0..1,,Address Purpose,住所目的,住所の目的。,BU21-03,$.btx_BusinessTransactions.btx_Entity_Party.cor_Party_Address.bus_Purpose,bus,Party_ Address,entityPartyAddressPurpose,/xbrli:xbrl/gl-btx:businessTransactions/gl-cor:entityParty/gl-bus:entityPartyAddress/gl-bus:entityPartyAddressPurpose
264,bus,4,A,,Location ID,String,0..1,,A code used to identify the location and to associate it with contacts and transactions,所在地識別子,所在地を識別したり、窓口や取引と関係付けるコード。,BU21-04,$.btx_BusinessTransactions.btx_Entity_Party.cor_Party_Address.bus_LocationID,bus,Party_ Address,entityPartyAddressLocationId,/xbrli:xbrl/gl-btx:businessTransactions/gl-cor:entityParty/gl-bus:entityPartyAddress/gl-bus:entityPartyAddressLocationId
265,bus,4,A,,Building Number,String,0..1,,Building Number,住所建物番号,建物番号。,BU21-05,$.btx_BusinessTransactions.btx_Entity_Party.cor_Party_Address.bus_BuildingNumber,bus,Party_ Address,entityPartyAddressBuildingNumber,/xbrli:xbrl/gl-btx:businessTransactions/gl-cor:entityParty/gl-bus:entityPartyAddress/gl-bus:entityPartyAddressBuildingNumber
266,bus,4,A,,Street,String,0..1,,Street address,住所通り,住所の通り。,BU21-06,$.btx_BusinessTransactions.btx_Entity_Party.cor_Party_Address.bus_Street,bus,Party_ Address,entityPartyAddressStreet,/xbrli:xbrl/gl-btx:businessTransactions/gl-cor:entityParty/gl-bus:entityPartyAddress/gl-bus:entityPartyAddressStreet
267,bus,4,A,,Address Detail,String,0..1,,Address Detail,住所詳細,住所詳細。,BU21-07,$.btx_BusinessTransactions.btx_Entity_Party.cor_Party_Address.bus_AddressDetail,bus,Party_ Address,entityPartyAddressAddressDetail,/xbrli:xbrl/gl-btx:businessTransactions/gl-cor:entityParty/gl-bus:entityPartyAddress/gl-bus:entityPartyAddressAddressDetail
268,bus,4,A,,City,String,0..1,,City,住所都市,住所の都市。,BU21-08,$.btx_BusinessTransactions.btx_Entity_Party.cor_Party_Address.bus_City,bus,Party_ Address,entityPartyAddressCity,/xbrli:xbrl/gl-btx:businessTransactions/gl-cor:entityParty/gl-bus:entityPartyAddress/gl-bus:entityPartyAddressCity
269,bus,4,A,,State or Province,String,0..1,,"State, province or region",住所州,住所の州や地方。,BU21-09,$.btx_BusinessTransactions.btx_Entity_Party.cor_Party_Address.bus_StateorProvince,bus,Party_ Address,entityPartyAddressStateOrProvince,/xbrli:xbrl/gl-btx:businessTransactions/gl-cor:entityParty/gl-bus:entityPartyAddress/gl-bus:entityPartyAddressStateOrProvince
270,bus,4,A,,Country,String,0..1,,Country,住所国,住所の国。,BU21-10,$.btx_BusinessTransactions.btx_Entity_Party.cor_Party_Address.bus_Country,bus,Party_ Address,entityPartyAddressCountry,/xbrli:xbrl/gl-btx:businessTransactions/gl-cor:entityParty/gl-bus:entityPartyAddress/gl-bus:entityPartyAddressCountry
271,bus,4,A,,Zip or Postal Code,String,0..1,,Zip or other postal code,住所郵便番号,住所の郵便番号。,BU21-11,$.btx_BusinessTransactions.btx_Entity_Party.cor_Party_Address.bus_ZiporPostalCode,bus,Party_ Address,entityPartyAddressZipOrPostalCode,/xbrli:xbrl/gl-btx:businessTransactions/gl-cor:entityParty/gl-bus:entityPartyAddress/gl-bus:entityPartyAddressZipOrPostalCode
272,bus,4,A,,Active Indicator,Boolean,0..1,,"Boolean to indicate whether the address is active (=""true"") or inactive (=""false"")",住所有効性,住所が有効か無効かを示すブール値。,BU21-12,$.btx_BusinessTransactions.btx_Entity_Party.cor_Party_Address.bus_ActiveIndicator,bus,Party_ Address,entityPartyAddressActiveIndicator,/xbrli:xbrl/gl-btx:businessTransactions/gl-cor:entityParty/gl-bus:entityPartyAddress/gl-bus:entityPartyAddressActiveIndicator
273,bus,3,C,,Party_ Web Site,,0..*,,Primary web site of the party.,【事業体Webサイト】,事業体の代表ウェブサイト。,CO14-09,$.btx_BusinessTransactions.btx_Entity_Party.cor_Party_WebSite,bus,Party_ Web Site,entityPartyWebSite,/xbrli:xbrl/gl-btx:businessTransactions/gl-cor:entityParty/gl-bus:entityPartyWebSite
274,bus,4,A,PK,Web Site URL,anyURI,0..1,,Valid URL of the web site. Should be full URL.,WebサイトURL,ウェブサイトの有効なURL。 完全なURLであるべき。,BU16-01,$.btx_BusinessTransactions.btx_Entity_Party.cor_Party_WebSite.bus_WebSiteURL,bus,Party_ Web Site,entityPartyWebSiteUrl,/xbrli:xbrl/gl-btx:businessTransactions/gl-cor:entityParty/gl-bus:entityPartyWebSite/gl-bus:entityPartyWebSiteUrl
275,bus,4,A,,Web Site Description,String,0..1,,Description of the web site.,Webサイト説明,ウェブサイトの説明。,BU16-02,$.btx_BusinessTransactions.btx_Entity_Party.cor_Party_WebSite.bus_WebSiteDescription,bus,Party_ Web Site,entityPartyWebSiteDescription,/xbrli:xbrl/gl-btx:businessTransactions/gl-cor:entityParty/gl-bus:entityPartyWebSite/gl-bus:entityPartyWebSiteDescription
276,bus,3,C,,Party_ Contact,,0..*,,Information about contacts.,【担当者情報】,担当者に関する情報。,CO14-10,$.btx_BusinessTransactions.btx_Entity_Party.cor_Party_Contact,bus,Party_ Contact,entityPartyContact,/xbrli:xbrl/gl-btx:businessTransactions/gl-cor:entityParty/gl-bus:entityPartyContact
277,bus,4,A,,Contact Prefix,String,0..1,,"Prefix (e.g. Dr., Mr., Mrs.)",敬称,敬称(Dr.、Mr.、Mrs.など),BU22-01,$.btx_BusinessTransactions.btx_Entity_Party.cor_Party_Contact.bus_ContactPrefix,bus,Party_ Contact,entityPartyContactPrefix,/xbrli:xbrl/gl-btx:businessTransactions/gl-cor:entityParty/gl-bus:entityPartyContact/gl-bus:entityPartyContactPrefix
278,bus,4,A,,Contact Last Name,String,0..1,,Last or family name,姓,姓,BU22-02,$.btx_BusinessTransactions.btx_Entity_Party.cor_Party_Contact.bus_ContactLastName,bus,Party_ Contact,entityPartyContactLastName,/xbrli:xbrl/gl-btx:businessTransactions/gl-cor:entityParty/gl-bus:entityPartyContact/gl-bus:entityPartyContactLastName
279,bus,4,A,,Contact First Name,String,0..1,,First or given name,名,名、クリスチャンネーム,BU22-03,$.btx_BusinessTransactions.btx_Entity_Party.cor_Party_Contact.bus_ContactFirstName,bus,Party_ Contact,entityPartyContactFirstName,/xbrli:xbrl/gl-btx:businessTransactions/gl-cor:entityParty/gl-bus:entityPartyContact/gl-bus:entityPartyContactFirstName
280,bus,4,A,,Contact Suffix,String,0..1,,"Suffix (e.g. MD, CPA, Jr.)",付加名称,付加名称(MD、CPA、Jr.など),BU22-04,$.btx_BusinessTransactions.btx_Entity_Party.cor_Party_Contact.bus_ContactSuffix,bus,Party_ Contact,entityPartyContactSuffix,/xbrli:xbrl/gl-btx:businessTransactions/gl-cor:entityParty/gl-bus:entityPartyContact/gl-bus:entityPartyContactSuffix
281,bus,4,A,,Contact Attention Line,String,0..1,,Attention Line,アテンションライン,アテンションライン,BU22-05,$.btx_BusinessTransactions.btx_Entity_Party.cor_Party_Contact.bus_ContactAttentionLine,bus,Party_ Contact,entityPartyContactAttentionLine,/xbrli:xbrl/gl-btx:businessTransactions/gl-cor:entityParty/gl-bus:entityPartyContact/gl-bus:entityPartyContactAttentionLine
282,bus,4,A,,Contact Position Role,String,0..1,,Position or role,地位/役職,地位や役職。,BU22-06,$.btx_BusinessTransactions.btx_Entity_Party.cor_Party_Contact.bus_ContactPositionRole,bus,Party_ Contact,entityPartyContactPositionRole,/xbrli:xbrl/gl-btx:businessTransactions/gl-cor:entityParty/gl-bus:entityPartyContact/gl-bus:entityPartyContactPositionRole
283,bus,4,A,,Contact Contact Type,String,0..1,,"Role of contact. Examples include: Source Service, Sender, Recipient, Invoicer, Auditor, Accountant",担当者役割,担当者の役割。例：ソースサービス、送付元、受取人、請求先、監査人、会計事務所。,BU22-07,$.btx_BusinessTransactions.btx_Entity_Party.cor_Party_Contact.bus_ContactContactType,bus,Party_ Contact,entityPartyContactContactType,/xbrli:xbrl/gl-btx:businessTransactions/gl-cor:entityParty/gl-bus:entityPartyContact/gl-bus:entityPartyContactContactType
284,bus,4,A,,Contact Location ID cross reference,String,0..1,,This code is used to associate the contact with a specific location for the Entity. Its value should be the same as that of the organizationAddressLocationIdentifier,所在地相互参照情報,担当者と事業体の位置情報を関係付けるためのコード。organizationAddressLocationIdentifierと同じ値であるべき。,BU22-08,$.btx_BusinessTransactions.btx_Entity_Party.cor_Party_Contact.bus_ContactLocationIDcrossreference,bus,Party_ Contact,entityPartyContactLocationIdCrossReference,/xbrli:xbrl/gl-btx:businessTransactions/gl-cor:entityParty/gl-bus:entityPartyContact/gl-bus:entityPartyContactLocationIdCrossReference
285,bus,4,A,,Contact Active,Boolean,0..1,,"Boolean to indicate whether the contact is active (=""true"") or inactive (=""false"")",担当者有効性,担当者が有効か無効かを示すブール値。,BU22-09,$.btx_BusinessTransactions.btx_Entity_Party.cor_Party_Contact.bus_ContactActive,bus,Party_ Contact,entityPartyContactActive,/xbrli:xbrl/gl-btx:businessTransactions/gl-cor:entityParty/gl-bus:entityPartyContact/gl-bus:entityPartyContactActive
286,bus,4,C,,Contact_ Phone,,0..*,,Contact Phone Number,【担当者電話番号】,担当者の電話番号。,BU22-10,$.btx_BusinessTransactions.btx_Entity_Party.cor_Party_Contact.bus_Contact_Phone,bus,Contact_ Phone,entityPartyContactPhone,/xbrli:xbrl/gl-btx:businessTransactions/gl-cor:entityParty/gl-bus:entityPartyContact/gl-bus:entityPartyContactPhone
287,bus,5,A,PK,Phone Number,String,0..1,,Phone number referred to in Phone Number Description'\.,電話番号,電話番号用途で示される電話番号。,BU03-01,$.btx_BusinessTransactions.btx_Entity_Party.cor_Party_Contact.bus_Contact_Phone.bus_PhoneNumber,bus,Contact_ Phone,entityPartyContactPhoneNumber,/xbrli:xbrl/gl-btx:businessTransactions/gl-cor:entityParty/gl-bus:entityPartyContact/gl-bus:entityPartyContactPhone/gl-bus:entityPartyContactPhoneNumber
288,bus,5,A,,Phone Number Description,String,0..1,,"Entity Phone Number Description such as Main, Investor relations. Enumerated as: bookkeeper, controller, direct, fax, investor-relations, main, switchboard, other.",電話番号用途,"代表、IR用などの、電話番号の用途。
[設定値のリスト]
(bookkeeper：記帳係)、(controller：会計責任者)、(direct：直通)、(fax：FAX)、(investor-relations：IR窓口)、(main：代表)、(switchboard：交換台)、(other：その他)",BU03-02,$.btx_BusinessTransactions.btx_Entity_Party.cor_Party_Contact.bus_Contact_Phone.bus_PhoneNumberDescription,bus,Contact_ Phone,entityPartyContactPhoneNumberDescription,/xbrli:xbrl/gl-btx:businessTransactions/gl-cor:entityParty/gl-bus:entityPartyContact/gl-bus:entityPartyContactPhone/gl-bus:entityPartyContactPhoneNumberDescription
289,bus,4,C,,Contact_ Fax,,0..*,,Contact Fax Number Class,【担当者FAX番号】,担当者のFAX番号の構造体。,BU22-11,$.btx_BusinessTransactions.btx_Entity_Party.cor_Party_Contact.bus_Contact_Fax,bus,Contact_ Fax,entityPartyContactFax,/xbrli:xbrl/gl-btx:businessTransactions/gl-cor:entityParty/gl-bus:entityPartyContact/gl-bus:entityPartyContactFax
290,bus,5,A,PK,Fax Number,String,0..1,,Fax Number,FAX番号,FAX番号。,BU08-01,$.btx_BusinessTransactions.btx_Entity_Party.cor_Party_Contact.bus_Contact_Fax.bus_FaxNumber,bus,Contact_ Fax,entityPartyContactFaxNumber,/xbrli:xbrl/gl-btx:businessTransactions/gl-cor:entityParty/gl-bus:entityPartyContact/gl-bus:entityPartyContactFax/gl-bus:entityPartyContactFaxNumber
291,bus,5,A,,Fax Number Usage,String,0..1,,"Fax number usage (e.g. orders, head office, IR)",FAX番号用途,FAX番号の用途。(注文、本社、IRなど),BU08-02,$.btx_BusinessTransactions.btx_Entity_Party.cor_Party_Contact.bus_Contact_Fax.bus_FaxNumberUsage,bus,Contact_ Fax,entityPartyContactFaxNumberUsage,/xbrli:xbrl/gl-btx:businessTransactions/gl-cor:entityParty/gl-bus:entityPartyContact/gl-bus:entityPartyContactFax/gl-bus:entityPartyContactFaxNumberUsage
292,bus,4,C,,Contact_ Email,,0..*,,Contact E-mail address class,【担当者Eメールアドレス】,担当者のEメールアドレスの構造体。,BU22-12,$.btx_BusinessTransactions.btx_Entity_Party.cor_Party_Contact.bus_Contact_Email,bus,Contact_ Email,entityPartyContactEmail,/xbrli:xbrl/gl-btx:businessTransactions/gl-cor:entityParty/gl-bus:entityPartyContact/gl-bus:entityPartyContactEmail
293,bus,5,A,PK,Email Address,String,0..1,,Email Address,Eメールアドレス,Eメールアドレス。,BU13-01,$.btx_BusinessTransactions.btx_Entity_Party.cor_Party_Contact.bus_Contact_Email.bus_EmailAddress,bus,Contact_ Email,entityPartyContactEmailAddress,/xbrli:xbrl/gl-btx:businessTransactions/gl-cor:entityParty/gl-bus:entityPartyContact/gl-bus:entityPartyContactEmail/gl-bus:entityPartyContactEmailAddress
294,bus,5,A,,Email Address Usage,String,0..1,,"Email address usage (e.g. orders, head office, IR)",Eメールアドレス用途,Eメールアドレスの用途。(注文、本社、IRなど),BU13-02,$.btx_BusinessTransactions.btx_Entity_Party.cor_Party_Contact.bus_Contact_Email.bus_EmailAddressUsage,bus,Contact_ Email,entityPartyContactEmailAddressUsage,/xbrli:xbrl/gl-btx:businessTransactions/gl-cor:entityParty/gl-bus:entityPartyContact/gl-bus:entityPartyContactEmail/gl-bus:entityPartyContactEmailAddressUsage
295,cor,3,A,,Default Accounting Method Purpose,Token,0..1,,"If not stated explicitly at the line level, the default reporting purpose - from book, tax, management, statutory, other",既定会計処理方法目的,"明細レベルで明確に指定しない場合の、既定の報告目的を表す。帳簿、税、管理、スタチュトリ、その他から選択する。_x000D_
[設定値のリスト]_x000D_
(book：帳簿)、(tax：税)、(management：管理)、(statutory：スタチュトリ)、(other：その他)",CO14-11,$.btx_BusinessTransactions.btx_Entity_Party.cor_DefaultAccountingMethodPurpose,cor,Entity_ Party,entityDefaultAccountingMethodPurpose,/xbrli:xbrl/gl-btx:businessTransactions/gl-cor:entityParty/gl-cor:entityDefaultAccountingMethodPurpose
296,cor,3,A,,Default Accounting Method Purpose Description,String,0..1,,Free format description of the default accounting method purpose,既定会計処理方法目的説明,既定の会計処理方法目的の説明。,CO14-12,$.btx_BusinessTransactions.btx_Entity_Party.cor_DefaultAccountingMethodPurposeDescription,cor,Entity_ Party,entityDefaultAccountingMethodPurposeDescription,/xbrli:xbrl/gl-btx:businessTransactions/gl-cor:entityParty/gl-cor:entityDefaultAccountingMethodPurposeDescription
297,cor,3,A,,Fiscal Year Start,Date,0..1,,"Start of fiscal year. Where appropriate, corporate year period representation permits non-365 or 366 day years (more appropriate for internal sharing than data from external sources), In Europe, some jurisdictions allow 2 year minus 1 day fiscal years.",会計年度開始日付,会計年度の開始日。妥当であれば、企業の会計年度表示において、366日や365日でない年も許可する（外部ソースからのデータより内部共有のための方が適している）。ヨーロッパでは、2年マイナス1日の会計年度を許可するところもある。,CO14-13,$.btx_BusinessTransactions.btx_Entity_Party.cor_FiscalYearStart,cor,Entity_ Party,entityFiscalYearStart,/xbrli:xbrl/gl-btx:businessTransactions/gl-cor:entityParty/gl-cor:entityFiscalYearStart
298,cor,3,A,,Fiscal Year End,Date,0..1,,"End of fiscal year. Where appropriate, corporate year period representation permits non-365 or 366 day years (more appropriate for internal sharing than data from external sources), In Europe, some jurisdictions allow 2 year minus 1 day fiscal years.",会計年度終了日付,会計年度の終了日。妥当であれば、企業の会計年度表示において、366日や365日でない年も許可する（外部ソースからのデータより内部共有のための方が適している）。ヨーロッパでは、2年マイナス1日の会計年度を許可するところもある。,CO14-14,$.btx_BusinessTransactions.btx_Entity_Party.cor_FiscalYearEnd,cor,Entity_ Party,entityFiscalYearEnd,/xbrli:xbrl/gl-btx:businessTransactions/gl-cor:entityParty/gl-cor:entityFiscalYearEnd
299,bus,3,C,,Specified_ Accounting Method Structure,,0..*,Specified,Class for identifying the methods of accounting used by the entity for different reporting purposes,【会計処理方法】,異なる報告目的に応じて事業体が使用する会計処理方法を識別するためのセクション。,CO14-15,$.btx_BusinessTransactions.btx_Entity_Party.cor_Specified_AccountingMethodStructure,bus,Accounting Method Structure,entitySpecifiedAccountingMethodStructure,/xbrli:xbrl/gl-btx:businessTransactions/gl-cor:entityParty/gl-bus:entitySpecifiedAccountingMethodStructure
300,bus,4,A,,Accounting Method,Token,0..1,,"For this entity, the method of accounting represented - from: accrual, cash, modified cash, modified accrual, encumbrance, special methods, hybrid methods, other",会計処理方法,"事業体の会計処理方法を表す。発生基準、現金基準、修正現金基準、修正発生基準、債務基準、特別な方法、混合方法、その他_x000D_
[設定値のリスト]_x000D_
(accrual：発生基準)、(cash：現金基準)、(modified cash：修正現金基準)、(modified accrual：修正発生基準)、(encumbrance：債務基準)、(special methods：特別な方法)、(hybrid methods：混合方法)、(other：その他)",BU25-01,$.btx_BusinessTransactions.btx_Entity_Party.cor_Specified_AccountingMethodStructure.bus_AccountingMethod,bus,Accounting Method Structure,entityAccountingMethod,/xbrli:xbrl/gl-btx:businessTransactions/gl-cor:entityParty/gl-bus:entitySpecifiedAccountingMethodStructure/gl-bus:entityAccountingMethod
301,bus,4,A,,Accounting Method Description,String,0..1,,Free format description of the accounting method,会計処理方法説明,会計処理方法の説明。,BU25-02,$.btx_BusinessTransactions.btx_Entity_Party.cor_Specified_AccountingMethodStructure.bus_AccountingMethodDescription,bus,Accounting Method Structure,entityAccountingMethodDescription,/xbrli:xbrl/gl-btx:businessTransactions/gl-cor:entityParty/gl-bus:entitySpecifiedAccountingMethodStructure/gl-bus:entityAccountingMethodDescription
302,bus,4,A,,Accounting Method Purpose,Token,0..1,,"For this entity, the reporting purpose represented - from book, tax, management, statutory, other",会計処理方法目的,"事業体の報告の目的を表す。帳簿、税、管理、スタチュトリ、その他から選択する。_x000D_
[設定値のリスト]_x000D_
(book：帳簿)、(tax：税)、(management：管理)、(statutory：スタチュトリ)、(other：その他)",BU25-03,$.btx_BusinessTransactions.btx_Entity_Party.cor_Specified_AccountingMethodStructure.bus_AccountingMethodPurpose,bus,Accounting Method Structure,entityAccountingMethodPurpose,/xbrli:xbrl/gl-btx:businessTransactions/gl-cor:entityParty/gl-bus:entitySpecifiedAccountingMethodStructure/gl-bus:entityAccountingMethodPurpose
303,bus,4,A,,Accounting Method Purpose Description,String,0..1,,Free format description of the accounting method purpose,会計処理方法目的説明,会計処理方法の目的の説明。,BU25-04,$.btx_BusinessTransactions.btx_Entity_Party.cor_Specified_AccountingMethodStructure.bus_AccountingMethodPurposeDescription,bus,Accounting Method Structure,entityAccountingMethodPurposeDescription,/xbrli:xbrl/gl-btx:businessTransactions/gl-cor:entityParty/gl-bus:entitySpecifiedAccountingMethodStructure/gl-bus:entityAccountingMethodPurposeDescription
304,bus,4,A,,Accounting Method Start Date,Date Time,0..1,,Accounting Method Start Date,会計処理方法開始日付,会計処理方法の開始日。,BU25-05,$.btx_BusinessTransactions.btx_Entity_Party.cor_Specified_AccountingMethodStructure.bus_AccountingMethodStartDate,bus,Accounting Method Structure,entityAccountingMethodStartDate,/xbrli:xbrl/gl-btx:businessTransactions/gl-cor:entityParty/gl-bus:entitySpecifiedAccountingMethodStructure/gl-bus:entityAccountingMethodStartDate
305,bus,4,A,,Accounting Method End Date,Date Time,0..1,,Accounting Method End Date,会計処理方法終了日付,会計処理方法の終了日。,BU25-06,$.btx_BusinessTransactions.btx_Entity_Party.cor_Specified_AccountingMethodStructure.bus_AccountingMethodEndDate,bus,Accounting Method Structure,entityAccountingMethodEndDate,/xbrli:xbrl/gl-btx:businessTransactions/gl-cor:entityParty/gl-bus:entitySpecifiedAccountingMethodStructure/gl-bus:entityAccountingMethodEndDate
306,bus,3,C,,Assigned_ Accountant,,0..*,Assigned,Information about the relevant external accountant,【会計事務所情報】,関連する外部会計事務所に関する情報。,CO14-16,$.btx_BusinessTransactions.btx_Entity_Party.cor_Assigned_Accountant,bus,Accountant,entityAssignedAccountant,/xbrli:xbrl/gl-btx:businessTransactions/gl-cor:entityParty/gl-bus:entityAssignedAccountant
307,bus,4,A,,Accountant Name,String,0..1,,Name of the accountant,会計事務所名,会計事務所の名前。,BU26-01,$.btx_BusinessTransactions.btx_Entity_Party.cor_Assigned_Accountant.bus_AccountantName,bus,Accountant,entityAccountantName,/xbrli:xbrl/gl-btx:businessTransactions/gl-cor:entityParty/gl-bus:entityAssignedAccountant/gl-bus:entityAccountantName
308,bus,4,A,,Accountant Type of Engagement,Token,0..1,,"Type of engagement being performed by external accountant. Enumerated as: audit, review, compilation, tax, other.",契約種別,"外部会計事務所によって実行される契約の種別。_x000D_
[設定値のリスト]_x000D_
(audit：監査)、(review：検査)、(compilation：帳簿作成)、(tax：税)、(other：その他)",BU26-02,$.btx_BusinessTransactions.btx_Entity_Party.cor_Assigned_Accountant.bus_AccountantTypeofEngagement,bus,Accountant,entityAccountantTypeOfEngagement,/xbrli:xbrl/gl-btx:businessTransactions/gl-cor:entityParty/gl-bus:entityAssignedAccountant/gl-bus:entityAccountantTypeOfEngagement
309,bus,4,A,,Accountant Type of Engagement Description,String,0..1,,Free format description of the type of engagement,契約種別説明,契約種別の説明。,BU26-03,$.btx_BusinessTransactions.btx_Entity_Party.cor_Assigned_Accountant.bus_AccountantTypeofEngagementDescription,bus,Accountant,entityAccountantTypeOfEngagementDescription,/xbrli:xbrl/gl-btx:businessTransactions/gl-cor:entityParty/gl-bus:entityAssignedAccountant/gl-bus:entityAccountantTypeOfEngagementDescription
310,bus,4,C,,Accountant_ Address,,0..*,,Class which contains accountant address information.,【会計事務所住所】,会計事務所の住所情報を含むセクション。,BU26-04,$.btx_BusinessTransactions.btx_Entity_Party.cor_Assigned_Accountant.bus_Accountant_Address,bus,Accountant_ Address,entityAccountantAddress,/xbrli:xbrl/gl-btx:businessTransactions/gl-cor:entityParty/gl-bus:entityAssignedAccountant/gl-bus:entityAccountantAddress
311,bus,5,A,,Name,String,0..1,,Address Name,住所名,住所の名前。,BU19-01,$.btx_BusinessTransactions.btx_Entity_Party.cor_Assigned_Accountant.bus_Accountant_Address.bus_Name,bus,Accountant_ Address,entityAccountantAddressName,/xbrli:xbrl/gl-btx:businessTransactions/gl-cor:entityParty/gl-bus:entityAssignedAccountant/gl-bus:entityAccountantAddress/gl-bus:entityAccountantAddressName
312,bus,5,A,,Description,String,0..1,,Address Description,住所説明,住所の説明。,BU19-02,$.btx_BusinessTransactions.btx_Entity_Party.cor_Assigned_Accountant.bus_Accountant_Address.bus_Description,bus,Accountant_ Address,entityAccountantAddressDescription,/xbrli:xbrl/gl-btx:businessTransactions/gl-cor:entityParty/gl-bus:entityAssignedAccountant/gl-bus:entityAccountantAddress/gl-bus:entityAccountantAddressDescription
313,bus,5,A,,Purpose,String,0..1,,Address Purpose,住所目的,住所の目的。,BU19-03,$.btx_BusinessTransactions.btx_Entity_Party.cor_Assigned_Accountant.bus_Accountant_Address.bus_Purpose,bus,Accountant_ Address,entityAccountantAddressPurpose,/xbrli:xbrl/gl-btx:businessTransactions/gl-cor:entityParty/gl-bus:entityAssignedAccountant/gl-bus:entityAccountantAddress/gl-bus:entityAccountantAddressPurpose
314,bus,5,A,,Location ID,String,0..1,,A code used to identify the location and to associate it with contacts and transactions,所在地識別子,所在地を識別したり、窓口や取引と関係付けるコード。,BU19-04,$.btx_BusinessTransactions.btx_Entity_Party.cor_Assigned_Accountant.bus_Accountant_Address.bus_LocationID,bus,Accountant_ Address,entityAccountantAddressLocationId,/xbrli:xbrl/gl-btx:businessTransactions/gl-cor:entityParty/gl-bus:entityAssignedAccountant/gl-bus:entityAccountantAddress/gl-bus:entityAccountantAddressLocationId
315,bus,5,A,,Building Number,String,0..1,,Building Number,住所建物番号,建物番号。,BU19-05,$.btx_BusinessTransactions.btx_Entity_Party.cor_Assigned_Accountant.bus_Accountant_Address.bus_BuildingNumber,bus,Accountant_ Address,entityAccountantAddressBuildingNumber,/xbrli:xbrl/gl-btx:businessTransactions/gl-cor:entityParty/gl-bus:entityAssignedAccountant/gl-bus:entityAccountantAddress/gl-bus:entityAccountantAddressBuildingNumber
316,bus,5,A,,Street,String,0..1,,Street address,住所通り,住所の通り。,BU19-06,$.btx_BusinessTransactions.btx_Entity_Party.cor_Assigned_Accountant.bus_Accountant_Address.bus_Street,bus,Accountant_ Address,entityAccountantAddressStreet,/xbrli:xbrl/gl-btx:businessTransactions/gl-cor:entityParty/gl-bus:entityAssignedAccountant/gl-bus:entityAccountantAddress/gl-bus:entityAccountantAddressStreet
317,bus,5,A,,Address Detail,String,0..1,,Address Detail,住所詳細,住所詳細。,BU19-07,$.btx_BusinessTransactions.btx_Entity_Party.cor_Assigned_Accountant.bus_Accountant_Address.bus_AddressDetail,bus,Accountant_ Address,entityAccountantAddressAddressDetail,/xbrli:xbrl/gl-btx:businessTransactions/gl-cor:entityParty/gl-bus:entityAssignedAccountant/gl-bus:entityAccountantAddress/gl-bus:entityAccountantAddressAddressDetail
318,bus,5,A,,City,String,0..1,,City,住所都市,住所の都市。,BU19-08,$.btx_BusinessTransactions.btx_Entity_Party.cor_Assigned_Accountant.bus_Accountant_Address.bus_City,bus,Accountant_ Address,entityAccountantAddressCity,/xbrli:xbrl/gl-btx:businessTransactions/gl-cor:entityParty/gl-bus:entityAssignedAccountant/gl-bus:entityAccountantAddress/gl-bus:entityAccountantAddressCity
319,bus,5,A,,State or Province,String,0..1,,"State, province or region",住所州,住所の州や地方。,BU19-09,$.btx_BusinessTransactions.btx_Entity_Party.cor_Assigned_Accountant.bus_Accountant_Address.bus_StateorProvince,bus,Accountant_ Address,entityAccountantAddressStateOrProvince,/xbrli:xbrl/gl-btx:businessTransactions/gl-cor:entityParty/gl-bus:entityAssignedAccountant/gl-bus:entityAccountantAddress/gl-bus:entityAccountantAddressStateOrProvince
320,bus,5,A,,Country,String,0..1,,Country,住所国,住所の国。,BU19-10,$.btx_BusinessTransactions.btx_Entity_Party.cor_Assigned_Accountant.bus_Accountant_Address.bus_Country,bus,Accountant_ Address,entityAccountantAddressCountry,/xbrli:xbrl/gl-btx:businessTransactions/gl-cor:entityParty/gl-bus:entityAssignedAccountant/gl-bus:entityAccountantAddress/gl-bus:entityAccountantAddressCountry
321,bus,5,A,,Zip or Postal Code,String,0..1,,Zip or other postal code,住所郵便番号,住所の郵便番号。,BU19-11,$.btx_BusinessTransactions.btx_Entity_Party.cor_Assigned_Accountant.bus_Accountant_Address.bus_ZiporPostalCode,bus,Accountant_ Address,entityAccountantAddressZipOrPostalCode,/xbrli:xbrl/gl-btx:businessTransactions/gl-cor:entityParty/gl-bus:entityAssignedAccountant/gl-bus:entityAccountantAddress/gl-bus:entityAccountantAddressZipOrPostalCode
322,bus,5,A,,Active Indicator,Boolean,0..1,,"Boolean to indicate whether the address is active (=""true"") or inactive (=""false"")",住所有効性,住所が有効か無効かを示すブール値。,BU19-12,$.btx_BusinessTransactions.btx_Entity_Party.cor_Assigned_Accountant.bus_Accountant_Address.bus_ActiveIndicator,bus,Accountant_ Address,entityAccountantAddressActiveIndicator,/xbrli:xbrl/gl-btx:businessTransactions/gl-cor:entityParty/gl-bus:entityAssignedAccountant/gl-bus:entityAccountantAddress/gl-bus:entityAccountantAddressActiveIndicator
323,bus,4,C,,Accountant_ Contact,,0..*,,Accountant Contact Information Class,【会計事務所担当者情報】,会計事務所の担当者情報の構造体。,BU26-05,$.btx_BusinessTransactions.btx_Entity_Party.cor_Assigned_Accountant.bus_Accountant_Contact,bus,Accountant_ Contact,entityAccountantContact,/xbrli:xbrl/gl-btx:businessTransactions/gl-cor:entityParty/gl-bus:entityAssignedAccountant/gl-bus:entityAccountantContact
324,bus,5,A,,Contact Prefix,String,0..1,,"Prefix (e.g. Dr., Mr., Mrs.)",敬称,敬称(Dr.、Mr.、Mrs.など),BU24-01,$.btx_BusinessTransactions.btx_Entity_Party.cor_Assigned_Accountant.bus_Accountant_Contact.bus_ContactPrefix,bus,Accountant_ Contact,entityAccountantContactPrefix,/xbrli:xbrl/gl-btx:businessTransactions/gl-cor:entityParty/gl-bus:entityAssignedAccountant/gl-bus:entityAccountantContact/gl-bus:entityAccountantContactPrefix
325,bus,5,A,,Contact Last Name,String,0..1,,Last or family name,姓,姓,BU24-02,$.btx_BusinessTransactions.btx_Entity_Party.cor_Assigned_Accountant.bus_Accountant_Contact.bus_ContactLastName,bus,Accountant_ Contact,entityAccountantContactLastName,/xbrli:xbrl/gl-btx:businessTransactions/gl-cor:entityParty/gl-bus:entityAssignedAccountant/gl-bus:entityAccountantContact/gl-bus:entityAccountantContactLastName
326,bus,5,A,,Contact First Name,String,0..1,,First or given name,名,名、クリスチャンネーム,BU24-03,$.btx_BusinessTransactions.btx_Entity_Party.cor_Assigned_Accountant.bus_Accountant_Contact.bus_ContactFirstName,bus,Accountant_ Contact,entityAccountantContactFirstName,/xbrli:xbrl/gl-btx:businessTransactions/gl-cor:entityParty/gl-bus:entityAssignedAccountant/gl-bus:entityAccountantContact/gl-bus:entityAccountantContactFirstName
327,bus,5,A,,Contact Suffix,String,0..1,,"Suffix (e.g. MD, CPA, Jr.)",付加名称,付加名称(MD、CPA、Jr.など),BU24-04,$.btx_BusinessTransactions.btx_Entity_Party.cor_Assigned_Accountant.bus_Accountant_Contact.bus_ContactSuffix,bus,Accountant_ Contact,entityAccountantContactSuffix,/xbrli:xbrl/gl-btx:businessTransactions/gl-cor:entityParty/gl-bus:entityAssignedAccountant/gl-bus:entityAccountantContact/gl-bus:entityAccountantContactSuffix
328,bus,5,A,,Contact Attention Line,String,0..1,,Attention Line,アテンションライン,アテンションライン,BU24-05,$.btx_BusinessTransactions.btx_Entity_Party.cor_Assigned_Accountant.bus_Accountant_Contact.bus_ContactAttentionLine,bus,Accountant_ Contact,entityAccountantContactAttentionLine,/xbrli:xbrl/gl-btx:businessTransactions/gl-cor:entityParty/gl-bus:entityAssignedAccountant/gl-bus:entityAccountantContact/gl-bus:entityAccountantContactAttentionLine
329,bus,5,A,,Contact Position Role,String,0..1,,Position or role,地位/役職,地位や役職。,BU24-06,$.btx_BusinessTransactions.btx_Entity_Party.cor_Assigned_Accountant.bus_Accountant_Contact.bus_ContactPositionRole,bus,Accountant_ Contact,entityAccountantContactPositionRole,/xbrli:xbrl/gl-btx:businessTransactions/gl-cor:entityParty/gl-bus:entityAssignedAccountant/gl-bus:entityAccountantContact/gl-bus:entityAccountantContactPositionRole
330,bus,5,A,,Contact Contact Type,String,0..1,,"Role of contact. Examples include: Source Service, Sender, Recipient, Invoicer, Auditor, Accountant",担当者役割,担当者の役割。例：ソースサービス、送付元、受取人、請求先、監査人、会計事務所。,BU24-07,$.btx_BusinessTransactions.btx_Entity_Party.cor_Assigned_Accountant.bus_Accountant_Contact.bus_ContactContactType,bus,Accountant_ Contact,entityAccountantContactContactType,/xbrli:xbrl/gl-btx:businessTransactions/gl-cor:entityParty/gl-bus:entityAssignedAccountant/gl-bus:entityAccountantContact/gl-bus:entityAccountantContactContactType
331,bus,5,A,,Contact Location ID cross reference,String,0..1,,This code is used to associate the contact with a specific location for the Entity. Its value should be the same as that of the organizationAddressLocationIdentifier,所在地相互参照情報,担当者と事業体の位置情報を関係付けるためのコード。organizationAddressLocationIdentifierと同じ値であるべき。,BU24-08,$.btx_BusinessTransactions.btx_Entity_Party.cor_Assigned_Accountant.bus_Accountant_Contact.bus_ContactLocationIDcrossreference,bus,Accountant_ Contact,entityAccountantContactLocationIdCrossReference,/xbrli:xbrl/gl-btx:businessTransactions/gl-cor:entityParty/gl-bus:entityAssignedAccountant/gl-bus:entityAccountantContact/gl-bus:entityAccountantContactLocationIdCrossReference
332,bus,5,A,,Contact Active,Boolean,0..1,,"Boolean to indicate whether the contact is active (=""true"") or inactive (=""false"")",担当者有効性,担当者が有効か無効かを示すブール値。,BU24-09,$.btx_BusinessTransactions.btx_Entity_Party.cor_Assigned_Accountant.bus_Accountant_Contact.bus_ContactActive,bus,Accountant_ Contact,entityAccountantContactActive,/xbrli:xbrl/gl-btx:businessTransactions/gl-cor:entityParty/gl-bus:entityAssignedAccountant/gl-bus:entityAccountantContact/gl-bus:entityAccountantContactActive
333,bus,5,C,,Contact_ Phone,,0..*,,Contact Phone Number,【担当者電話番号】,担当者の電話番号。,BU24-10,$.btx_BusinessTransactions.btx_Entity_Party.cor_Assigned_Accountant.bus_Accountant_Contact.bus_Contact_Phone,bus,Contact_ Phone,entityAccountantContactPhone,/xbrli:xbrl/gl-btx:businessTransactions/gl-cor:entityParty/gl-bus:entityAssignedAccountant/gl-bus:entityAccountantContact/gl-bus:entityAccountantContactPhone
334,bus,6,A,PK,Phone Number,String,0..1,,Phone number referred to in Phone Number Description'\.,電話番号,電話番号用途で示される電話番号。,BU03-01,$.btx_BusinessTransactions.btx_Entity_Party.cor_Assigned_Accountant.bus_Accountant_Contact.bus_Contact_Phone.bus_PhoneNumber,bus,Contact_ Phone,entityAccountantContactPhoneNumber,/xbrli:xbrl/gl-btx:businessTransactions/gl-cor:entityParty/gl-bus:entityAssignedAccountant/gl-bus:entityAccountantContact/gl-bus:entityAccountantContactPhone/gl-bus:entityAccountantContactPhoneNumber
335,bus,6,A,,Phone Number Description,String,0..1,,"Entity Phone Number Description such as Main, Investor relations. Enumerated as: bookkeeper, controller, direct, fax, investor-relations, main, switchboard, other.",電話番号用途,"代表、IR用などの、電話番号の用途。
[設定値のリスト]
(bookkeeper：記帳係)、(controller：会計責任者)、(direct：直通)、(fax：FAX)、(investor-relations：IR窓口)、(main：代表)、(switchboard：交換台)、(other：その他)",BU03-02,$.btx_BusinessTransactions.btx_Entity_Party.cor_Assigned_Accountant.bus_Accountant_Contact.bus_Contact_Phone.bus_PhoneNumberDescription,bus,Contact_ Phone,entityAccountantContactPhoneNumberDescription,/xbrli:xbrl/gl-btx:businessTransactions/gl-cor:entityParty/gl-bus:entityAssignedAccountant/gl-bus:entityAccountantContact/gl-bus:entityAccountantContactPhone/gl-bus:entityAccountantContactPhoneNumberDescription
336,bus,5,C,,Contact_ Fax,,0..*,,Contact Fax Number Class,【担当者FAX番号】,担当者のFAX番号の構造体。,BU24-11,$.btx_BusinessTransactions.btx_Entity_Party.cor_Assigned_Accountant.bus_Accountant_Contact.bus_Contact_Fax,bus,Contact_ Fax,entityAccountantContactFax,/xbrli:xbrl/gl-btx:businessTransactions/gl-cor:entityParty/gl-bus:entityAssignedAccountant/gl-bus:entityAccountantContact/gl-bus:entityAccountantContactFax
337,bus,6,A,PK,Fax Number,String,0..1,,Fax Number,FAX番号,FAX番号。,BU08-01,$.btx_BusinessTransactions.btx_Entity_Party.cor_Assigned_Accountant.bus_Accountant_Contact.bus_Contact_Fax.bus_FaxNumber,bus,Contact_ Fax,entityAccountantContactFaxNumber,/xbrli:xbrl/gl-btx:businessTransactions/gl-cor:entityParty/gl-bus:entityAssignedAccountant/gl-bus:entityAccountantContact/gl-bus:entityAccountantContactFax/gl-bus:entityAccountantContactFaxNumber
338,bus,6,A,,Fax Number Usage,String,0..1,,"Fax number usage (e.g. orders, head office, IR)",FAX番号用途,FAX番号の用途。(注文、本社、IRなど),BU08-02,$.btx_BusinessTransactions.btx_Entity_Party.cor_Assigned_Accountant.bus_Accountant_Contact.bus_Contact_Fax.bus_FaxNumberUsage,bus,Contact_ Fax,entityAccountantContactFaxNumberUsage,/xbrli:xbrl/gl-btx:businessTransactions/gl-cor:entityParty/gl-bus:entityAssignedAccountant/gl-bus:entityAccountantContact/gl-bus:entityAccountantContactFax/gl-bus:entityAccountantContactFaxNumberUsage
339,bus,5,C,,Contact_ Email,,0..*,,Contact E-mail address class,【担当者Eメールアドレス】,担当者のEメールアドレスの構造体。,BU24-12,$.btx_BusinessTransactions.btx_Entity_Party.cor_Assigned_Accountant.bus_Accountant_Contact.bus_Contact_Email,bus,Contact_ Email,entityAccountantContactEmail,/xbrli:xbrl/gl-btx:businessTransactions/gl-cor:entityParty/gl-bus:entityAssignedAccountant/gl-bus:entityAccountantContact/gl-bus:entityAccountantContactEmail
340,bus,6,A,PK,Email Address,String,0..1,,Email Address,Eメールアドレス,Eメールアドレス。,BU13-01,$.btx_BusinessTransactions.btx_Entity_Party.cor_Assigned_Accountant.bus_Accountant_Contact.bus_Contact_Email.bus_EmailAddress,bus,Contact_ Email,entityAccountantContactEmailAddress,/xbrli:xbrl/gl-btx:businessTransactions/gl-cor:entityParty/gl-bus:entityAssignedAccountant/gl-bus:entityAccountantContact/gl-bus:entityAccountantContactEmail/gl-bus:entityAccountantContactEmailAddress
341,bus,6,A,,Email Address Usage,String,0..1,,"Email address usage (e.g. orders, head office, IR)",Eメールアドレス用途,Eメールアドレスの用途。(注文、本社、IRなど),BU13-02,$.btx_BusinessTransactions.btx_Entity_Party.cor_Assigned_Accountant.bus_Accountant_Contact.bus_Contact_Email.bus_EmailAddressUsage,bus,Contact_ Email,entityAccountantContactEmailAddressUsage,/xbrli:xbrl/gl-btx:businessTransactions/gl-cor:entityParty/gl-bus:entityAssignedAccountant/gl-bus:entityAccountantContact/gl-bus:entityAccountantContactEmail/gl-bus:entityAccountantContactEmailAddressUsage
342,bus,3,C,,Specified_ Reporting Calendar,,0..*,Specified,A tool to collect the periods used to summarise results from transactions.,【報告カレンダー】,取引の結果をまとめるための期間を集めるもの。,CO14-17,$.btx_BusinessTransactions.btx_Entity_Party.cor_Specified_ReportingCalendar,bus,Reporting Calendar,entitySpecifiedReportingCalendar,/xbrli:xbrl/gl-btx:businessTransactions/gl-cor:entityParty/gl-bus:entitySpecifiedReportingCalendar
343,bus,4,A,PK,Reporting Calendar Code,String,0..1,,"The code used to identify this specific reporting calendar, unique across periods",報告カレンダーコード,この報告カレンダーを識別するコード。複数期間にわたって一意。,BU29-01,$.btx_BusinessTransactions.btx_Entity_Party.cor_Specified_ReportingCalendar.bus_ReportingCalendarCode,bus,Reporting Calendar,entitySpecifiedReportingCalendarCode,/xbrli:xbrl/gl-btx:businessTransactions/gl-cor:entityParty/gl-bus:entitySpecifiedReportingCalendar/gl-bus:entitySpecifiedReportingCalendarCode
344,bus,4,A,,Reporting Calendar Description,String,0..1,,A description of the reporting calendar (associated with the reportingCalendarCode given),報告カレンダー説明,報告カレンダーの説明（reportingCalendarCodeと関係付けられる）。,BU29-02,$.btx_BusinessTransactions.btx_Entity_Party.cor_Specified_ReportingCalendar.bus_ReportingCalendarDescription,bus,Reporting Calendar,entitySpecifiedReportingCalendarDescription,/xbrli:xbrl/gl-btx:businessTransactions/gl-cor:entityParty/gl-bus:entitySpecifiedReportingCalendar/gl-bus:entitySpecifiedReportingCalendarDescription
345,bus,4,A,,Reporting Calendar Title,String,0..1,,A description of the reporting period. The actual beginning and ending dates are found within the 'reportingCalendarPeriod' class,報告カレンダータイトル,報告期間の説明。実際の開始日及び終了日はreportingCalendarPeriodに記述する。,BU29-03,$.btx_BusinessTransactions.btx_Entity_Party.cor_Specified_ReportingCalendar.bus_ReportingCalendarTitle,bus,Reporting Calendar,entitySpecifiedReportingCalendarTitle,/xbrli:xbrl/gl-btx:businessTransactions/gl-cor:entityParty/gl-bus:entitySpecifiedReportingCalendar/gl-bus:entitySpecifiedReportingCalendarTitle
346,bus,4,A,,Reporting Calendar Period Type,Token,0..1,,"A code for the type of period involved. Enumerated as: monthly, quarterly, semi-annually, 4-5-4, ad-hoc, other.",期間種別コード,"報告期間の種別コード。月次、四半期ごと、半期ごと、4-5-4、随時、その他_x000D_
[設定値のリスト]_x000D_
(monthly：月次)、(quarterly：四半期ごと)、(semi-annually：半期ごと)、(4-5-4：4-5-4)、(ad-hoc：随時)、(other：その他)",BU29-04,$.btx_BusinessTransactions.btx_Entity_Party.cor_Specified_ReportingCalendar.bus_ReportingCalendarPeriodType,bus,Reporting Calendar,entitySpecifiedReportingCalendarPeriodType,/xbrli:xbrl/gl-btx:businessTransactions/gl-cor:entityParty/gl-bus:entitySpecifiedReportingCalendar/gl-bus:entitySpecifiedReportingCalendarPeriodType
347,bus,4,A,,Reporting Calendar Period Type Description,String,0..1,,A description of the type of period involved.,期間種別説明,報告期間の種別の説明。,BU29-05,$.btx_BusinessTransactions.btx_Entity_Party.cor_Specified_ReportingCalendar.bus_ReportingCalendarPeriodTypeDescription,bus,Reporting Calendar,entitySpecifiedReportingCalendarPeriodTypeDescription,/xbrli:xbrl/gl-btx:businessTransactions/gl-cor:entityParty/gl-bus:entitySpecifiedReportingCalendar/gl-bus:entitySpecifiedReportingCalendarPeriodTypeDescription
348,bus,4,A,,Reporting Calendar Closed Status,Token,0..1,,"An identifier on whether the reporting calendar is still open for activity. enumerated, ""open"", ""closed"", ""pending""",締状態,"報告カレンダーがオープンかどうかを示す識別子。オープン、締切り済み、保留中_x000D_
[設定値のリスト]_x000D_
(open：オープン)、(closed：締切り済み)、(pending：保留中)",BU29-06,$.btx_BusinessTransactions.btx_Entity_Party.cor_Specified_ReportingCalendar.bus_ReportingCalendarClosedStatus,bus,Reporting Calendar,entitySpecifiedReportingCalendarClosedStatus,/xbrli:xbrl/gl-btx:businessTransactions/gl-cor:entityParty/gl-bus:entitySpecifiedReportingCalendar/gl-bus:entitySpecifiedReportingCalendarClosedStatus
349,bus,4,A,,Reporting Calendar Purpose,Token,0..1,,A description of the accounting set of books involved. Uses enumeration from accounting method purpose.,報告目的,"帳簿の集合の説明。会計処理方法の目的の列挙値を使用する。_x000D_
[設定値のリスト]_x000D_
(book：帳簿)、(tax：税)、(management：管理)、(statutory：スタチュトリ)、(other：その他)",BU29-07,$.btx_BusinessTransactions.btx_Entity_Party.cor_Specified_ReportingCalendar.bus_ReportingCalendarPurpose,bus,Reporting Calendar,entitySpecifiedReportingCalendarPurpose,/xbrli:xbrl/gl-btx:businessTransactions/gl-cor:entityParty/gl-bus:entitySpecifiedReportingCalendar/gl-bus:entitySpecifiedReportingCalendarPurpose
350,bus,4,A,,Reporting Calendar Purpose Description,String,0..1,,Free format description of the reporting purpose,報告目的説明,報告目的の説明。,BU29-08,$.btx_BusinessTransactions.btx_Entity_Party.cor_Specified_ReportingCalendar.bus_ReportingCalendarPurposeDescription,bus,Reporting Calendar,entitySpecifiedReportingCalendarPurposeDescription,/xbrli:xbrl/gl-btx:businessTransactions/gl-cor:entityParty/gl-bus:entitySpecifiedReportingCalendar/gl-bus:entitySpecifiedReportingCalendarPurposeDescription
351,bus,4,C,,Reporting Calendar_ Period,,0..*,,A tool to collect a specific set of periods used to summarize results from transactions.,【報告カレンダー期間】,取引の結果をまとめるための特定の期間を集めるもの。,BU29-09,$.btx_BusinessTransactions.btx_Entity_Party.cor_Specified_ReportingCalendar.bus_ReportingCalendar_Period,bus,Reporting Calendar_ Period,entitySpecifiedReportingCalendarPeriod,/xbrli:xbrl/gl-btx:businessTransactions/gl-cor:entityParty/gl-bus:entitySpecifiedReportingCalendar/gl-bus:entitySpecifiedReportingCalendarPeriod
352,bus,5,A,PK,Period ID,String,0..1,,An identifier for this period in this calendar,報告期間識別子,このカレンダーにおけるこの期間の識別子。,BU28-01,$.btx_BusinessTransactions.btx_Entity_Party.cor_Specified_ReportingCalendar.bus_ReportingCalendar_Period.bus_PeriodID,bus,Reporting Calendar_ Period,entitySpecifiedReportingPeriodId,/xbrli:xbrl/gl-btx:businessTransactions/gl-cor:entityParty/gl-bus:entitySpecifiedReportingCalendar/gl-bus:entitySpecifiedReportingCalendarPeriod/gl-bus:entitySpecifiedReportingPeriodId
353,bus,5,A,,Period Description,String,0..1,,A description of this specific reporting period in this calendar.,期間説明,このカレンダーにおけるこの特定の期間の説明。,BU28-02,$.btx_BusinessTransactions.btx_Entity_Party.cor_Specified_ReportingCalendar.bus_ReportingCalendar_Period.bus_PeriodDescription,bus,Reporting Calendar_ Period,entitySpecifiedReportingPeriodDescription,/xbrli:xbrl/gl-btx:businessTransactions/gl-cor:entityParty/gl-bus:entitySpecifiedReportingCalendar/gl-bus:entitySpecifiedReportingCalendarPeriod/gl-bus:entitySpecifiedReportingPeriodDescription
354,bus,5,A,,Period Start Date,Date Time,0..1,,The beginning date/time of a period,期間開始日付,期間の開始日付/時刻,BU28-03,$.btx_BusinessTransactions.btx_Entity_Party.cor_Specified_ReportingCalendar.bus_ReportingCalendar_Period.bus_PeriodStartDate,bus,Reporting Calendar_ Period,entitySpecifiedReportingPeriodStartDate,/xbrli:xbrl/gl-btx:businessTransactions/gl-cor:entityParty/gl-bus:entitySpecifiedReportingCalendar/gl-bus:entitySpecifiedReportingCalendarPeriod/gl-bus:entitySpecifiedReportingPeriodStartDate
355,bus,5,A,,Period End Date,Date Time,0..1,,The ending date/time of a period,期間終了日付,期間の終了日付/時刻,BU28-04,$.btx_BusinessTransactions.btx_Entity_Party.cor_Specified_ReportingCalendar.bus_ReportingCalendar_Period.bus_PeriodEndDate,bus,Reporting Calendar_ Period,entitySpecifiedReportingPeriodEndDate,/xbrli:xbrl/gl-btx:businessTransactions/gl-cor:entityParty/gl-bus:entitySpecifiedReportingCalendar/gl-bus:entitySpecifiedReportingCalendarPeriod/gl-bus:entitySpecifiedReportingPeriodEndDate
356,bus,5,A,,Reporting Calendar_ Period Closed Date,Date Time,0..1,,"The date/time a period has been closed for activity. If this is present with a nill value (xsi:nill=""true"") then the period is not closed.",期間締日付,"この期間の活動が締め切られた日付/時刻。この値がニル値(xsi:nill=""true"")であれば、この期間は、締め切られていない。",BU28-05,$.btx_BusinessTransactions.btx_Entity_Party.cor_Specified_ReportingCalendar.bus_ReportingCalendar_Period.bus_ReportingCalendar_PeriodClosedDate,bus,Reporting Calendar_ Period,entitySpecifiedReportingPeportingCalendarPeriodClosedDate,/xbrli:xbrl/gl-btx:businessTransactions/gl-cor:entityParty/gl-bus:entitySpecifiedReportingCalendar/gl-bus:entitySpecifiedReportingCalendarPeriod/gl-bus:entitySpecifiedReportingPeportingCalendarPeriodClosedDate
357,btx,2,C,,Transaction_ Header,,0..*,,Parent class grouping transaction document header records.,【取引ヘッダ】,取引文書のヘッダ・レコードをまとめて保持する親クラス。,BT09-03,$.btx_BusinessTransactions.btx_Transaction_Header,btx,Transaction_ Header,transactionHeader,/xbrli:xbrl/gl-btx:businessTransactions/gl-btx:transactionHeader
358,btx,3,A,,Date Posted,Date Time,0..1,,Date this entry was posted (validated) to the general ledger. May not represent the date of accounting significance which is represented by 'postingDate'.,転記済日付,この仕訳が総勘定元帳に転記された(検証された)日付。 postingDateで示されるような会計上意味のある日付を表さないかもしれない。,BT11-01,$.btx_BusinessTransactions.btx_Transaction_Header.btx_DatePosted,btx,Transaction_ Header,datePosted,/xbrli:xbrl/gl-btx:businessTransactions/gl-btx:transactionHeader/gl-btx:datePosted
359,btx,3,A,,Creator,String,0..1,,Initials/name of operator originally entering.,仕訳作成者,最初に入力したオペレータのイニシャル/名前。,BT11-02,$.btx_BusinessTransactions.btx_Transaction_Header.btx_Creator,btx,Transaction_ Header,creator,/xbrli:xbrl/gl-btx:businessTransactions/gl-btx:transactionHeader/gl-btx:creator
360,btx,3,A,,Last Modifier,String,0..1,,Identification for the last person modifying this entry before posting.,仕訳最終更新者,転記前に最後にこの仕訳を修正した者の識別子。,BT11-03,$.btx_BusinessTransactions.btx_Transaction_Header.btx_LastModifier,btx,Transaction_ Header,lastModifier,/xbrli:xbrl/gl-btx:businessTransactions/gl-btx:transactionHeader/gl-btx:lastModifier
361,btx,3,A,,Responsible Person,String,0..1,,Identifier of person who created or originated or is otherwise responsible for the entry.,責任者,仕訳を作成したか、仕訳に責任を持つ者の識別子。,BT11-04,$.btx_BusinessTransactions.btx_Transaction_Header.btx_ResponsiblePerson,btx,Transaction_ Header,responsiblePerson,/xbrli:xbrl/gl-btx:businessTransactions/gl-btx:transactionHeader/gl-btx:responsiblePerson
362,btx,3,A,,Posting Code,String,0..1,,"Code for posting to period, e.g., period 1-13, based on codes in an accounting period file. We do not recommend that software vendors export here, but suggest providing period end numbers for the buckets. Possibilities W1 through W53, M1 through M13, Q1-Q4. Developers and others creating output files are encouraged to supply an actual end date.",転記コード,転記の期間を表すコード。例えば、会計期間ファイルのコードにもとづく期間１～１３。ソフトウエアベンダーが、この値をエクスポートすることは推奨しない。期間の最終番号を提供することを勧める。可能な値としては、W1からW53、M1からM13、Q1からQ4など。開発者や出力ファイルの作成者には、実際の終了日付を提供することを勧める。,BT11-05,$.btx_BusinessTransactions.btx_Transaction_Header.btx_PostingCode,btx,Transaction_ Header,postingCode,/xbrli:xbrl/gl-btx:businessTransactions/gl-btx:transactionHeader/gl-btx:postingCode
363,btx,3,A,,Number of Entries,Integer,0..1,,The total number of entries.,仕訳総数,仕訳の総数。,BT11-06,$.btx_BusinessTransactions.btx_Transaction_Header.btx_NumberofEntries,btx,Transaction_ Header,numberOfEntries,/xbrli:xbrl/gl-btx:businessTransactions/gl-btx:transactionHeader/gl-btx:numberOfEntries
364,btx,3,A,,Comment,String,0..1,,Comment of the entry,仕訳摘要,仕訳の摘要,BT11-07,$.btx_BusinessTransactions.btx_Transaction_Header.btx_Comment,btx,Transaction_ Header,comment,/xbrli:xbrl/gl-btx:businessTransactions/gl-btx:transactionHeader/gl-btx:comment
365,btx,3,A,,Header_ Entry Date,Date Time,0..1,,"Represents the actual date/time of entry into computer (automated from system date, often misrepresented by changing system clock). Posting dates are maintained separately.",入力日付,コンピュータへ入力した実際の日付/時刻(システム日付から自動的に与えられ、システム時計の変更により、しばしば誤った値になる)を示す。 転記日付とは別に管理される。,BT11-08,$.btx_BusinessTransactions.btx_Transaction_Header.btx_Header_EntryDate,btx,Transaction_ Header,headerEntryDate,/xbrli:xbrl/gl-btx:businessTransactions/gl-btx:transactionHeader/gl-btx:headerEntryDate
366,btx,3,A,,Header_ Type Identifier,Token,0..1,,"One of the following enumerated list: adjusting, budget, comparative, external-accountant, standard, passed-adjusting, eliminating, proposed, recurring, reclassifying, simulated, tax, other",種別識別子,"以下の値のうちのひとつ。_x000D_
整理、予算、比較、外部会計事務所、通常、無視、消去、提案、反復、組替、シミュレーション、税、その他_x000D_
[設定値のリスト]_x000D_
(adjusting：整理)、(budget：予算)、(comparative：比較)、(external-accountant：外部会計事務所)、(standard：通常)、(passed-adjusting：無視)、(eliminating：消去)、(proposed：提案)、(recurring：反復)、(reclassifying：組替)、(simulated：シミュレーション)、(tax：税)、(other：その他)",BT11-09,$.btx_BusinessTransactions.btx_Transaction_Header.btx_Header_TypeIdentifier,btx,Transaction_ Header,headerTypeIdentifier,/xbrli:xbrl/gl-btx:businessTransactions/gl-btx:transactionHeader/gl-btx:headerTypeIdentifier
367,btx,3,A,,Header Entry Number Counter,Decimal,0..1,,Unique reference for the entry - a numeric counter,文書番号カウンタ,文書の一意なリファレンス　　カウンタ,BT11-10,$.btx_BusinessTransactions.btx_Transaction_Header.btx_HeaderEntryNumberCounter,btx,Transaction_ Header,headerEntryNumberCounter,/xbrli:xbrl/gl-btx:businessTransactions/gl-btx:transactionHeader/gl-btx:headerEntryNumberCounter
368,btx,3,A,,Header Document Type,Token,0..1,,"An enumerated field describing the original source document, with invoice, voucher, check and other enumerated entries",元文書種別,顧客への請求書、ベンダからの請求書、小切手、その他の列挙値による、元文書の説明。\n[設定値のリスト]\n(check：小切手)、(debit-memo：借方メモ)、(credit-memo：貸方メモ)、(finance-charge：財務費用)、(invoice：顧客への請求書)、(order-customer：顧客オーダ)、(order-vendor：仕入先オーダ)、(payment-other：その他支払い)、(reminder：督促状)、(tegata：手形)、(voucher：ベンダからの請求書)、(shipment：出荷票)、(receipt：受領票)、(manual-adjustment：手修正)、(other：その他),BT11-11,$.btx_BusinessTransactions.btx_Transaction_Header.btx_HeaderDocumentType,btx,Transaction_ Header,headerDocumentType,/xbrli:xbrl/gl-btx:businessTransactions/gl-btx:transactionHeader/gl-btx:headerDocumentType
369,btx,3,A,,Header Document Type Description,String,0..1,,Free format description of the document type,元文書種別説明,元文書の種別の説明。,BT11-12,$.btx_BusinessTransactions.btx_Transaction_Header.btx_HeaderDocumentTypeDescription,btx,Transaction_ Header,headerDocumentTypeDescription,/xbrli:xbrl/gl-btx:businessTransactions/gl-btx:transactionHeader/gl-btx:headerDocumentTypeDescription
370,btx,3,A,,Header Invoice Type,Token,0..1,,"Invoice Type  (self-billed, ePoS enumerated values)",請求書種別,請求書の種別。(self-billed、ePoS)\n[設定値のリスト]\n(ePos：POSシステムからの発行)、(self-billed：手動発行),BT11-13,$.btx_BusinessTransactions.btx_Transaction_Header.btx_HeaderInvoiceType,btx,Transaction_ Header,headerInvoiceType,/xbrli:xbrl/gl-btx:businessTransactions/gl-btx:transactionHeader/gl-btx:headerInvoiceType
371,btx,3,A,,Header Document Number,String,0..1,,"Invoice, check, voucher, or other source document identifier",元文書番号,請求書、小切手、証憑、その他の元文書の識別子。,BT11-14,$.btx_BusinessTransactions.btx_Transaction_Header.btx_HeaderDocumentNumber,btx,Transaction_ Header,headerDocumentNumber,/xbrli:xbrl/gl-btx:businessTransactions/gl-btx:transactionHeader/gl-btx:headerDocumentNumber
372,btx,3,R,,Applied Invoice_ Referenced Document,,0..1,Applied Invoice,"Document number of primary invoice number, used to offset payments, debits and credits; for an invoice, usually the same as the documentNumber. When calculating open balance on an invoice, or open amount on payments in advance or not fully applied, this permits calculation of the open item.",適用先番号,支払、借方、貸方の相殺に使用される、一次請求書の文書番号。請求書では通常documentNumberと等しい。未決済の請求書残高や、未決済の支払金額の計算時に、利用できる。,BT11-15,$.btx_BusinessTransactions.btx_Transaction_Header.btx_AppliedInvoice_ReferencedDocument,btx,Referenced Document,headerAppliedInvoiceReferencedDocument,/xbrli:xbrl/gl-btx:businessTransactions/gl-btx:transactionHeader/gl-btx:headerAppliedInvoiceReferencedDocument
373,btx,4,A,REF,Document Number,String,0..1,,Document number,発生元文書番号,発生元文書の番号。,BT10-02,$.btx_BusinessTransactions.btx_Transaction_Header.btx_AppliedInvoice_ReferencedDocument.btx_DocumentNumber,btx,Referenced Document,headerAppliedInvoiceReferencedDocumentNumber,/xbrli:xbrl/gl-btx:businessTransactions/gl-btx:transactionHeader/gl-btx:headerAppliedInvoiceReferencedDocument/gl-btx:headerAppliedInvoiceReferencedDocumentNumber
374,btx,3,C,,Referenced Document,,0..*,,Reference for the document; number assigned to track the document,元文書参照情報,上の文書のための内部参照情報。文書を追跡するために内部的に割り当てた番号。,BT11-16,$.btx_BusinessTransactions.btx_Transaction_Header.btx_ReferencedDocument,btx,Referenced Document,headerReferencedDocument,/xbrli:xbrl/gl-btx:businessTransactions/gl-btx:transactionHeader/gl-btx:headerReferencedDocument
375,btx,4,A,,Document Type,Token,0..1,,"Document type  check, debit-memo, credit-memo, finance-charge, invoice, order-customer, order-vendor, payment-other, reminder, tegata, voucher, shipment, receipt, manual-adjustment, other.",発生元文書種別,発生元文書の種別。小切手(check)、借方メモ(debit-memo)、貸方メモ(credit-memo)、財務費用(finance-charge)、顧客への請求書(invoice)、顧客オーダ(order-customer)、仕入先オーダ(order-vendor)、その他支払い(payment-other)、督促状(reminder)、手形(tegata)、ベンダからの請求書(voucher)、出荷票(shipment)、受領票(receipt)、手修正(manual-adjustment)、その他(other),BT10-01,$.btx_BusinessTransactions.btx_Transaction_Header.btx_ReferencedDocument.btx_DocumentType,btx,Referenced Document,headerReferencedDocumentType,/xbrli:xbrl/gl-btx:businessTransactions/gl-btx:transactionHeader/gl-btx:headerReferencedDocument/gl-btx:headerReferencedDocumentType
376,btx,4,A,PK,Document Number,String,0..1,,Document number,発生元文書番号,発生元文書の番号。,BT10-02,$.btx_BusinessTransactions.btx_Transaction_Header.btx_ReferencedDocument.btx_DocumentNumber,btx,Referenced Document,headerReferencedDocumentNumber,/xbrli:xbrl/gl-btx:businessTransactions/gl-btx:transactionHeader/gl-btx:headerReferencedDocument/gl-btx:headerReferencedDocumentNumber
377,btx,4,A,,Document Date,Date,0..1,,Document date,発生元文書日付,発生元文書の日付。,BT10-03,$.btx_BusinessTransactions.btx_Transaction_Header.btx_ReferencedDocument.btx_DocumentDate,btx,Referenced Document,headerReferencedDocumentDate,/xbrli:xbrl/gl-btx:businessTransactions/gl-btx:transactionHeader/gl-btx:headerReferencedDocument/gl-btx:headerReferencedDocumentDate
378,btx,4,A,,Document Identifier Type,Token,0..1,,"Document identifier type. Enumerated as: C, customer, E, employee, V, vendor, O, other, I, salesperson-internal, X, salesperson-external, N, contractor.",発生元文書対象CVE種別,発生元文書の対象となるCVEの種別。_x000D_ [設定値のリスト]_x000D_ (C)、(customer：顧客)、(E)、(employee：従業員)、(V)、(vendor：仕入先)、(O)、(other：その他)、(I)、(salesperson-internal：店舗内販売員)、(X)、(salesperson-external：外交販売員)、(N)、(contractor：請負者),BT10-04,$.btx_BusinessTransactions.btx_Transaction_Header.btx_ReferencedDocument.btx_DocumentIdentifierType,btx,Referenced Document,headerReferencedDocumentIdentifierType,/xbrli:xbrl/gl-btx:businessTransactions/gl-btx:transactionHeader/gl-btx:headerReferencedDocument/gl-btx:headerReferencedDocumentIdentifierType
379,btx,4,A,,Document Identifier Code,String,0..1,,Document identifier code,発生元文書対象CVEコード,発生元文書の対象となるCVEのコード。,BT10-05,$.btx_BusinessTransactions.btx_Transaction_Header.btx_ReferencedDocument.btx_DocumentIdentifierCode,btx,Referenced Document,headerReferencedDocumentIdentifierCode,/xbrli:xbrl/gl-btx:businessTransactions/gl-btx:transactionHeader/gl-btx:headerReferencedDocument/gl-btx:headerReferencedDocumentIdentifierCode
380,btx,4,A,,Received Date,Date Time,0..1,,Date/time document was noted as received (if necessary). Represents actual date received. Posting dates are maintained separately.,元文書受領日付,（必要であれば）文書の受領が記録された日付/時刻。実際に受領された日付をあらわす。転記日付は別に管理される。,BT10-06,$.btx_BusinessTransactions.btx_Transaction_Header.btx_ReferencedDocument.btx_ReceivedDate,btx,Referenced Document,headerReferencedDeceivedDate,/xbrli:xbrl/gl-btx:businessTransactions/gl-btx:transactionHeader/gl-btx:headerReferencedDocument/gl-btx:headerReferencedDeceivedDate
381,btx,4,A,,Document Location,String,0..1,,"Document location as URI, file name or other reference. Alternatively, text of document can be placed here.",元文書格納場所,文書の格納場所である、URI、ファイル名またはその他の参照情報。代わりに、文書のテキストも記述可能。,BT10-07,$.btx_BusinessTransactions.btx_Transaction_Header.btx_ReferencedDocument.btx_DocumentLocation,btx,Referenced Document,headerReferencedDocumentLocation,/xbrli:xbrl/gl-btx:businessTransactions/gl-btx:transactionHeader/gl-btx:headerReferencedDocument/gl-btx:headerReferencedDocumentLocation
382,btx,3,A,,Header Payment Method,String,0..1,,Method used or to be used to make the payment,支払方法,支払いのために使用された、または使用される方法。,BT11-17,$.btx_BusinessTransactions.btx_Transaction_Header.btx_HeaderPaymentMethod,btx,Transaction_ Header,headerPaymentMethod,/xbrli:xbrl/gl-btx:businessTransactions/gl-btx:transactionHeader/gl-btx:headerPaymentMethod
383,btx,3,A,,Header Posting Status,Token,0..1,,"deferred: although entered, it cannot be posted until a later time\nposted: already posted\nproposed: a proposed item that must be approved\nsimulated: a simulated item, for what-if\ntax: a tax-specific entry\nunposted:entered but not yet posted or validated\ncancelled:entered and later cancelled\nother:other status - should be described in postingStatusDescription",転記状態,・据置：入力されたが、まだ転記できない。\n・転記済：転記済み。\n・提案済：検証が必要な項目。\n・シミュレーション：仮定のためにシミュレートされた項目。\n・税：税項目。\n・未転記：入力されたが、まだ検証も転記もされていない。\n・取消済：入力されたが、取り消された。\n・その他：その他の状態。postingStatusDescriptionで説明されるべき。\n[設定値のリスト]\n(deferred：据置)、(posted：転記済)、(proposed：提案済)、(simulated：シミュレーション)、(tax：税)、(unposted：未転記)、(cancelled：取消済)、(other：その他),BT11-18,$.btx_BusinessTransactions.btx_Transaction_Header.btx_HeaderPostingStatus,btx,Transaction_ Header,headerPostingStatus,/xbrli:xbrl/gl-btx:businessTransactions/gl-btx:transactionHeader/gl-btx:headerPostingStatus
384,btx,3,A,,Header Posting Status Description,String,0..1,,Free format description of the posting status,転記状態説明,転記状態の説明。,BT11-19,$.btx_BusinessTransactions.btx_Transaction_Header.btx_HeaderPostingStatusDescription,btx,Transaction_ Header,headerPostingStatusDescription,/xbrli:xbrl/gl-btx:businessTransactions/gl-btx:transactionHeader/gl-btx:headerPostingStatusDescription
385,btx,3,A,,Header Acknowledgement Date,Date Time,0..1,,Date of acknowledgement of goods/services shipped/received.,承認日付,出荷/受領済みの物品/サービスを承認した日付。,BT11-20,$.btx_BusinessTransactions.btx_Transaction_Header.btx_HeaderAcknowledgementDate,btx,Transaction_ Header,headerAcknowledgementDate,/xbrli:xbrl/gl-btx:businessTransactions/gl-btx:transactionHeader/gl-btx:headerAcknowledgementDate
386,btx,3,A,,Header Confirmation Date,Date Time,0..1,,Date of confirmation of shipment/receipt.,確認日付,出荷/受領を確認した日付。,BT11-21,$.btx_BusinessTransactions.btx_Transaction_Header.btx_HeaderConfirmationDate,btx,Transaction_ Header,headerConfirmationDate,/xbrli:xbrl/gl-btx:businessTransactions/gl-btx:transactionHeader/gl-btx:headerConfirmationDate
387,btx,3,A,,Header Ship From,String,0..1,,References Organization Address Location Identifier where used. Otherwise free form.,出荷元,使用されていれば住所識別子の参照情報。または自由記述。,BT11-22,$.btx_BusinessTransactions.btx_Transaction_Header.btx_HeaderShipFrom,btx,Transaction_ Header,headerShipFrom,/xbrli:xbrl/gl-btx:businessTransactions/gl-btx:transactionHeader/gl-btx:headerShipFrom
388,btx,3,A,,Header Date Shipped/Received,Date Time,0..1,,Date goods/services are shipped/received.,出荷/受領日付,物品/サービスを出荷/受領した日付。,BT11-23,$.btx_BusinessTransactions.btx_Transaction_Header.btx_HeaderDateShipped/Received,btx,Transaction_ Header,headerDateShippedReceived,/xbrli:xbrl/gl-btx:businessTransactions/gl-btx:transactionHeader/gl-btx:headerDateShippedReceived
389,btx,3,A,,Header Maturity Date or Date Due,Date Time,0..1,,Due date or other maturity date.,支払期日,支払期日やその他の期日。,BT11-24,$.btx_BusinessTransactions.btx_Transaction_Header.btx_HeaderMaturityDateorDateDue,btx,Transaction_ Header,headerMaturityDateOrDateDue,/xbrli:xbrl/gl-btx:businessTransactions/gl-btx:transactionHeader/gl-btx:headerMaturityDateOrDateDue
390,btx,3,A,,Header Payment Terms,String,0..1,,Discount/payment terms.,支払条件,割引/支払い条件。,BT11-25,$.btx_BusinessTransactions.btx_Transaction_Header.btx_HeaderPaymentTerms,btx,Transaction_ Header,headerPaymentTerms,/xbrli:xbrl/gl-btx:businessTransactions/gl-btx:transactionHeader/gl-btx:headerPaymentTerms
391,btx,3,C,,Header_ Identifier Reference,,0..*,,"Identification for customer, vendor, or employee.",【文書CVE情報】,顧客、仕入先、従業員のための識別子。,BT11-26,$.btx_BusinessTransactions.btx_Transaction_Header.btx_Header_IdentifierReference,btx,Header_ Identifier Reference,headerIdentifierReference,/xbrli:xbrl/gl-btx:businessTransactions/gl-btx:transactionHeader/gl-btx:headerIdentifierReference
392,btx,4,A,PK,Identifier Code,String,0..1,,Unique ID Number associated with identifierReference,CVE識別番号（内部）,identifierReferenceに関係付けられた、内部ID番号。,BT06-01,$.btx_BusinessTransactions.btx_Transaction_Header.btx_Header_IdentifierReference.btx_IdentifierCode,btx,Header_ Identifier Reference,identifierCode,/xbrli:xbrl/gl-btx:businessTransactions/gl-btx:transactionHeader/gl-btx:headerIdentifierReference/gl-btx:identifierCode
393,btx,4,A,,Identifier Purpose,String,0..1,,"Freeform for codes like purchasing, billing, manufacturing at identifier level.",CVE目的,購買、請求、製造などの、CVE識別子のレベルのコードの自由記述。,BT06-02,$.btx_BusinessTransactions.btx_Transaction_Header.btx_Header_IdentifierReference.btx_IdentifierPurpose,btx,Header_ Identifier Reference,identifierPurpose,/xbrli:xbrl/gl-btx:businessTransactions/gl-btx:transactionHeader/gl-btx:headerIdentifierReference/gl-btx:identifierPurpose
394,btx,4,A,,Identifier Active,Boolean,0..1,,"Boolean to indicate whether the identifier is active (=""true"") or inactive (=""false"")",CVE有効性,CVE識別子が有効か無効かを示すブール値。,BT06-03,$.btx_BusinessTransactions.btx_Transaction_Header.btx_Header_IdentifierReference.btx_IdentifierActive,btx,Header_ Identifier Reference,identifierActive,/xbrli:xbrl/gl-btx:businessTransactions/gl-btx:transactionHeader/gl-btx:headerIdentifierReference/gl-btx:identifierActive
395,btx,4,A,,Identifier Organization Type,Token,0..1,,"Identifier Organization Type. Enumerated as: individual, organization, other.",CVE組織種別,"CVE識別子の組織種別。_x000D_
[設定値のリスト]_x000D_
(individual：個人)、(organization：組織)、(other：その他)",BT06-04,$.btx_BusinessTransactions.btx_Transaction_Header.btx_Header_IdentifierReference.btx_IdentifierOrganizationType,btx,Header_ Identifier Reference,identifierOrganizationType,/xbrli:xbrl/gl-btx:businessTransactions/gl-btx:transactionHeader/gl-btx:headerIdentifierReference/gl-btx:identifierOrganizationType
396,btx,4,A,,Identifier Organization Type Description,String,0..1,,Free format description of the identifier organization type,CVE組織種別説明,CVE識別子の組織種別の説明。,BT06-05,$.btx_BusinessTransactions.btx_Transaction_Header.btx_Header_IdentifierReference.btx_IdentifierOrganizationTypeDescription,btx,Header_ Identifier Reference,identifierOrganizationTypeDescription,/xbrli:xbrl/gl-btx:businessTransactions/gl-btx:transactionHeader/gl-btx:headerIdentifierReference/gl-btx:identifierOrganizationTypeDescription
397,btx,4,A,,Identifier Description,String,0..1,,Textual description of identifierReference.,CVE説明,identifierReferenceの説明。,BT06-06,$.btx_BusinessTransactions.btx_Transaction_Header.btx_Header_IdentifierReference.btx_IdentifierDescription,btx,Header_ Identifier Reference,identifierDescription,/xbrli:xbrl/gl-btx:businessTransactions/gl-btx:transactionHeader/gl-btx:headerIdentifierReference/gl-btx:identifierDescription
398,btx,4,A,,Identifier Type,Token,0..1,,"Entity type (enumerated): C, customer, E, employee, V, vendor, O, other, I, salesperson-internal, X, salesperson-external, N, contractor.",CVE種別,実体の種別。_x000D_ [設定値のリスト]_x000D_ (C)、(customer：顧客)、(E)、(employee：従業員)、(V)、(vendor：仕入先)、(O)、(other：その他)、(I)、(salesperson-internal：店舗内販売員)、(X)、(salesperson-external：外交販売員)、(N)、(contractor：請負者),BT06-07,$.btx_BusinessTransactions.btx_Transaction_Header.btx_Header_IdentifierReference.btx_IdentifierType,btx,Header_ Identifier Reference,identifierType,/xbrli:xbrl/gl-btx:businessTransactions/gl-btx:transactionHeader/gl-btx:headerIdentifierReference/gl-btx:identifierType
399,btx,4,A,,Identifier Category,String,0..1,,"For use as Customer, Vendor or Employee Class (such as Residential/Commercial/Institutional/Government or Retail/Wholesale or other classifications used by business).",CVEカテゴリ,顧客、仕入先、従業員の分類に使用する。　（住居/商業/機関/政府や、小売/卸や、ビジネスで使用されるその他の分類）。,BT06-08,$.btx_BusinessTransactions.btx_Transaction_Header.btx_Header_IdentifierReference.btx_IdentifierCategory,btx,Header_ Identifier Reference,identifierCategory,/xbrli:xbrl/gl-btx:businessTransactions/gl-btx:transactionHeader/gl-btx:headerIdentifierReference/gl-btx:identifierCategory
400,cor,4,C,,External Authority,,0..*,,Class containing references to an external authority associated with identifier,【外部機関】,識別子と関係付けられる外部機関への参照情報を含む構造体。,BT06-09,$.btx_BusinessTransactions.btx_Transaction_Header.btx_Header_IdentifierReference.btx_ExternalAuthority,cor,External Authority,externalAuthority,/xbrli:xbrl/gl-btx:businessTransactions/gl-btx:transactionHeader/gl-btx:headerIdentifierReference/gl-cor:externalAuthority
401,cor,5,A,PK,External Authority Code,String,0..1,,"External Authority (e,g, Tax Authority) ID Number associated with identifierReference",外部機関付与識別番号,identifierReferenceと関係付けられる、外部機関（たとえば、税務署）によるID番号。,CO12-01,$.btx_BusinessTransactions.btx_Transaction_Header.btx_Header_IdentifierReference.btx_ExternalAuthority.cor_ExternalAuthorityCode,cor,External Authority,externalAuthorityCode,/xbrli:xbrl/gl-btx:businessTransactions/gl-btx:transactionHeader/gl-btx:headerIdentifierReference/gl-cor:externalAuthority/gl-cor:externalAuthorityCode
402,cor,5,A,,External Authority Name,String,0..1,,Name of External Authority (e.g. Tax Authority),外部機関名,外部機関の名前（たとえば、税務署）,CO12-02,$.btx_BusinessTransactions.btx_Transaction_Header.btx_Header_IdentifierReference.btx_ExternalAuthority.cor_ExternalAuthorityName,cor,External Authority,externalAuthorityName,/xbrli:xbrl/gl-btx:businessTransactions/gl-btx:transactionHeader/gl-btx:headerIdentifierReference/gl-cor:externalAuthority/gl-cor:externalAuthorityName
403,cor,5,A,,External Authority Verification Date,Date Time,0..1,,Date on which the External Authority last performed a verification,外部機関認証日付,外部機関が最後に認証した日付。,CO12-03,$.btx_BusinessTransactions.btx_Transaction_Header.btx_Header_IdentifierReference.btx_ExternalAuthority.cor_ExternalAuthorityVerificationDate,cor,External Authority,externalAuthorityVerificationDate,/xbrli:xbrl/gl-btx:businessTransactions/gl-btx:transactionHeader/gl-btx:headerIdentifierReference/gl-cor:externalAuthority/gl-cor:externalAuthorityVerificationDate
404,cor,4,C,,Identifier_ Phone,,0..*,,Phone number related to Identifier.,【電話番号】,CVE識別子の電話番号。,BT06-10,$.btx_BusinessTransactions.btx_Transaction_Header.btx_Header_IdentifierReference.btx_Identifier_Phone,cor,Identifier_ Phone,identifierPhone,/xbrli:xbrl/gl-btx:businessTransactions/gl-btx:transactionHeader/gl-btx:headerIdentifierReference/gl-cor:identifierPhone
405,cor,5,A,PK,Phone Number,String,0..1,,Phone number referred to in Phone Number Description'\.,電話番号,電話番号用途で示される電話番号。,CO01-01,$.btx_BusinessTransactions.btx_Transaction_Header.btx_Header_IdentifierReference.btx_Identifier_Phone.cor_PhoneNumber,cor,Identifier_ Phone,phoneNumber,/xbrli:xbrl/gl-btx:businessTransactions/gl-btx:transactionHeader/gl-btx:headerIdentifierReference/gl-cor:identifierPhone/gl-cor:phoneNumber
406,cor,5,A,,Phone Number Description,String,0..1,,"Entity Phone Number Description such as Main, Investor relations. Enumerated as: bookkeeper, controller, direct, fax, investor-relations, main, switchboard, other.",電話番号用途,"代表、IR用などの、電話番号の用途。
[設定値のリスト]
(bookkeeper：記帳係)、(controller：会計責任者)、(direct：直通)、(fax：FAX)、(investor-relations：IR窓口)、(main：代表)、(switchboard：交換台)、(other：その他)",CO01-02,$.btx_BusinessTransactions.btx_Transaction_Header.btx_Header_IdentifierReference.btx_Identifier_Phone.cor_PhoneNumberDescription,cor,Identifier_ Phone,phoneNumberDescription,/xbrli:xbrl/gl-btx:businessTransactions/gl-btx:transactionHeader/gl-btx:headerIdentifierReference/gl-cor:identifierPhone/gl-cor:phoneNumberDescription
407,cor,4,C,,Identifier_ Fax,,0..*,,Fax number class related to identifier.,【FAX番号】,CVE識別子のFAX番号の構造体。,BT06-11,$.btx_BusinessTransactions.btx_Transaction_Header.btx_Header_IdentifierReference.btx_Identifier_Fax,cor,Identifier_ Fax,identifierFax,/xbrli:xbrl/gl-btx:businessTransactions/gl-btx:transactionHeader/gl-btx:headerIdentifierReference/gl-cor:identifierFax
408,cor,5,A,PK,Fax Number,String,0..1,,Fax Number,FAX番号,FAX番号。,CO03-01,$.btx_BusinessTransactions.btx_Transaction_Header.btx_Header_IdentifierReference.btx_Identifier_Fax.cor_FaxNumber,cor,Identifier_ Fax,faxNumber,/xbrli:xbrl/gl-btx:businessTransactions/gl-btx:transactionHeader/gl-btx:headerIdentifierReference/gl-cor:identifierFax/gl-cor:faxNumber
409,cor,5,A,,Fax Number Usage,String,0..1,,"Fax number usage (e.g. orders, head office, IR)",FAX番号用途,FAX番号の用途。(注文、本社、IRなど),CO03-02,$.btx_BusinessTransactions.btx_Transaction_Header.btx_Header_IdentifierReference.btx_Identifier_Fax.cor_FaxNumberUsage,cor,Identifier_ Fax,faxNumberUsage,/xbrli:xbrl/gl-btx:businessTransactions/gl-btx:transactionHeader/gl-btx:headerIdentifierReference/gl-cor:identifierFax/gl-cor:faxNumberUsage
410,cor,4,C,,Identifier_ Email,,0..*,,Email address for Identifier.,【CVEEメールアドレス】,CVE識別子のEメールアドレス。,BT06-12,$.btx_BusinessTransactions.btx_Transaction_Header.btx_Header_IdentifierReference.btx_Identifier_Email,cor,Identifier_ Email,identifierEmail,/xbrli:xbrl/gl-btx:businessTransactions/gl-btx:transactionHeader/gl-btx:headerIdentifierReference/gl-cor:identifierEmail
411,cor,5,A,PK,Email Address,String,0..1,,Email Address,Eメールアドレス,Eメールアドレス。,CO05-01,$.btx_BusinessTransactions.btx_Transaction_Header.btx_Header_IdentifierReference.btx_Identifier_Email.cor_EmailAddress,cor,Identifier_ Email,emailAddress,/xbrli:xbrl/gl-btx:businessTransactions/gl-btx:transactionHeader/gl-btx:headerIdentifierReference/gl-cor:identifierEmail/gl-cor:emailAddress
412,cor,5,A,,Email Address Usage,String,0..1,,"Email address usage (e.g. orders, head office, IR)",Eメールアドレス用途,Eメールアドレスの用途。(注文、本社、IRなど),CO05-02,$.btx_BusinessTransactions.btx_Transaction_Header.btx_Header_IdentifierReference.btx_Identifier_Email.cor_EmailAddressUsage,cor,Identifier_ Email,emailAddressUsage,/xbrli:xbrl/gl-btx:businessTransactions/gl-btx:transactionHeader/gl-btx:headerIdentifierReference/gl-cor:identifierEmail/gl-cor:emailAddressUsage
413,cor,4,C,,Identifier_ Address,,0..*,,"Address (block) of customer, vendor, employee for integration purposes, VAT.",【CVE住所】,統合目的やVATのための、顧客、仕入先、従業員の住所(ブロック)。,BT06-13,$.btx_BusinessTransactions.btx_Transaction_Header.btx_Header_IdentifierReference.btx_Identifier_Address,cor,Identifier_ Address,identifierAddress,/xbrli:xbrl/gl-btx:businessTransactions/gl-btx:transactionHeader/gl-btx:headerIdentifierReference/gl-cor:identifierAddress
414,cor,5,A,,Description,String,0..1,,Address Description,住所説明,住所の説明。,CO08-01,$.btx_BusinessTransactions.btx_Transaction_Header.btx_Header_IdentifierReference.btx_Identifier_Address.cor_Description,cor,Identifier_ Address,identifierAddressDescription,/xbrli:xbrl/gl-btx:businessTransactions/gl-btx:transactionHeader/gl-btx:headerIdentifierReference/gl-cor:identifierAddress/gl-cor:identifierAddressDescription
415,cor,5,A,,Purpose,String,0..1,,Address Purpose,住所目的,住所の目的。,CO08-02,$.btx_BusinessTransactions.btx_Transaction_Header.btx_Header_IdentifierReference.btx_Identifier_Address.cor_Purpose,cor,Identifier_ Address,purpose,/xbrli:xbrl/gl-btx:businessTransactions/gl-btx:transactionHeader/gl-btx:headerIdentifierReference/gl-cor:identifierAddress/gl-cor:purpose
416,cor,5,A,,Location ID,String,0..1,,A code used to identify the location and to associate it with contacts and transactions,所在地識別子,所在地を識別したり、窓口や取引と関係付けるコード。,CO08-03,$.btx_BusinessTransactions.btx_Transaction_Header.btx_Header_IdentifierReference.btx_Identifier_Address.cor_LocationID,cor,Identifier_ Address,locationId,/xbrli:xbrl/gl-btx:businessTransactions/gl-btx:transactionHeader/gl-btx:headerIdentifierReference/gl-cor:identifierAddress/gl-cor:locationId
417,cor,5,A,,Building Number,String,0..1,,Building Number,住所建物番号,建物番号。,CO08-04,$.btx_BusinessTransactions.btx_Transaction_Header.btx_Header_IdentifierReference.btx_Identifier_Address.cor_BuildingNumber,cor,Identifier_ Address,buildingNumber,/xbrli:xbrl/gl-btx:businessTransactions/gl-btx:transactionHeader/gl-btx:headerIdentifierReference/gl-cor:identifierAddress/gl-cor:buildingNumber
418,cor,5,A,,Street,String,0..1,,Street address,住所通り,住所の通り。,CO08-05,$.btx_BusinessTransactions.btx_Transaction_Header.btx_Header_IdentifierReference.btx_Identifier_Address.cor_Street,cor,Identifier_ Address,street,/xbrli:xbrl/gl-btx:businessTransactions/gl-btx:transactionHeader/gl-btx:headerIdentifierReference/gl-cor:identifierAddress/gl-cor:street
419,cor,5,A,,Address Detail,String,0..1,,Address Detail,住所詳細,住所詳細。,CO08-06,$.btx_BusinessTransactions.btx_Transaction_Header.btx_Header_IdentifierReference.btx_Identifier_Address.cor_AddressDetail,cor,Identifier_ Address,addressDetail,/xbrli:xbrl/gl-btx:businessTransactions/gl-btx:transactionHeader/gl-btx:headerIdentifierReference/gl-cor:identifierAddress/gl-cor:addressDetail
420,cor,5,A,,City,String,0..1,,City,住所都市,住所の都市。,CO08-07,$.btx_BusinessTransactions.btx_Transaction_Header.btx_Header_IdentifierReference.btx_Identifier_Address.cor_City,cor,Identifier_ Address,city,/xbrli:xbrl/gl-btx:businessTransactions/gl-btx:transactionHeader/gl-btx:headerIdentifierReference/gl-cor:identifierAddress/gl-cor:city
421,cor,5,A,,State or Province,String,0..1,,"State, province or region",住所州,住所の州や地方。,CO08-08,$.btx_BusinessTransactions.btx_Transaction_Header.btx_Header_IdentifierReference.btx_Identifier_Address.cor_StateorProvince,cor,Identifier_ Address,stateOrProvince,/xbrli:xbrl/gl-btx:businessTransactions/gl-btx:transactionHeader/gl-btx:headerIdentifierReference/gl-cor:identifierAddress/gl-cor:stateOrProvince
422,cor,5,A,,Country,String,0..1,,Country,住所国,住所の国。,CO08-09,$.btx_BusinessTransactions.btx_Transaction_Header.btx_Header_IdentifierReference.btx_Identifier_Address.cor_Country,cor,Identifier_ Address,country,/xbrli:xbrl/gl-btx:businessTransactions/gl-btx:transactionHeader/gl-btx:headerIdentifierReference/gl-cor:identifierAddress/gl-cor:country
423,cor,5,A,,Zip or Postal Code,String,0..1,,Zip or other postal code,住所郵便番号,住所の郵便番号。,CO08-10,$.btx_BusinessTransactions.btx_Transaction_Header.btx_Header_IdentifierReference.btx_Identifier_Address.cor_ZiporPostalCode,cor,Identifier_ Address,zipOrPostalCode,/xbrli:xbrl/gl-btx:businessTransactions/gl-btx:transactionHeader/gl-btx:headerIdentifierReference/gl-cor:identifierAddress/gl-cor:zipOrPostalCode
424,cor,4,C,,Identifier_ Contact,,0..*,,Identifier Contact Information Class,【CVE担当者情報】,CVE識別子の担当者情報の構造体。,BT06-14,$.btx_BusinessTransactions.btx_Transaction_Header.btx_Header_IdentifierReference.btx_Identifier_Contact,cor,Identifier_ Contact,identifierContact,/xbrli:xbrl/gl-btx:businessTransactions/gl-btx:transactionHeader/gl-btx:headerIdentifierReference/gl-cor:identifierContact
425,cor,5,A,,Contact Prefix,String,0..1,,"Prefix (e.g. Dr., Mr., Mrs.)",敬称,敬称(Dr.、Mr.、Mrs.など),CO11-01,$.btx_BusinessTransactions.btx_Transaction_Header.btx_Header_IdentifierReference.btx_Identifier_Contact.cor_ContactPrefix,cor,Identifier_ Contact,contactPrefix,/xbrli:xbrl/gl-btx:businessTransactions/gl-btx:transactionHeader/gl-btx:headerIdentifierReference/gl-cor:identifierContact/gl-cor:contactPrefix
426,cor,5,A,,Contact Last Name,String,0..1,,Last or family name,姓,姓,CO11-02,$.btx_BusinessTransactions.btx_Transaction_Header.btx_Header_IdentifierReference.btx_Identifier_Contact.cor_ContactLastName,cor,Identifier_ Contact,contactLastName,/xbrli:xbrl/gl-btx:businessTransactions/gl-btx:transactionHeader/gl-btx:headerIdentifierReference/gl-cor:identifierContact/gl-cor:contactLastName
427,cor,5,A,,Contact First Name,String,0..1,,First or given name,名,名、クリスチャンネーム,CO11-03,$.btx_BusinessTransactions.btx_Transaction_Header.btx_Header_IdentifierReference.btx_Identifier_Contact.cor_ContactFirstName,cor,Identifier_ Contact,contactFirstName,/xbrli:xbrl/gl-btx:businessTransactions/gl-btx:transactionHeader/gl-btx:headerIdentifierReference/gl-cor:identifierContact/gl-cor:contactFirstName
428,cor,5,A,,Contact Suffix,String,0..1,,"Suffix (e.g. MD, CPA, Jr.)",付加名称,付加名称(MD、CPA、Jr.など),CO11-04,$.btx_BusinessTransactions.btx_Transaction_Header.btx_Header_IdentifierReference.btx_Identifier_Contact.cor_ContactSuffix,cor,Identifier_ Contact,contactSuffix,/xbrli:xbrl/gl-btx:businessTransactions/gl-btx:transactionHeader/gl-btx:headerIdentifierReference/gl-cor:identifierContact/gl-cor:contactSuffix
429,cor,5,A,,Contact Attention Line,String,0..1,,Attention Line,アテンションライン,アテンションライン,CO11-05,$.btx_BusinessTransactions.btx_Transaction_Header.btx_Header_IdentifierReference.btx_Identifier_Contact.cor_ContactAttentionLine,cor,Identifier_ Contact,contactAttentionLine,/xbrli:xbrl/gl-btx:businessTransactions/gl-btx:transactionHeader/gl-btx:headerIdentifierReference/gl-cor:identifierContact/gl-cor:contactAttentionLine
430,cor,5,A,,Contact Position Role,String,0..1,,Position or role,地位/役職,地位や役職。,CO11-06,$.btx_BusinessTransactions.btx_Transaction_Header.btx_Header_IdentifierReference.btx_Identifier_Contact.cor_ContactPositionRole,cor,Identifier_ Contact,contactPositionRole,/xbrli:xbrl/gl-btx:businessTransactions/gl-btx:transactionHeader/gl-btx:headerIdentifierReference/gl-cor:identifierContact/gl-cor:contactPositionRole
431,cor,5,A,,Contact Contact Type,String,0..1,,"Role of contact. Examples include: Source Service, Sender, Recipient, Invoicer, Auditor, Accountant",担当者役割,担当者の役割。例：ソースサービス、送付元、受取人、請求先、監査人、会計事務所。,CO11-07,$.btx_BusinessTransactions.btx_Transaction_Header.btx_Header_IdentifierReference.btx_Identifier_Contact.cor_ContactContactType,cor,Identifier_ Contact,contactContactType,/xbrli:xbrl/gl-btx:businessTransactions/gl-btx:transactionHeader/gl-btx:headerIdentifierReference/gl-cor:identifierContact/gl-cor:contactContactType
432,cor,5,A,,Contact Location ID cross reference,String,0..1,,This code is used to associate the contact with a specific location for the Entity. Its value should be the same as that of the organizationAddressLocationIdentifier,所在地相互参照情報,担当者と事業体の位置情報を関係付けるためのコード。organizationAddressLocationIdentifierと同じ値であるべき。,CO11-08,$.btx_BusinessTransactions.btx_Transaction_Header.btx_Header_IdentifierReference.btx_Identifier_Contact.cor_ContactLocationIDcrossreference,cor,Identifier_ Contact,contactLocationIdCrossReference,/xbrli:xbrl/gl-btx:businessTransactions/gl-btx:transactionHeader/gl-btx:headerIdentifierReference/gl-cor:identifierContact/gl-cor:contactLocationIdCrossReference
433,cor,5,A,,Contact Active,Boolean,0..1,,"Boolean to indicate whether the contact is active (=""true"") or inactive (=""false"")",担当者有効性,担当者が有効か無効かを示すブール値。,CO11-09,$.btx_BusinessTransactions.btx_Transaction_Header.btx_Header_IdentifierReference.btx_Identifier_Contact.cor_ContactActive,cor,Identifier_ Contact,contactActive,/xbrli:xbrl/gl-btx:businessTransactions/gl-btx:transactionHeader/gl-btx:headerIdentifierReference/gl-cor:identifierContact/gl-cor:contactActive
434,bus,5,C,,Contact_ Phone,,0..*,,Contact Phone Number,【担当者電話番号】,担当者の電話番号。,CO11-10,$.btx_BusinessTransactions.btx_Transaction_Header.btx_Header_IdentifierReference.btx_Identifier_Contact.cor_Contact_Phone,bus,Contact_ Phone,contactPhone,/xbrli:xbrl/gl-btx:businessTransactions/gl-btx:transactionHeader/gl-btx:headerIdentifierReference/gl-cor:identifierContact/gl-bus:contactPhone
435,bus,6,A,PK,Phone Number,String,0..1,,Phone number referred to in Phone Number Description'\.,電話番号,電話番号用途で示される電話番号。,BU03-01,$.btx_BusinessTransactions.btx_Transaction_Header.btx_Header_IdentifierReference.btx_Identifier_Contact.cor_Contact_Phone.bus_PhoneNumber,bus,Contact_ Phone,phoneNumber,/xbrli:xbrl/gl-btx:businessTransactions/gl-btx:transactionHeader/gl-btx:headerIdentifierReference/gl-cor:identifierContact/gl-bus:contactPhone/gl-bus:phoneNumber
436,bus,6,A,,Phone Number Description,String,0..1,,"Entity Phone Number Description such as Main, Investor relations. Enumerated as: bookkeeper, controller, direct, fax, investor-relations, main, switchboard, other.",電話番号用途,"代表、IR用などの、電話番号の用途。
[設定値のリスト]
(bookkeeper：記帳係)、(controller：会計責任者)、(direct：直通)、(fax：FAX)、(investor-relations：IR窓口)、(main：代表)、(switchboard：交換台)、(other：その他)",BU03-02,$.btx_BusinessTransactions.btx_Transaction_Header.btx_Header_IdentifierReference.btx_Identifier_Contact.cor_Contact_Phone.bus_PhoneNumberDescription,bus,Contact_ Phone,phoneNumberDescription,/xbrli:xbrl/gl-btx:businessTransactions/gl-btx:transactionHeader/gl-btx:headerIdentifierReference/gl-cor:identifierContact/gl-bus:contactPhone/gl-bus:phoneNumberDescription
437,bus,5,C,,Contact_ Fax,,0..*,,Contact Fax Number Class,【担当者FAX番号】,担当者のFAX番号の構造体。,CO11-11,$.btx_BusinessTransactions.btx_Transaction_Header.btx_Header_IdentifierReference.btx_Identifier_Contact.cor_Contact_Fax,bus,Contact_ Fax,contactFax,/xbrli:xbrl/gl-btx:businessTransactions/gl-btx:transactionHeader/gl-btx:headerIdentifierReference/gl-cor:identifierContact/gl-bus:contactFax
438,bus,6,A,PK,Fax Number,String,0..1,,Fax Number,FAX番号,FAX番号。,BU08-01,$.btx_BusinessTransactions.btx_Transaction_Header.btx_Header_IdentifierReference.btx_Identifier_Contact.cor_Contact_Fax.bus_FaxNumber,bus,Contact_ Fax,faxNumber,/xbrli:xbrl/gl-btx:businessTransactions/gl-btx:transactionHeader/gl-btx:headerIdentifierReference/gl-cor:identifierContact/gl-bus:contactFax/gl-bus:faxNumber
439,bus,6,A,,Fax Number Usage,String,0..1,,"Fax number usage (e.g. orders, head office, IR)",FAX番号用途,FAX番号の用途。(注文、本社、IRなど),BU08-02,$.btx_BusinessTransactions.btx_Transaction_Header.btx_Header_IdentifierReference.btx_Identifier_Contact.cor_Contact_Fax.bus_FaxNumberUsage,bus,Contact_ Fax,faxNumberUsage,/xbrli:xbrl/gl-btx:businessTransactions/gl-btx:transactionHeader/gl-btx:headerIdentifierReference/gl-cor:identifierContact/gl-bus:contactFax/gl-bus:faxNumberUsage
440,bus,5,C,,Contact_ Email,,0..*,,Contact E-mail address class,【担当者Eメールアドレス】,担当者のEメールアドレスの構造体。,CO11-12,$.btx_BusinessTransactions.btx_Transaction_Header.btx_Header_IdentifierReference.btx_Identifier_Contact.cor_Contact_Email,bus,Contact_ Email,contactEmail,/xbrli:xbrl/gl-btx:businessTransactions/gl-btx:transactionHeader/gl-btx:headerIdentifierReference/gl-cor:identifierContact/gl-bus:contactEmail
441,bus,6,A,PK,Email Address,String,0..1,,Email Address,Eメールアドレス,Eメールアドレス。,BU13-01,$.btx_BusinessTransactions.btx_Transaction_Header.btx_Header_IdentifierReference.btx_Identifier_Contact.cor_Contact_Email.bus_EmailAddress,bus,Contact_ Email,emailAddress,/xbrli:xbrl/gl-btx:businessTransactions/gl-btx:transactionHeader/gl-btx:headerIdentifierReference/gl-cor:identifierContact/gl-bus:contactEmail/gl-bus:emailAddress
442,bus,6,A,,Email Address Usage,String,0..1,,"Email address usage (e.g. orders, head office, IR)",Eメールアドレス用途,Eメールアドレスの用途。(注文、本社、IRなど),BU13-02,$.btx_BusinessTransactions.btx_Transaction_Header.btx_Header_IdentifierReference.btx_Identifier_Contact.cor_Contact_Email.bus_EmailAddressUsage,bus,Contact_ Email,emailAddressUsage,/xbrli:xbrl/gl-btx:businessTransactions/gl-btx:transactionHeader/gl-btx:headerIdentifierReference/gl-cor:identifierContact/gl-bus:contactEmail/gl-bus:emailAddressUsage
443,btx,3,C,,Header_ Tax,,0..*,,Class for holding tax related information,【税情報】,税関連の情報のタプル。,BT11-27,$.btx_BusinessTransactions.btx_Transaction_Header.btx_Header_Tax,btx,Header_ Tax,headerTax,/xbrli:xbrl/gl-btx:businessTransactions/gl-btx:transactionHeader/gl-btx:headerTax
444,btx,4,A,,Tax Authority,String,0..1,,Name of the relevant tax authority,課税庁,関係する課税庁の名前。,BT08-01,$.btx_BusinessTransactions.btx_Transaction_Header.btx_Header_Tax.btx_TaxAuthority,btx,Header_ Tax,taxAuthority,/xbrli:xbrl/gl-btx:businessTransactions/gl-btx:transactionHeader/gl-btx:headerTax/gl-btx:taxAuthority
445,btx,4,A,,Tax Table Code,String,0..1,,Tax table code used by the relevant tax authority,税率表コード,関係する課税庁で使用される税率表のコード。,BT08-02,$.btx_BusinessTransactions.btx_Transaction_Header.btx_Header_Tax.btx_TaxTableCode,btx,Header_ Tax,taxTableCode,/xbrli:xbrl/gl-btx:businessTransactions/gl-btx:transactionHeader/gl-btx:headerTax/gl-btx:taxTableCode
446,btx,4,A,,Tax Description,String,0..1,,Description of tax authority,課税庁説明,課税庁の説明。,BT08-03,$.btx_BusinessTransactions.btx_Transaction_Header.btx_Header_Tax.btx_TaxDescription,btx,Header_ Tax,taxDescription,/xbrli:xbrl/gl-btx:businessTransactions/gl-btx:transactionHeader/gl-btx:headerTax/gl-btx:taxDescription
447,btx,4,A,,Amount of Taxes,Monetary,0..1,,Amount of taxes,税額,税額。,BT08-04,$.btx_BusinessTransactions.btx_Transaction_Header.btx_Header_Tax.btx_AmountofTaxes,btx,Header_ Tax,amountOfTaxes,/xbrli:xbrl/gl-btx:businessTransactions/gl-btx:transactionHeader/gl-btx:headerTax/gl-btx:amountOfTaxes
448,btx,4,A,,Basis for Taxation,Monetary,0..1,,Basis for taxation,課税基準,課税基準。,BT08-05,$.btx_BusinessTransactions.btx_Transaction_Header.btx_Header_Tax.btx_BasisforTaxation,btx,Header_ Tax,basisForTaxation,/xbrli:xbrl/gl-btx:businessTransactions/gl-btx:transactionHeader/gl-btx:headerTax/gl-btx:basisForTaxation
449,btx,4,A,,Tax Percentage Rate,Pure,0..1,,Percent rate for VAT or other taxes normally a number between 0 and 1.0 - e.g. 50% is represented as 0.5,税率,"VAT(物品税)またはその他の税のパーセント比率。_x000D_
0から1.0の間の値。たとえば50%は0.5とあらわす。",BT08-06,$.btx_BusinessTransactions.btx_Transaction_Header.btx_Header_Tax.btx_TaxPercentageRate,btx,Header_ Tax,taxPercentageRate,/xbrli:xbrl/gl-btx:businessTransactions/gl-btx:transactionHeader/gl-btx:headerTax/gl-btx:taxPercentageRate
450,btx,4,A,,Tax Category,String,0..1,,A class or category of taxes,税区分,税のクラス又はカテゴリ。,BT08-07,$.btx_BusinessTransactions.btx_Transaction_Header.btx_Header_Tax.btx_TaxCategory,btx,Header_ Tax,taxCategory,/xbrli:xbrl/gl-btx:businessTransactions/gl-btx:transactionHeader/gl-btx:headerTax/gl-btx:taxCategory
451,btx,4,A,,Tax Comment/Exemption Reason,String,0..1,,Additional text/code for exemption reasons or other comments.,税コメント/免税理由,免税理由やその他のコメントのための、追加の文またはコード。,BT08-08,$.btx_BusinessTransactions.btx_Transaction_Header.btx_Header_Tax.btx_TaxComment/ExemptionReason,btx,Header_ Tax,taxCommentExemptionReason,/xbrli:xbrl/gl-btx:businessTransactions/gl-btx:transactionHeader/gl-btx:headerTax/gl-btx:taxCommentExemptionReason
452,btx,4,A,,Tax Amount in Foreign Currency,Monetary,0..1,,"If the tax is in a foreign currency, the amount of tax in that currency",外貨建税額,税が外貨建ての場合の、税額。,BT08-09,$.btx_BusinessTransactions.btx_Transaction_Header.btx_Header_Tax.btx_TaxAmountinForeignCurrency,btx,Header_ Tax,taxAmountInForeignCurrency,/xbrli:xbrl/gl-btx:businessTransactions/gl-btx:transactionHeader/gl-btx:headerTax/gl-btx:taxAmountInForeignCurrency
453,btx,4,A,,Tax Foreign Currency,QName,0..1,,"If the tax is in a foreign currency, that currency",外貨建税額通貨,税が外貨建ての場合の、通貨。,BT08-10,$.btx_BusinessTransactions.btx_Transaction_Header.btx_Header_Tax.btx_TaxForeignCurrency,btx,Header_ Tax,taxForeignCurrency,/xbrli:xbrl/gl-btx:businessTransactions/gl-btx:transactionHeader/gl-btx:headerTax/gl-btx:taxForeignCurrency
454,btx,4,A,,Tax Exchange Rate Date,Date Time,0..1,,"If the tax is in a foreign currency, the date or date and time of the exchange rate used",税額換算レート日付,税が外貨建ての場合の、換算レートの日付または日付/時刻。,BT08-11,$.btx_BusinessTransactions.btx_Transaction_Header.btx_Header_Tax.btx_TaxExchangeRateDate,btx,Header_ Tax,taxExchangeRateDate,/xbrli:xbrl/gl-btx:businessTransactions/gl-btx:transactionHeader/gl-btx:headerTax/gl-btx:taxExchangeRateDate
455,btx,4,A,,Tax Exchange Rate,Pure,0..1,,"If the tax is in a foreign currency, the exchange rate used expressed as national currency divided by foreign currency",税額換算レート,税が外貨建ての場合の、換算レート。自国通貨を外貨で割った値。,BT08-12,$.btx_BusinessTransactions.btx_Transaction_Header.btx_Header_Tax.btx_TaxExchangeRate,btx,Header_ Tax,taxExchangeRate,/xbrli:xbrl/gl-btx:businessTransactions/gl-btx:transactionHeader/gl-btx:headerTax/gl-btx:taxExchangeRate
456,btx,4,A,,Tax Exchange Rate Source,String,0..1,,"If the tax is in a foreign currency, source of exchange rate - for example, Reuters, Bloomberg",税額換算レート情報源,"税が外貨建ての場合の、換算レートの情報源。たとえば、Reuters, Bloomberg",BT08-13,$.btx_BusinessTransactions.btx_Transaction_Header.btx_Header_Tax.btx_TaxExchangeRateSource,btx,Header_ Tax,taxExchangeRateSource,/xbrli:xbrl/gl-btx:businessTransactions/gl-btx:transactionHeader/gl-btx:headerTax/gl-btx:taxExchangeRateSource
457,btx,4,A,,Tax Exchange Rate Type,String,0..1,,"If the tax is in a foreign currency, type of exchange rate - for example, spot rate, forward contract etc.",税額換算レート種別,税が外貨建ての場合の、換算レートの種別。たとえば、スポット・レート、先物など。,BT08-14,$.btx_BusinessTransactions.btx_Transaction_Header.btx_Header_Tax.btx_TaxExchangeRateType,btx,Header_ Tax,taxExchangeRateType,/xbrli:xbrl/gl-btx:businessTransactions/gl-btx:transactionHeader/gl-btx:headerTax/gl-btx:taxExchangeRateType
458,btx,4,A,,Tax Exchange Rate Comment,String,0..1,,"If the tax is in a foreign currency, comment about exchange rate used",税額換算レートコメント,税が外貨建ての場合の、換算レートに関するコメント。,BT08-15,$.btx_BusinessTransactions.btx_Transaction_Header.btx_Header_Tax.btx_TaxExchangeRateComment,btx,Header_ Tax,taxExchangeRateComment,/xbrli:xbrl/gl-btx:businessTransactions/gl-btx:transactionHeader/gl-btx:headerTax/gl-btx:taxExchangeRateComment
459,btx,3,C,,Header_ Amount Structure,,0..*,,"Structure representing monetary amounts and currency information applicable to the document as a whole, such as document-level totals or aggregated tax amounts.",【ヘッダー金額構造】,文書全体に適用される金額や通貨情報（文書レベルの合計額や集計された税額など）を表現する構造。,BT11-28,$.btx_BusinessTransactions.btx_Transaction_Header.btx_Header_AmountStructure,btx,Header_ Amount Structure,headerAmountStructure,/xbrli:xbrl/gl-btx:businessTransactions/gl-btx:transactionHeader/gl-btx:headerAmountStructure
460,btx,4,A,,Amount,Monetary,1,,Numeric value of the monetary amount expressed in the specified currency.,金額,指定された通貨で表現された金額の数値。,BT01-01,$.btx_BusinessTransactions.btx_Transaction_Header.btx_Header_AmountStructure.btx_Amount,btx,Header_ Amount Structure,headerAmount,/xbrli:xbrl/gl-btx:businessTransactions/gl-btx:transactionHeader/gl-btx:headerAmountStructure/gl-btx:headerAmount
461,btx,4,A,,Currency Code,Token,0..1,,"Code specifying the currency in which the amount is expressed, typically an ISO 4217 currency code.",通貨コード,金額が表現される通貨を指定するコード。通常は ISO 4217 通貨コードを用いる。,BT01-02,$.btx_BusinessTransactions.btx_Transaction_Header.btx_Header_AmountStructure.btx_CurrencyCode,btx,Header_ Amount Structure,headerAurrencyCode,/xbrli:xbrl/gl-btx:businessTransactions/gl-btx:transactionHeader/gl-btx:headerAmountStructure/gl-btx:headerAurrencyCode
462,btx,4,A,,Currency Code Type,Token,0..1,,"Code specifying the role of the currency used for the amount, such as functional currency, local currency, reporting currency, or transaction currency.",通貨コード種別,金額に対する通貨の役割（機能通貨、ローカル通貨、報告通貨、取引通貨など）を指定するコード。,BT01-03,$.btx_BusinessTransactions.btx_Transaction_Header.btx_Header_AmountStructure.btx_CurrencyCodeType,btx,Header_ Amount Structure,headerAurrencyCodeType,/xbrli:xbrl/gl-btx:businessTransactions/gl-btx:transactionHeader/gl-btx:headerAmountStructure/gl-btx:headerAurrencyCodeType
463,btx,4,A,,Header_ Amount Type,String,0..1,,"Code or text specifying the type or role of the amount, such as tax amount, tax base amount, allowance amount, or charge amount.",金額種別,税額、課税標準額、値引金額、追加請求金額など、金額の種類または役割を指定するコードまたはテキスト。,BT01-04,$.btx_BusinessTransactions.btx_Transaction_Header.btx_Header_AmountStructure.btx_Header_AmountType,btx,Header_ Amount Structure,headerAmountType,/xbrli:xbrl/gl-btx:businessTransactions/gl-btx:transactionHeader/gl-btx:headerAmountStructure/gl-btx:headerAmountType
464,btx,3,C,,Transaction_ Detail,,0..*,,Parent for document line,【文書明細】,文書明細の親タグ。,BT11-29,$.btx_BusinessTransactions.btx_Transaction_Header.btx_Transaction_Detail,btx,Transaction_ Detail,transactionDetail,/xbrli:xbrl/gl-btx:businessTransactions/gl-btx:transactionHeader/gl-btx:transactionDetail
465,btx,4,A,PK,Line Number,String,0..1,,Identifier for a particular entry detail,明細行番号,仕訳明細の識別子。,BT12-01,$.btx_BusinessTransactions.btx_Transaction_Header.btx_Transaction_Detail.btx_LineNumber,btx,Transaction_ Detail,lineNumber,/xbrli:xbrl/gl-btx:businessTransactions/gl-btx:transactionHeader/gl-btx:transactionDetail/gl-btx:lineNumber
466,btx,4,A,,Line Number Counter,Decimal,0..1,,Unique reference for the line - a numeric counter,明細行番号カウンタ,明細行の一意なリファレンス　　カウンタ,BT12-02,$.btx_BusinessTransactions.btx_Transaction_Header.btx_Transaction_Detail.btx_LineNumberCounter,btx,Transaction_ Detail,lineNumberCounter,/xbrli:xbrl/gl-btx:businessTransactions/gl-btx:transactionHeader/gl-btx:transactionDetail/gl-btx:lineNumberCounter
467,btx,4,A,,Posting Date,Date Time,0..1,,"At the detail level, this represents the accounting significance date. No matter what date the document is received, entered, or posted, this signifies the accounting date of the entry. If you want to see the financial results for March 5, 2002 and this entry is given that date, the entry will be part of the results for March 5, 2002. This is different from the postedDate found at the entryHeader level. If you want the accounting significance to be a particular date, it goes here. A single entry could represent multiple dates, but would only be posted on one date.",転記日付,明細レベルで、会計上意義のある日付を示す。ドキュメントの受領、入力、転記の日付に関わらず、仕訳が会計処理された日付を示す。2002.03.05の財務結果を見たいときに、ここにその日付がある場合は、この明細は2002.03.05の結果の一部である。これは、entryHeaderにあるpostedDateとは異なる。特定の日付を会計上意義のある日付にしたいなら、ここに記述する。ひとつの仕訳が複数の日付をあらわせるが、ひとつの日でのみ転記される。,BT12-03,$.btx_BusinessTransactions.btx_Transaction_Header.btx_Transaction_Detail.btx_PostingDate,btx,Transaction_ Detail,postingDate,/xbrli:xbrl/gl-btx:businessTransactions/gl-btx:transactionHeader/gl-btx:transactionDetail/gl-btx:postingDate
468,btx,4,A,,Memo Line,Boolean,0..1,,A boolean like entry that indicates whether an entryDetail line has been provided solely to provide additional details and that tools should not consider the amount in postings.,メモ行フラグ,明細行が単に追加の詳細を与えるものであり、転記金額に含めるべきでないことを示すブール値。,BT12-04,$.btx_BusinessTransactions.btx_Transaction_Header.btx_Transaction_Detail.btx_MemoLine,btx,Transaction_ Detail,memoLine,/xbrli:xbrl/gl-btx:businessTransactions/gl-btx:transactionHeader/gl-btx:transactionDetail/gl-btx:memoLine
469,btx,4,A,,Document Type,Token,0..1,,"An enumerated field describing the original source document, with check, debit-memo, credit-memo, finance-charge, invoice, order-customer, order-vendor, payment-other, reminder, tegata, voucher, shipment, receipt, manual-adjustment, other.",元文書種別,小切手、借方メモ、貸方メモ、財務費用、顧客への請求書、顧客オーダー、仕入先オーダー、その他支払い、督促状、手形、ベンダからの請求書、出荷票、受領票、手修正、その他の列挙値による、元文書の説明。[設定値のリスト]_x000D_ (check：小切手)、(debit-memo：借方メモ)、(credit-memo：貸方メモ)、(finance-charge：財務費用)、(invoice：顧客への請求書)、(order-customer：顧客オーダ)、(order-vendor：仕入先オーダ)、(payment-other：その他支払い)、(reminder：督促状)、(tegata：手形)、(voucher：ベンダからの請求書)、(shipment：出荷票)、(receipt：受領票)、(manual-adjustment：手修正)、(other：その他),BT12-05,$.btx_BusinessTransactions.btx_Transaction_Header.btx_Transaction_Detail.btx_DocumentType,btx,Transaction_ Detail,documentType,/xbrli:xbrl/gl-btx:businessTransactions/gl-btx:transactionHeader/gl-btx:transactionDetail/gl-btx:documentType
470,btx,4,A,,Document Type Description,String,0..1,,Free format description of the document type,元文書種別説明,元文書の種別の説明。,BT12-06,$.btx_BusinessTransactions.btx_Transaction_Header.btx_Transaction_Detail.btx_DocumentTypeDescription,btx,Transaction_ Detail,documentTypeDescription,/xbrli:xbrl/gl-btx:businessTransactions/gl-btx:transactionHeader/gl-btx:transactionDetail/gl-btx:documentTypeDescription
471,cor,4,R,,Document,,0..1,,"Invoice, check, voucher, or other source document identifier",元文書番号,請求書、小切手、証憑、その他の元文書の識別子。,BT12-07,$.btx_BusinessTransactions.btx_Transaction_Header.btx_Transaction_Detail.btx_Document,cor,Document,document,/xbrli:xbrl/gl-btx:businessTransactions/gl-btx:transactionHeader/gl-btx:transactionDetail/gl-cor:document
472,cor,5,A,REF,Document Number,String,0..1,,Document number,発生元文書番号,発生元文書の番号。,CO20-02,$.btx_BusinessTransactions.btx_Transaction_Header.btx_Transaction_Detail.btx_Document.cor_DocumentNumber,cor,Document,documentNumber,/xbrli:xbrl/gl-btx:businessTransactions/gl-btx:transactionHeader/gl-btx:transactionDetail/gl-cor:document/gl-cor:documentNumber
473,btx,4,A,,Document Date,Date Time,0..1,,"Date (and less likely in the paper world but possible in the e-world, time) on actual document (invoice, voucher, check date). Other dates control posting information.",元文書日付,実際の文書（請求書、証憑、小切手）の日付（および、紙の世界ではありそうにないが、電子的には時刻）。 転記の情報は別の日付で管理する。,BT12-08,$.btx_BusinessTransactions.btx_Transaction_Header.btx_Transaction_Detail.btx_DocumentDate,btx,Transaction_ Detail,documentDate,/xbrli:xbrl/gl-btx:businessTransactions/gl-btx:transactionHeader/gl-btx:transactionDetail/gl-btx:documentDate
474,btx,4,A,,Received Date,Date Time,0..1,,Date/time document was noted as received (if necessary). Represents actual date received. Posting dates are maintained separately.,元文書受領日付,（必要であれば）文書の受領が記録された日付/時刻。実際に受領された日付をあらわす。転記日付は別に管理される。,BT12-09,$.btx_BusinessTransactions.btx_Transaction_Header.btx_Transaction_Detail.btx_ReceivedDate,btx,Transaction_ Detail,receivedDate,/xbrli:xbrl/gl-btx:businessTransactions/gl-btx:transactionHeader/gl-btx:transactionDetail/gl-btx:receivedDate
475,btx,4,A,,Document Location,String,0..1,,"Document location as URI, file name or other reference. Alternatively, text of document can be placed here.",元文書格納場所,文書の格納場所である、URI、ファイル名またはその他の参照情報。代わりに、文書のテキストも記述可能。,BT12-10,$.btx_BusinessTransactions.btx_Transaction_Header.btx_Transaction_Detail.btx_DocumentLocation,btx,Transaction_ Detail,documentLocation,/xbrli:xbrl/gl-btx:businessTransactions/gl-btx:transactionHeader/gl-btx:transactionDetail/gl-btx:documentLocation
476,btx,4,A,,Posting Status,Token,0..1,,"deferred: although entered, it cannot be posted until a later time
posted: already posted
proposed: a proposed item that must be approved
simulated: a simulated item, for what-if
tax: a tax-specific entry
unposted:entered but not yet posted or validated
cancelled:entered and later cancelled
other:other status - should be described in postingStatusDescription",転記状態,"・据置：入力されたが、まだ転記できない。_x000D_
・転記済：転記済み。_x000D_
・提案済：検証が必要な項目。_x000D_
・シミュレーション：仮定のためにシミュレートされた項目。_x000D_
・税：税項目。_x000D_
・未転記：入力されたが、まだ検証も転記もされていない。_x000D_
・取消済：入力されたが、取り消された。_x000D_
・その他：その他の状態。postingStatusDescriptionで説明されるべき。_x000D_
[設定値のリスト]_x000D_
(deferred：据置)、(posted：転記済)、(proposed：提案済)、(simulated：シミュレーション)、(tax：税)、(unposted：未転記)、(cancelled：取消済)、(other：その他)",BT12-11,$.btx_BusinessTransactions.btx_Transaction_Header.btx_Transaction_Detail.btx_PostingStatus,btx,Transaction_ Detail,postingStatus,/xbrli:xbrl/gl-btx:businessTransactions/gl-btx:transactionHeader/gl-btx:transactionDetail/gl-btx:postingStatus
477,btx,4,A,,Posting Status Description,String,0..1,,Free format description of the posting status,転記状態説明,転記状態の説明。,BT12-12,$.btx_BusinessTransactions.btx_Transaction_Header.btx_Transaction_Detail.btx_PostingStatusDescription,btx,Transaction_ Detail,postingStatusDescription,/xbrli:xbrl/gl-btx:businessTransactions/gl-btx:transactionHeader/gl-btx:transactionDetail/gl-btx:postingStatusDescription
478,btx,4,A,,Description,String,0..1,,Description of this line of detail only,説明,この明細行のみに対する説明。,BT12-13,$.btx_BusinessTransactions.btx_Transaction_Header.btx_Transaction_Detail.btx_Description,btx,Transaction_ Detail,headerDescription,/xbrli:xbrl/gl-btx:businessTransactions/gl-btx:transactionHeader/gl-btx:transactionDetail/gl-btx:headerDescription
479,btx,4,A,,Acknowledgement Date,Date Time,0..1,,Date of acknowledgement of goods/services shipped/received.,承認日付,出荷/受領済みの物品/サービスを承認した日付。,BT12-14,$.btx_BusinessTransactions.btx_Transaction_Header.btx_Transaction_Detail.btx_AcknowledgementDate,btx,Transaction_ Detail,acknowledgementDate,/xbrli:xbrl/gl-btx:businessTransactions/gl-btx:transactionHeader/gl-btx:transactionDetail/gl-btx:acknowledgementDate
480,btx,4,A,,Confirmation Date,Date Time,0..1,,Date of confirmation of shipment/receipt.,確認日付,出荷/受領を確認した日付。,BT12-15,$.btx_BusinessTransactions.btx_Transaction_Header.btx_Transaction_Detail.btx_ConfirmationDate,btx,Transaction_ Detail,confirmationDate,/xbrli:xbrl/gl-btx:businessTransactions/gl-btx:transactionHeader/gl-btx:transactionDetail/gl-btx:confirmationDate
481,btx,4,A,,Measurable Class Description,String,0..1,,Free format description associated with gl-ehm:measurableClassID to provide specialization or clarification for the enumerated value of other.,測定可能分類の説明,「その他」の列挙値を補足・特定するための自由記述形式の説明。,BT12-16,$.btx_BusinessTransactions.btx_Transaction_Header.btx_Transaction_Detail.btx_MeasurableClassDescription,btx,Transaction_ Detail,measurableClassDescription,/xbrli:xbrl/gl-btx:businessTransactions/gl-btx:transactionHeader/gl-btx:transactionDetail/gl-btx:measurableClassDescription
482,btx,4,A,,Geospatial Coordinate,String,0..1,,"Enter a relevant location for this item. Format can be either:
- Degrees, minutes, and seconds (DMS): 41°24'12.2""N 2°10'26.5""E
- Degrees and decimal minutes (DMM): 41 24.2028, 2 10.4418
- Decimal degrees (DD): 41.40338, 2.17403",地理座標,"本項目の関連位置を入力。形式は以下のいずれか：
・度分秒 (DMS): 41°24'12.2""N 2°10'26.5""E
・度と小数分 (DMM): 41 24.2028, 2 10.4418
・10進度 (DD): 41.40338, 2.17403",BT12-17,$.btx_BusinessTransactions.btx_Transaction_Header.btx_Transaction_Detail.btx_GeospatialCoordinate,btx,Transaction_ Detail,geospatialCoordinate,/xbrli:xbrl/gl-btx:businessTransactions/gl-btx:transactionHeader/gl-btx:transactionDetail/gl-btx:geospatialCoordinate
483,taf,4,C,,Originating Document,,0..*,,"A tool to capture the flow of related documents in the business process. Some needs of end users require a greater history of the documents that are associated with a transaction, especially in the VAT audit area. Contains a repetitive class of related documents.",【発生元文書情報】,業務プロセス上の、関連文書の流れを捕捉するためのもの。特にVAT監査では、エンドユーザの要求として、取引に関係する文書の履歴が必要とされる。関連文書情報の構造の繰り返しを含む。,BT12-18,$.btx_BusinessTransactions.btx_Transaction_Header.btx_Transaction_Detail.btx_OriginatingDocument,taf,Originating Document,originatingDocument,/xbrli:xbrl/gl-btx:businessTransactions/gl-btx:transactionHeader/gl-btx:transactionDetail/gl-taf:originatingDocument
484,taf,5,A,,Document Type,Token,0..1,,"Document type  check, debit-memo, credit-memo, finance-charge, invoice, order-customer, order-vendor, payment-other, reminder, tegata, voucher, shipment, receipt, manual-adjustment, other.",発生元文書種別,発生元文書の種別。小切手(check)、借方メモ(debit-memo)、貸方メモ(credit-memo)、財務費用(finance-charge)、顧客への請求書(invoice)、顧客オーダ(order-customer)、仕入先オーダ(order-vendor)、その他支払い(payment-other)、督促状(reminder)、手形(tegata)、ベンダからの請求書(voucher)、出荷票(shipment)、受領票(receipt)、手修正(manual-adjustment)、その他(other),TA01-01,$.btx_BusinessTransactions.btx_Transaction_Header.btx_Transaction_Detail.btx_OriginatingDocument.taf_DocumentType,taf,Originating Document,documentType,/xbrli:xbrl/gl-btx:businessTransactions/gl-btx:transactionHeader/gl-btx:transactionDetail/gl-taf:originatingDocument/gl-taf:documentType
485,taf,5,A,PK,Document Number,String,0..1,,Document number,発生元文書番号,発生元文書の番号。,TA01-02,$.btx_BusinessTransactions.btx_Transaction_Header.btx_Transaction_Detail.btx_OriginatingDocument.taf_DocumentNumber,taf,Originating Document,documentNumber,/xbrli:xbrl/gl-btx:businessTransactions/gl-btx:transactionHeader/gl-btx:transactionDetail/gl-taf:originatingDocument/gl-taf:documentNumber
486,taf,5,A,,Document Date,Date,0..1,,Document date,発生元文書日付,発生元文書の日付。,TA01-03,$.btx_BusinessTransactions.btx_Transaction_Header.btx_Transaction_Detail.btx_OriginatingDocument.taf_DocumentDate,taf,Originating Document,documentDate,/xbrli:xbrl/gl-btx:businessTransactions/gl-btx:transactionHeader/gl-btx:transactionDetail/gl-taf:originatingDocument/gl-taf:documentDate
487,taf,5,A,,Document Identifier Type,Token,0..1,,"Document identifier type. Enumerated as: C, customer, E, employee, V, vendor, O, other, I, salesperson-internal, X, salesperson-external, N, contractor.",発生元文書対象CVE種別,発生元文書の対象となるCVEの種別。_x000D_ [設定値のリスト]_x000D_ (C)、(customer：顧客)、(E)、(employee：従業員)、(V)、(vendor：仕入先)、(O)、(other：その他)、(I)、(salesperson-internal：店舗内販売員)、(X)、(salesperson-external：外交販売員)、(N)、(contractor：請負者),TA01-04,$.btx_BusinessTransactions.btx_Transaction_Header.btx_Transaction_Detail.btx_OriginatingDocument.taf_DocumentIdentifierType,taf,Originating Document,documentIdentifierType,/xbrli:xbrl/gl-btx:businessTransactions/gl-btx:transactionHeader/gl-btx:transactionDetail/gl-taf:originatingDocument/gl-taf:documentIdentifierType
488,taf,5,A,,Document Identifier Code,String,0..1,,Document identifier code,発生元文書対象CVEコード,発生元文書の対象となるCVEのコード。,TA01-05,$.btx_BusinessTransactions.btx_Transaction_Header.btx_Transaction_Detail.btx_OriginatingDocument.taf_DocumentIdentifierCode,taf,Originating Document,documentIdentifierCode,/xbrli:xbrl/gl-btx:businessTransactions/gl-btx:transactionHeader/gl-btx:transactionDetail/gl-taf:originatingDocument/gl-taf:documentIdentifierCode
489,taf,5,A,,Document Identifier Tax Code,Token,0..1,,Originating document identifier tax code,発生元文書対象CVE納税者コード,発生元文書の対象となるCVEの納税者コード。,TA01-06,$.btx_BusinessTransactions.btx_Transaction_Header.btx_Transaction_Detail.btx_OriginatingDocument.taf_DocumentIdentifierTaxCode,taf,Originating Document,documentIdentifierTaxCode,/xbrli:xbrl/gl-btx:businessTransactions/gl-btx:transactionHeader/gl-btx:transactionDetail/gl-taf:originatingDocument/gl-taf:documentIdentifierTaxCode
490,btx,4,A,,Detail_ Description,String,0..1,,Description of this line of detail only,説明,この明細行のみに対する説明。,BT12-19,$.btx_BusinessTransactions.btx_Transaction_Header.btx_Transaction_Detail.btx_Detail_Description,btx,Transaction_ Detail,detailDescription,/xbrli:xbrl/gl-btx:businessTransactions/gl-btx:transactionHeader/gl-btx:transactionDetail/gl-btx:detailDescription
491,btx,4,A,,Detail_ Measurable Class Identifier,Token,0..1,,"An enumerated code to identify the inventory, fixed asset or other measurable class. Enumerated as: raw material, work-in-process, finished goods, assemblies, supplies, land, building, machinery, furniture, vehicles, other.",測定可能分類コード,在庫、固定資産、その他の測定可能な分類を識別するための列挙コード。列挙例：原材料、仕掛品、製品、組立品、備品、土地、建物、機械、家具、車両、その他。,BT12-20,$.btx_BusinessTransactions.btx_Transaction_Header.btx_Transaction_Detail.btx_Detail_MeasurableClassIdentifier,btx,Transaction_ Detail,detailMeasurableClassIdentifier,/xbrli:xbrl/gl-btx:businessTransactions/gl-btx:transactionHeader/gl-btx:transactionDetail/gl-btx:detailMeasurableClassIdentifier
492,btx,4,C,,Detail_ Amount Structure,,0..*,,"Structure representing monetary amounts and currency information applicable to an individual line, such as line-level net amounts, tax calculation bases, allowances, or charges.",【行金額構造】,個々の明細行に適用される金額や通貨情報（行レベルの正味金額、税計算基礎額、値引または追加請求など）を表現する構造。,BT12-21,$.btx_BusinessTransactions.btx_Transaction_Header.btx_Transaction_Detail.btx_Detail_AmountStructure,btx,Detail_ Amount Structure,detailAmountStructure,/xbrli:xbrl/gl-btx:businessTransactions/gl-btx:transactionHeader/gl-btx:transactionDetail/gl-btx:detailAmountStructure
493,btx,5,A,,Amount,Monetary,1,,Numeric value of the monetary amount expressed in the specified currency.,金額,指定された通貨で表現された金額の数値。,BT02-01,$.btx_BusinessTransactions.btx_Transaction_Header.btx_Transaction_Detail.btx_Detail_AmountStructure.btx_Amount,btx,Detail_ Amount Structure,amount,/xbrli:xbrl/gl-btx:businessTransactions/gl-btx:transactionHeader/gl-btx:transactionDetail/gl-btx:detailAmountStructure/gl-btx:amount
494,btx,5,A,,Currency Code,Token,0..1,,"Code specifying the currency in which the amount is expressed, typically an ISO 4217 currency code.",通貨コード,金額が表現される通貨を指定するコード。通常は ISO 4217 通貨コードを用いる。,BT02-02,$.btx_BusinessTransactions.btx_Transaction_Header.btx_Transaction_Detail.btx_Detail_AmountStructure.btx_CurrencyCode,btx,Detail_ Amount Structure,currencyCode,/xbrli:xbrl/gl-btx:businessTransactions/gl-btx:transactionHeader/gl-btx:transactionDetail/gl-btx:detailAmountStructure/gl-btx:currencyCode
495,btx,5,A,,Currency Code Type,Token,0..1,,"Code specifying the role of the currency used for the amount, such as functional currency, local currency, reporting currency, or transaction currency.",通貨コード種別,金額に対する通貨の役割（機能通貨、ローカル通貨、報告通貨、取引通貨など）を指定するコード。,BT02-03,$.btx_BusinessTransactions.btx_Transaction_Header.btx_Transaction_Detail.btx_Detail_AmountStructure.btx_CurrencyCodeType,btx,Detail_ Amount Structure,currencyCodeType,/xbrli:xbrl/gl-btx:businessTransactions/gl-btx:transactionHeader/gl-btx:transactionDetail/gl-btx:detailAmountStructure/gl-btx:currencyCodeType
496,btx,5,A,,Detail_ Amount Type,String,0..1,,"Code or text specifying the type or role of the amount, such as tax amount, tax base amount, allowance amount, or charge amount.",金額種別,税額、課税標準額、値引金額、追加請求金額など、金額の種類または役割を指定するコードまたはテキスト。,BT02-04,$.btx_BusinessTransactions.btx_Transaction_Header.btx_Transaction_Detail.btx_Detail_AmountStructure.btx_Detail_AmountType,btx,Detail_ Amount Structure,detailAmountType,/xbrli:xbrl/gl-btx:businessTransactions/gl-btx:transactionHeader/gl-btx:transactionDetail/gl-btx:detailAmountStructure/gl-btx:detailAmountType
