sequence,module,level,type,identifier,name,datatype,multiplicity,association_role,definition,label_local,definition_local,source_bsm_id,semantic_path,associated_module,class_term,local_name,xpath
1,btx,1,C,,Business Transactions,,1..*,,"Economic event represented by one or more business documents and corresponding accounting entries, such as orders, shipments, invoices, and journal entries.",【ビジネス取引】,XBRL GLのルート要素。 注文、出荷、請求書およびそれに対応する仕訳など、1つまたは複数の業務文書と会計仕訳によって表現される経済事象。,BT11,$.btx_BusinessTransactions,btx,Business Transactions,businessTransactions,/xbrli:xbrl/gl-btx:businessTransactions
2,cor,2,C,,Document Information,,1..1,,Parent for descriptive information about the Transaction Entries Class in which it is contained.,【文書情報】,この取引文書に関する情報の親タグ。,BT11-01,$.btx_BusinessTransactions.btx_DocumentInformation,cor,Document Information,documentInformation,/xbrli:xbrl/gl-btx:businessTransactions/gl-cor:documentInformation
3,cor,3,A,,Document Type,Token,1..1,,"account: information to fill in a chart of accounts file.  
balance: the results of accumulation of a complete and validated list of entries for an account (or a list of account) in a specific period - sometimes called general ledger  
entries: a list of individual accounting entries, which might be posted/validated or nonposted/validated   
journal: a self-balancing (Dr = Cr) list of entries for a specific period including beginning balance for that period.  
ledger: a complete list of entries for a specific account (or list of accounts) for a specific period; note - debits do not have to equal credits.   
assets: a listing of open receivables, payables, inventory, fixed assets or other information that can be extracted from but are not necessarily included as part of a journal entry.  
trialBalance: the self-balancing (Dr = Cr) result of accumulation of a complete and validated list of entries for the entity in a complete list of accounts in a specific period. 
taxtables: aids automated interpretation of instances that represent tax tables; Tax table are defined by using multiple [taxes] classs to gather the population of codes, authorities and rates; through [taxTableCode] cross-references in the [taxes] class, these ""master file"" tax tables can be referenced. 
mapping: a collection of mappings between interrelated data sets, such as a local and related corporate standard chart of accounts or detail data mapped to summarized end reporting concepts.   
versioning: a collection of changes between two versions of the same class of information, such as updates to a master file like a chart of accounts.   
master_file: a collection of master files, such as the customer or inventory master file.   
trade_documents: a collection of trade/transactional documents, such as vendor invoices or customer orders.   
profile_compliant: the meaning of this collection of information can be determined by understanding an established profile and especially an XBRL GL Profile. Profiles are determined through namespace declarations, schemaRef and conventions of those profiles.   
other: for all other types of representations.

Often sorted by date or by account, these terms have specific, and sometimes different, meanings in different areas. Common practice will drive accounting method/term matches.",文書種別,・科目:科目体系ファイルの情報。_x000D_ ・残高:特定の期間について、勘定科目(または勘定科目リスト)の、完了し検証された仕訳リストの累算結果。時に総勘定元帳と呼ばれる。_x000D_ ・仕訳:個々の勘定記入のリスト。転記/検証されていることもあり、されていないこともある。_x000D_ ・仕訳帳:特定の期間における、その期間の開始残高を含む貸借が一致(Dr=Cr)した仕訳のリスト 。_x000D_ ・元帳:特定の期間における特定の勘定科目(または勘定科目リスト)についての、仕訳の全リスト 。注意－貸借が一致する必要はない。_x000D_ ・資産:仕訳記入の一部として必ずしも含まれていないが、そこから抽出可能な売掛金、買掛金、在庫、固定資産、その他の情報のリスト。_x000D_ ・試算表:事業体に対する、特定期間の全勘定科目リストでの、完了し検証された仕訳リストの、貸借が一致（Dr=Cr)した累算結果。_x000D_ ・税率表:税率表をあらわすデータを自動的に解釈できるようにする。税率表は、コード、税務当局情報、レートをあらわす複数のtaxes構造データを使って定義される。taxTableCodeはtaxes構造データ内で相互に参照されるが、これらのマスタファイルが参照可能。_x000D_ ・マッピング情報:互いに関係があるデータセットの間の対応関係を集めたもの。例えば、企業グループ内の各会社で使用する勘定科目と全社勘定科目との対応付け、または明細データと最終的な報告書上の要約された科目への対応付け。 ・差分情報:同じクラス（種類）で異なるバージョンを持つ項目の変更・差分情報。例えば、勘定科目一覧のようなマスタファイルの特定科目の更新情報など。  ・マスターファイル:マスタファイルの一覧。例えば、顧客マスタ又は在庫/棚卸マスタなど。  ・取引伝票:取引に用いる情報の集合。例えば、納入業者からのインボイス 又は顧客からの受注情報など。  ・プロファイル情報:確立された文書説明情報及び特にXBRL GLプロファイルを理解し決定するこの情報の集合の意味を示す。説明情報は、名前空間宣言、スキーマ参照及びこれらの規約を通して決定する。  ・その他：その他のすべての表現形式  多くの場合、日付または科目によりソートされる。会計処理方法や用語は慣行により適合させる。_x000D_ [設定値のリスト]_x000D_ (account：科目)、(balance：残高)、(entries：仕訳)、(journal：仕訳帳)、(ledger：元帳)、(assets：資産)、(trialbalance：試算表)、(taxtables：税率表)、(other：その他)_x000D_、(Mapping：マッピング情報)、(versioning：差分情報)、(master_file：マスターファイル)、(trade_documents：取引伝票)、(profile_compliant：プロファイル情報)、(other：その他),CO10-01,$.btx_BusinessTransactions.btx_DocumentInformation.cor_DocumentType,cor,Document Information,documentType,/xbrli:xbrl/gl-btx:businessTransactions/gl-cor:documentInformation/gl-cor:documentType
4,cor,3,A,PK,Audit Number,String,0..1,,Unique identifier for this file.,監査番号,このファイルの一意識別子。,CO10-02,$.btx_BusinessTransactions.btx_DocumentInformation.cor_AuditNumber,cor,Document Information,auditNumber,/xbrli:xbrl/gl-btx:businessTransactions/gl-cor:documentInformation/gl-cor:auditNumber
5,cor,3,A,,Revises Audit Number,String,0..1,,"If this batch of information revises a previous batch of information, this field identifies the previous batch that is being revised. 'uniqueID' of the previous batch goes here. Developers should consider exception reporting.",改訂前監査番号,この仕訳の束が以前の仕訳の束を改訂する場合に、以前の束を示す。元の文書のuniqueIDが指定される。開発者は、例外報告を考慮すべきである。,CO10-03,$.btx_BusinessTransactions.btx_DocumentInformation.cor_RevisesAuditNumber,cor,Document Information,revisesAuditNumber,/xbrli:xbrl/gl-btx:businessTransactions/gl-cor:documentInformation/gl-cor:revisesAuditNumber
6,cor,3,A,,Action to Take with Previous Data,Token,0..1,,Provides guidance on action to take with previous set of data: supersedes - old data should be considered as obsolete/overwritten; supplements - belongs with that data as if it was included with it.,改訂前データ処置,"以前のデータの束に対する操作のガイダンス。 取替え-古いデータを無効にし上書きする。_x000D_
補完-元々含まれていたかのように、そのデータに所属させる。_x000D_
[設定値のリスト]_x000D_
(supplement：補完)、(supersede：取替え)",CO10-04,$.btx_BusinessTransactions.btx_DocumentInformation.cor_ActiontoTakewithPreviousData,cor,Document Information,actionToTakeWithPreviousData,/xbrli:xbrl/gl-btx:businessTransactions/gl-cor:documentInformation/gl-cor:actionToTakeWithPreviousData
7,cor,3,A,,Language,QName,0..1,,"Primary language of the intellectual content. Where practical, the content of this field should coincide with ISO 639-1988 language codes.",言語,主要言語。 実用的には、このフィールドの内容はISO639-1988言語コードに一致すべきである。,CO10-05,$.btx_BusinessTransactions.btx_DocumentInformation.cor_Language,cor,Document Information,language,/xbrli:xbrl/gl-btx:businessTransactions/gl-cor:documentInformation/gl-cor:language
8,cor,3,A,,Creation Date,Date Time,0..1,,Date/time file was created.,作成日付,ファイルが作成された日付/時間。,CO10-06,$.btx_BusinessTransactions.btx_DocumentInformation.cor_CreationDate,cor,Document Information,creationDate,/xbrli:xbrl/gl-btx:businessTransactions/gl-cor:documentInformation/gl-cor:creationDate
9,cor,3,A,,Creator,String,0..1,,Identifies the creator of the XBRL instance.,作成者,ファイルの作成者の識別子。,CO10-07,$.btx_BusinessTransactions.btx_DocumentInformation.cor_Creator,cor,Document Information,creator,/xbrli:xbrl/gl-btx:businessTransactions/gl-cor:documentInformation/gl-cor:creator
10,cor,3,A,,Document Comment,String,0..1,,Text for entire document.,文書コメント,文書全体に対する説明文。,CO10-08,$.btx_BusinessTransactions.btx_DocumentInformation.cor_DocumentComment,cor,Document Information,documentComment,/xbrli:xbrl/gl-btx:businessTransactions/gl-cor:documentInformation/gl-cor:documentComment
11,cor,3,A,,Period Covered Start,Date Time,0..1,,"Start of date range for contents. Used as basis for many assumptions about data, including the date as of which open balances are open.",対象期間開始日付,内容の日付範囲の開始日。 残高の開始日付などの、データに関する多くの仮定の基礎として使用される。,CO10-09,$.btx_BusinessTransactions.btx_DocumentInformation.cor_PeriodCoveredStart,cor,Document Information,periodCoveredStart,/xbrli:xbrl/gl-btx:businessTransactions/gl-cor:documentInformation/gl-cor:periodCoveredStart
12,cor,3,A,,Period Covered End,Date Time,0..1,,"End of date range for contents. Used as basis for many assumptions about data, including the date as of which open balances are open.",対象期間終了日付,内容の日付範囲の終了日。 残高の開始日付などの、データに関する多くの仮定の基礎として使用される。,CO10-10,$.btx_BusinessTransactions.btx_DocumentInformation.cor_PeriodCoveredEnd,cor,Document Information,periodCoveredEnd,/xbrli:xbrl/gl-btx:businessTransactions/gl-cor:documentInformation/gl-cor:periodCoveredEnd
13,cor,3,A,,Period Count,Decimal,0..1,,"Number of periods or buckets, used by postingCode. Used to interpret posting date. It may be preferable to limit entries by period covered to be by individual reporting period.",期間数,postingCodeで使用される期間又はバケットの数。 転記日付を説明するために使用される。対象期間の仕訳を個々の報告期間に限定することが望ましいかもしれない。,CO10-11,$.btx_BusinessTransactions.btx_DocumentInformation.cor_PeriodCount,cor,Document Information,periodCount,/xbrli:xbrl/gl-btx:businessTransactions/gl-cor:documentInformation/gl-cor:periodCount
14,cor,3,A,,Period Unit,Token,0..1,,"Type of periods covered by periodCount. Enumerated as: daily, weekly, bi-weekly, semi-monthly, monthly, quarterly, thirdly, semiannual, annual, ad-hoc, current-period-only, other.",期間単位,"periodCountで対象とする期間の種別。_x000D_
[設定値のリスト]_x000D_
(daily：日次)、(weekly：週次)、(bi-weekly：隔週)、(semi-monthly：半月ごと)、(monthly：月次)、(quarterly：四半期ごと)、(thirdly：年3回)、(semiannual：半年ごと)、(annual：年次)、(ad-hoc：随時)、(current-period-only：当期)、(other：その他)",CO10-12,$.btx_BusinessTransactions.btx_DocumentInformation.cor_PeriodUnit,cor,Document Information,periodUnit,/xbrli:xbrl/gl-btx:businessTransactions/gl-cor:documentInformation/gl-cor:periodUnit
15,cor,3,A,,Period Unit Description,String,0..1,,Free format description of the period unit,期間単位説明,対象期間単位の説明。,CO10-13,$.btx_BusinessTransactions.btx_DocumentInformation.cor_PeriodUnitDescription,cor,Document Information,periodUnitDescription,/xbrli:xbrl/gl-btx:businessTransactions/gl-cor:documentInformation/gl-cor:periodUnitDescription
16,cor,3,A,,Source Application,String,0..1,,"Product or service that produced this file. Used by many systems (e.g., VAT). Version number can be included or extended.",作成元アプリケーション,このファイルを作り出した製品又はサービス。 多くのシステム(例えば、VATなど)で、使用される。 バージョン番号を含むことも可能。,CO10-14,$.btx_BusinessTransactions.btx_DocumentInformation.cor_SourceApplication,cor,Document Information,sourceApplication,/xbrli:xbrl/gl-btx:businessTransactions/gl-cor:documentInformation/gl-cor:sourceApplication
17,cor,3,A,,Target Application,String,0..1,,Particular use for which file was generated.,対象アプリケーション,ファイルが作成された用途。,CO10-15,$.btx_BusinessTransactions.btx_DocumentInformation.cor_TargetApplication,cor,Document Information,targetApplication,/xbrli:xbrl/gl-btx:businessTransactions/gl-cor:documentInformation/gl-cor:targetApplication
18,cor,3,A,,Default Currency,QName,0..1,,"The default currency related to the amount can be entered here instead of the XBRL instance specified way, especially important in multi-currency situations. Recommend ISO 4217 coding",既定通貨,XBRLインスタンス内に指定する方法のかわりに、金額の既定の通貨を指定可能。多通貨環境で特に重要。ISO4217コード体系を推奨。,CO10-16,$.btx_BusinessTransactions.btx_DocumentInformation.cor_DefaultCurrency,cor,Document Information,defaultCurrency,/xbrli:xbrl/gl-btx:businessTransactions/gl-cor:documentInformation/gl-cor:defaultCurrency
19,lnk,3,C,,Summary Reporting Taxonomies,,0..*,,Identifies and provides information about one or more target reporting taxonomies to which the data represented in the document rolls up to.,【集約報告タクソノミ】,この文書で示されたデータのロールアップ先となる、1つ以上の報告タクソノミの情報を、識別し提供する。,CO10-17,$.btx_BusinessTransactions.btx_DocumentInformation.cor_SummaryReportingTaxonomies,lnk,Summary Reporting Taxonomies,summaryReportingTaxonomies,/xbrli:xbrl/gl-btx:businessTransactions/gl-cor:documentInformation/gl-lnk:summaryReportingTaxonomies
20,lnk,4,A,,Summary Reporting Taxonomy ID,String,0..1,,"Identifies a target reporting taxonomy so that, for example, it can be referenced in the [summaryReportingTaxonomyIDRef] data field at [xbrlInfo] level.",集約報告タクソノミ識別子,たとえばxbrlInfo内のsummaryReportingTaxonomyIDRefで参照できるように、報告タクソノミを識別する。,LN02-01,$.btx_BusinessTransactions.btx_DocumentInformation.cor_SummaryReportingTaxonomies.lnk_SummaryReportingTaxonomyID,lnk,Summary Reporting Taxonomies,summaryReportingTaxonomyId,/xbrli:xbrl/gl-btx:businessTransactions/gl-cor:documentInformation/gl-lnk:summaryReportingTaxonomies/gl-lnk:summaryReportingTaxonomyId
21,lnk,4,A,,Summary Reporting Taxonomy Schema Reference Href Attribute,String,0..1,,Value of the href attribute of schemaRef in the target reporting taxonomy.,集約報告タクソノミスキーマ参照情報,報告タクソノミ内の、schemaRef要素のhref属性の値。,LN02-02,$.btx_BusinessTransactions.btx_DocumentInformation.cor_SummaryReportingTaxonomies.lnk_SummaryReportingTaxonomySchemaReferenceHrefAttribute,lnk,Summary Reporting Taxonomies,summaryReportingTaxonomySchemaReferenceHrefAttribute,/xbrli:xbrl/gl-btx:businessTransactions/gl-cor:documentInformation/gl-lnk:summaryReportingTaxonomies/gl-lnk:summaryReportingTaxonomySchemaReferenceHrefAttribute
22,lnk,4,A,,Summary Reporting Taxonomy Header,String,0..1,,An all-purpose data field where all the information necessary when it is too complex to be defined otherwise.,集約報告タクソノミヘッダ,必要なすべての情報が、複雑すぎて他の方法では定義できないときに、それらを記述する汎用的なデータ域。,LN02-03,$.btx_BusinessTransactions.btx_DocumentInformation.cor_SummaryReportingTaxonomies.lnk_SummaryReportingTaxonomyHeader,lnk,Summary Reporting Taxonomies,summaryReportingTaxonomyHeader,/xbrli:xbrl/gl-btx:businessTransactions/gl-cor:documentInformation/gl-lnk:summaryReportingTaxonomies/gl-lnk:summaryReportingTaxonomyHeader
23,lnk,4,A,,Summary Reporting Taxonomy Description,String,0..1,,A description of the taxonomy for human use.,集約報告タクソノミ説明,人が利用するための、タクソノミの説明文。,LN02-04,$.btx_BusinessTransactions.btx_DocumentInformation.cor_SummaryReportingTaxonomies.lnk_SummaryReportingTaxonomyDescription,lnk,Summary Reporting Taxonomies,summaryReportingTaxonomyDescription,/xbrli:xbrl/gl-btx:businessTransactions/gl-cor:documentInformation/gl-lnk:summaryReportingTaxonomies/gl-lnk:summaryReportingTaxonomyDescription
24,btx,2,C,,Entity_ Party,,0..1,,Holder for entity information - information about the reporting organization.,【事業体情報】,事業体情報（報告組織に関する情報）の入れ物。,BT11-02,$.btx_BusinessTransactions.btx_EntityParty,btx,Entity_ Party,entityParty,/xbrli:xbrl/gl-btx:businessTransactions/gl-btx:entityParty
25,btx,3,A,,Party Name,String,0..1,,Name of the party,,,BT10-01,$.btx_BusinessTransactions.btx_EntityParty.btx_PartyName,btx,Entity_ Party,entityPartyName,/xbrli:xbrl/gl-btx:businessTransactions/gl-btx:entityParty/gl-btx:entityPartyName
26,btx,3,A,,Party ID,String,0..1,,ID Number of the party,,,BT10-02,$.btx_BusinessTransactions.btx_EntityParty.btx_PartyID,btx,Entity_ Party,entityPartyId,/xbrli:xbrl/gl-btx:businessTransactions/gl-btx:entityParty/gl-btx:entityPartyId
27,btx,3,A,,Party Business Description,String,0..1,,Description of the nature of the business of the party.,業種説明,事業体の事業の種類についての説明。,BT10-03,$.btx_BusinessTransactions.btx_EntityParty.btx_PartyBusinessDescription,btx,Entity_ Party,entityPartyBusinessDescription,/xbrli:xbrl/gl-btx:businessTransactions/gl-btx:entityParty/gl-btx:entityPartyBusinessDescription
28,bus,3,C,,Party_ Phone,,0..*,,Primary phone number of the party.,【事業体電話番号】,事業体の主要電話番号情報。,BT10-04,$.btx_BusinessTransactions.btx_EntityParty.btx_PartyPhone,bus,Party_ Phone,entityPartyPhone,/xbrli:xbrl/gl-btx:businessTransactions/gl-btx:entityParty/gl-bus:entityPartyPhone
29,bus,4,A,PK,Phone Number,String,0..1,,Phone number referred to in Phone Number Description'\.,電話番号,電話番号用途で示される電話番号。,BU01-01,$.btx_BusinessTransactions.btx_EntityParty.btx_PartyPhone.bus_PhoneNumber,bus,Party_ Phone,entityPartyPhonePhoneNumber,/xbrli:xbrl/gl-btx:businessTransactions/gl-btx:entityParty/gl-bus:entityPartyPhone/gl-bus:entityPartyPhonePhoneNumber
30,bus,4,A,,Phone Number Description,String,0..1,,"Entity Phone Number Description such as Main, Investor relations. Enumerated as: bookkeeper, controller, direct, fax, investor-relations, main, switchboard, other.",電話番号用途,"代表、IR用などの、電話番号の用途。
[設定値のリスト]
(bookkeeper：記帳係)、(controller：会計責任者)、(direct：直通)、(fax：FAX)、(investor-relations：IR窓口)、(main：代表)、(switchboard：交換台)、(other：その他)",BU01-02,$.btx_BusinessTransactions.btx_EntityParty.btx_PartyPhone.bus_PhoneNumberDescription,bus,Party_ Phone,entityPartyPhonePhoneNumberDescription,/xbrli:xbrl/gl-btx:businessTransactions/gl-btx:entityParty/gl-bus:entityPartyPhone/gl-bus:entityPartyPhonePhoneNumberDescription
31,bus,3,C,,Party_ Fax,,0..*,,Class for holding company fax information.,【事業体FAX番号】,事業体のFAX番号情報のタプル。,BT10-05,$.btx_BusinessTransactions.btx_EntityParty.btx_PartyFax,bus,Party_ Fax,entityPartyFax,/xbrli:xbrl/gl-btx:businessTransactions/gl-btx:entityParty/gl-bus:entityPartyFax
32,bus,4,A,PK,Fax Number,String,0..1,,Fax Number,FAX番号,FAX番号。,BU06-01,$.btx_BusinessTransactions.btx_EntityParty.btx_PartyFax.bus_FaxNumber,bus,Party_ Fax,entityPartyFaxFaxNumber,/xbrli:xbrl/gl-btx:businessTransactions/gl-btx:entityParty/gl-bus:entityPartyFax/gl-bus:entityPartyFaxFaxNumber
33,bus,4,A,,Fax Number Usage,String,0..1,,"Fax number usage (e.g. orders, head office, IR)",FAX番号用途,FAX番号の用途。(注文、本社、IRなど),BU06-02,$.btx_BusinessTransactions.btx_EntityParty.btx_PartyFax.bus_FaxNumberUsage,bus,Party_ Fax,entityPartyFaxFaxNumberUsage,/xbrli:xbrl/gl-btx:businessTransactions/gl-btx:entityParty/gl-bus:entityPartyFax/gl-bus:entityPartyFaxFaxNumberUsage
34,bus,3,C,,Party_ Email,,0..*,,Class for holding company email information.,【事業体Eメールアドレス】,事業体のEメールアドレス情報のタプル。,BT10-06,$.btx_BusinessTransactions.btx_EntityParty.btx_PartyEmail,bus,Party_ Email,entityPartyEmail,/xbrli:xbrl/gl-btx:businessTransactions/gl-btx:entityParty/gl-bus:entityPartyEmail
35,bus,4,A,PK,Email Address,String,0..1,,Email Address,Eメールアドレス,Eメールアドレス。,BU11-01,$.btx_BusinessTransactions.btx_EntityParty.btx_PartyEmail.bus_EmailAddress,bus,Party_ Email,entityPartyEmailEmailAddress,/xbrli:xbrl/gl-btx:businessTransactions/gl-btx:entityParty/gl-bus:entityPartyEmail/gl-bus:entityPartyEmailEmailAddress
36,bus,4,A,,Email Address Usage,String,0..1,,"Email address usage (e.g. orders, head office, IR)",Eメールアドレス用途,Eメールアドレスの用途。(注文、本社、IRなど),BU11-02,$.btx_BusinessTransactions.btx_EntityParty.btx_PartyEmail.bus_EmailAddressUsage,bus,Party_ Email,entityPartyEmailEmailAddressUsage,/xbrli:xbrl/gl-btx:businessTransactions/gl-btx:entityParty/gl-bus:entityPartyEmail/gl-bus:entityPartyEmailEmailAddressUsage
37,bus,3,C,,Registered_ Organization Identifier,,0..*,Registered,Class which contains various identifiers for theparty.,【識別子】,組織に関する様々な識別子を含むセクション。,BT10-07,$.btx_BusinessTransactions.btx_EntityParty.btx_RegisteredOrganizationIdentifier,bus,Organization Identifier,entityPartyRegisteredOrganizationIdentifier,/xbrli:xbrl/gl-btx:businessTransactions/gl-btx:entityParty/gl-bus:entityPartyRegisteredOrganizationIdentifier
38,bus,4,A,PK,Organization Identifier Code,String,0..1,,"Code representing the company or organization whose data this file represents: used for situations where one user (e.g., a CPA) needs to keep track of multiple organizations' files (e.g., multiple clients). Can be EIN#, client #, internal/external identifier, SIC code. Codes which identifies the entity. Includes the code identifier of the authority issuing the code, a colon, and the code itself. For example, CIK:01234567 for the CIK number issued by SEC EDGAR.",事業体識別子,このファイルでデータを表現している会社や組織のコード。ひとりのユーザ(例えば、公認会計士)が複数の組織(例えば、複数の顧客)のファイルを把握する必要がある場合に使用される。 EIN番号、顧客番号、内部/外部識別子、SICコードであってよい。事業体の識別子をコード化する。コードを発行する権威ある組織のコード識別子、コロン、およびコードそのものを含む。 例えば、SEC　EDGARが発行したCIK番号　CIK: 01234567。,BU30-01,$.btx_BusinessTransactions.btx_EntityParty.btx_RegisteredOrganizationIdentifier.bus_OrganizationIdentifierCode,bus,Organization Identifier,entityPartyRegisteredOrganizationIdentifierOrganizationIdentifierCode,/xbrli:xbrl/gl-btx:businessTransactions/gl-btx:entityParty/gl-bus:entityPartyRegisteredOrganizationIdentifier/gl-bus:entityPartyRegisteredOrganizationIdentifierOrganizationIdentifierCode
39,bus,4,A,,Organization Identifier Description,String,0..1,,Text describing the organization identified by the organization identifier. Includes any relevant information about the code itself (e.g. issuing authority).,事業体説明,事業体識別子によって特定された組織の説明文。 コードに関するなんらかの記述情報。,BU30-02,$.btx_BusinessTransactions.btx_EntityParty.btx_RegisteredOrganizationIdentifier.bus_OrganizationIdentifierDescription,bus,Organization Identifier,entityPartyRegisteredOrganizationIdentifierOrganizationIdentifierDescription,/xbrli:xbrl/gl-btx:businessTransactions/gl-btx:entityParty/gl-bus:entityPartyRegisteredOrganizationIdentifier/gl-bus:entityPartyRegisteredOrganizationIdentifierOrganizationIdentifierDescription
40,bus,3,C,,Party_ Address,,0..*,,Address class for the party,【住所】,報告事業体の住所構造体。,BT10-08,$.btx_BusinessTransactions.btx_EntityParty.btx_PartyAddress,bus,Party_ Address,entityPartyAddress,/xbrli:xbrl/gl-btx:businessTransactions/gl-btx:entityParty/gl-bus:entityPartyAddress
41,bus,4,A,,Name,String,0..1,,Address Name,住所名,住所の名前。,BU21-01,$.btx_BusinessTransactions.btx_EntityParty.btx_PartyAddress.bus_Name,bus,Party_ Address,entityPartyAddressName,/xbrli:xbrl/gl-btx:businessTransactions/gl-btx:entityParty/gl-bus:entityPartyAddress/gl-bus:entityPartyAddressName
42,bus,4,A,,Description,String,0..1,,Address Description,住所説明,住所の説明。,BU21-02,$.btx_BusinessTransactions.btx_EntityParty.btx_PartyAddress.bus_Description,bus,Party_ Address,entityPartyAddressDescription,/xbrli:xbrl/gl-btx:businessTransactions/gl-btx:entityParty/gl-bus:entityPartyAddress/gl-bus:entityPartyAddressDescription
43,bus,4,A,,Purpose,String,0..1,,Address Purpose,住所目的,住所の目的。,BU21-03,$.btx_BusinessTransactions.btx_EntityParty.btx_PartyAddress.bus_Purpose,bus,Party_ Address,entityPartyAddressPurpose,/xbrli:xbrl/gl-btx:businessTransactions/gl-btx:entityParty/gl-bus:entityPartyAddress/gl-bus:entityPartyAddressPurpose
44,bus,4,A,,Location ID,String,0..1,,A code used to identify the location and to associate it with contacts and transactions,所在地識別子,所在地を識別したり、窓口や取引と関係付けるコード。,BU21-04,$.btx_BusinessTransactions.btx_EntityParty.btx_PartyAddress.bus_LocationID,bus,Party_ Address,entityPartyAddressLocationId,/xbrli:xbrl/gl-btx:businessTransactions/gl-btx:entityParty/gl-bus:entityPartyAddress/gl-bus:entityPartyAddressLocationId
45,bus,4,A,,Building Number,String,0..1,,Building Number,住所建物番号,建物番号。,BU21-05,$.btx_BusinessTransactions.btx_EntityParty.btx_PartyAddress.bus_BuildingNumber,bus,Party_ Address,entityPartyAddressBuildingNumber,/xbrli:xbrl/gl-btx:businessTransactions/gl-btx:entityParty/gl-bus:entityPartyAddress/gl-bus:entityPartyAddressBuildingNumber
46,bus,4,A,,Street,String,0..1,,Street address,住所通り,住所の通り。,BU21-06,$.btx_BusinessTransactions.btx_EntityParty.btx_PartyAddress.bus_Street,bus,Party_ Address,entityPartyAddressStreet,/xbrli:xbrl/gl-btx:businessTransactions/gl-btx:entityParty/gl-bus:entityPartyAddress/gl-bus:entityPartyAddressStreet
47,bus,4,A,,Address Detail,String,0..1,,Address Detail,住所詳細,住所詳細。,BU21-07,$.btx_BusinessTransactions.btx_EntityParty.btx_PartyAddress.bus_AddressDetail,bus,Party_ Address,entityPartyAddressAddressDetail,/xbrli:xbrl/gl-btx:businessTransactions/gl-btx:entityParty/gl-bus:entityPartyAddress/gl-bus:entityPartyAddressAddressDetail
48,bus,4,A,,City,String,0..1,,City,住所都市,住所の都市。,BU21-08,$.btx_BusinessTransactions.btx_EntityParty.btx_PartyAddress.bus_City,bus,Party_ Address,entityPartyAddressCity,/xbrli:xbrl/gl-btx:businessTransactions/gl-btx:entityParty/gl-bus:entityPartyAddress/gl-bus:entityPartyAddressCity
49,bus,4,A,,State or Province,String,0..1,,"State, province or region",住所州,住所の州や地方。,BU21-09,$.btx_BusinessTransactions.btx_EntityParty.btx_PartyAddress.bus_StateorProvince,bus,Party_ Address,entityPartyAddressStateOrProvince,/xbrli:xbrl/gl-btx:businessTransactions/gl-btx:entityParty/gl-bus:entityPartyAddress/gl-bus:entityPartyAddressStateOrProvince
50,bus,4,A,,Country,String,0..1,,Country,住所国,住所の国。,BU21-10,$.btx_BusinessTransactions.btx_EntityParty.btx_PartyAddress.bus_Country,bus,Party_ Address,entityPartyAddressCountry,/xbrli:xbrl/gl-btx:businessTransactions/gl-btx:entityParty/gl-bus:entityPartyAddress/gl-bus:entityPartyAddressCountry
51,bus,4,A,,Zip or Postal Code,String,0..1,,Zip or other postal code,住所郵便番号,住所の郵便番号。,BU21-11,$.btx_BusinessTransactions.btx_EntityParty.btx_PartyAddress.bus_ZiporPostalCode,bus,Party_ Address,entityPartyAddressZipOrPostalCode,/xbrli:xbrl/gl-btx:businessTransactions/gl-btx:entityParty/gl-bus:entityPartyAddress/gl-bus:entityPartyAddressZipOrPostalCode
52,bus,4,A,,Active Indicator,Boolean,0..1,,"Boolean to indicate whether the address is active (=""true"") or inactive (=""false"")",住所有効性,住所が有効か無効かを示すブール値。,BU21-12,$.btx_BusinessTransactions.btx_EntityParty.btx_PartyAddress.bus_ActiveIndicator,bus,Party_ Address,entityPartyAddressActiveIndicator,/xbrli:xbrl/gl-btx:businessTransactions/gl-btx:entityParty/gl-bus:entityPartyAddress/gl-bus:entityPartyAddressActiveIndicator
53,bus,3,C,,Party_ Web Site,,0..*,,Primary web site of the party.,【事業体Webサイト】,事業体の代表ウェブサイト。,BT10-09,$.btx_BusinessTransactions.btx_EntityParty.btx_PartyWebSite,bus,Party_ Web Site,entityPartyWebSite,/xbrli:xbrl/gl-btx:businessTransactions/gl-btx:entityParty/gl-bus:entityPartyWebSite
54,bus,4,A,PK,Web Site URL,anyURI,0..1,,Valid URL of the web site. Should be full URL.,WebサイトURL,ウェブサイトの有効なURL。 完全なURLであるべき。,BU16-01,$.btx_BusinessTransactions.btx_EntityParty.btx_PartyWebSite.bus_WebSiteURL,bus,Party_ Web Site,entityPartyWebSiteWebSiteUrl,/xbrli:xbrl/gl-btx:businessTransactions/gl-btx:entityParty/gl-bus:entityPartyWebSite/gl-bus:entityPartyWebSiteWebSiteUrl
55,bus,4,A,,Web Site Description,String,0..1,,Description of the web site.,Webサイト説明,ウェブサイトの説明。,BU16-02,$.btx_BusinessTransactions.btx_EntityParty.btx_PartyWebSite.bus_WebSiteDescription,bus,Party_ Web Site,entityPartyWebSiteWebSiteDescription,/xbrli:xbrl/gl-btx:businessTransactions/gl-btx:entityParty/gl-bus:entityPartyWebSite/gl-bus:entityPartyWebSiteWebSiteDescription
56,bus,3,C,,Party_ Contact,,0..*,,Information about contacts.,【担当者情報】,担当者に関する情報。,BT10-10,$.btx_BusinessTransactions.btx_EntityParty.btx_PartyContact,bus,Party_ Contact,entityPartyContact,/xbrli:xbrl/gl-btx:businessTransactions/gl-btx:entityParty/gl-bus:entityPartyContact
57,bus,4,A,,Contact Prefix,String,0..1,,"Prefix (e.g. Dr., Mr., Mrs.)",敬称,敬称(Dr.、Mr.、Mrs.など),BU22-01,$.btx_BusinessTransactions.btx_EntityParty.btx_PartyContact.bus_ContactPrefix,bus,Party_ Contact,entityPartyContactContactPrefix,/xbrli:xbrl/gl-btx:businessTransactions/gl-btx:entityParty/gl-bus:entityPartyContact/gl-bus:entityPartyContactContactPrefix
58,bus,4,A,,Contact Last Name,String,0..1,,Last or family name,姓,姓,BU22-02,$.btx_BusinessTransactions.btx_EntityParty.btx_PartyContact.bus_ContactLastName,bus,Party_ Contact,entityPartyContactContactLastName,/xbrli:xbrl/gl-btx:businessTransactions/gl-btx:entityParty/gl-bus:entityPartyContact/gl-bus:entityPartyContactContactLastName
59,bus,4,A,,Contact First Name,String,0..1,,First or given name,名,名、クリスチャンネーム,BU22-03,$.btx_BusinessTransactions.btx_EntityParty.btx_PartyContact.bus_ContactFirstName,bus,Party_ Contact,entityPartyContactContactFirstName,/xbrli:xbrl/gl-btx:businessTransactions/gl-btx:entityParty/gl-bus:entityPartyContact/gl-bus:entityPartyContactContactFirstName
60,bus,4,A,,Contact Suffix,String,0..1,,"Suffix (e.g. MD, CPA, Jr.)",付加名称,付加名称(MD、CPA、Jr.など),BU22-04,$.btx_BusinessTransactions.btx_EntityParty.btx_PartyContact.bus_ContactSuffix,bus,Party_ Contact,entityPartyContactContactSuffix,/xbrli:xbrl/gl-btx:businessTransactions/gl-btx:entityParty/gl-bus:entityPartyContact/gl-bus:entityPartyContactContactSuffix
61,bus,4,A,,Contact Attention Line,String,0..1,,Attention Line,アテンションライン,アテンションライン,BU22-05,$.btx_BusinessTransactions.btx_EntityParty.btx_PartyContact.bus_ContactAttentionLine,bus,Party_ Contact,entityPartyContactContactAttentionLine,/xbrli:xbrl/gl-btx:businessTransactions/gl-btx:entityParty/gl-bus:entityPartyContact/gl-bus:entityPartyContactContactAttentionLine
62,bus,4,A,,Contact Position Role,String,0..1,,Position or role,地位/役職,地位や役職。,BU22-06,$.btx_BusinessTransactions.btx_EntityParty.btx_PartyContact.bus_ContactPositionRole,bus,Party_ Contact,entityPartyContactContactPositionRole,/xbrli:xbrl/gl-btx:businessTransactions/gl-btx:entityParty/gl-bus:entityPartyContact/gl-bus:entityPartyContactContactPositionRole
63,bus,4,A,,Contact Contact Type,String,0..1,,"Role of contact. Examples include: Source Service, Sender, Recipient, Invoicer, Auditor, Accountant",担当者役割,担当者の役割。例：ソースサービス、送付元、受取人、請求先、監査人、会計事務所。,BU22-07,$.btx_BusinessTransactions.btx_EntityParty.btx_PartyContact.bus_ContactContactType,bus,Party_ Contact,entityPartyContactContactContactType,/xbrli:xbrl/gl-btx:businessTransactions/gl-btx:entityParty/gl-bus:entityPartyContact/gl-bus:entityPartyContactContactContactType
64,bus,4,A,,Contact Location ID cross reference,String,0..1,,This code is used to associate the contact with a specific location for the Entity. Its value should be the same as that of the organizationAddressLocationIdentifier,所在地相互参照情報,担当者と事業体の位置情報を関係付けるためのコード。organizationAddressLocationIdentifierと同じ値であるべき。,BU22-08,$.btx_BusinessTransactions.btx_EntityParty.btx_PartyContact.bus_ContactLocationIDcrossreference,bus,Party_ Contact,entityPartyContactContactLocationIdCrossReference,/xbrli:xbrl/gl-btx:businessTransactions/gl-btx:entityParty/gl-bus:entityPartyContact/gl-bus:entityPartyContactContactLocationIdCrossReference
65,bus,4,A,,Contact Active,Boolean,0..1,,"Boolean to indicate whether the contact is active (=""true"") or inactive (=""false"")",担当者有効性,担当者が有効か無効かを示すブール値。,BU22-09,$.btx_BusinessTransactions.btx_EntityParty.btx_PartyContact.bus_ContactActive,bus,Party_ Contact,entityPartyContactContactActive,/xbrli:xbrl/gl-btx:businessTransactions/gl-btx:entityParty/gl-bus:entityPartyContact/gl-bus:entityPartyContactContactActive
66,bus,4,C,,Contact_ Phone,,0..*,,Contact Phone Number,【担当者電話番号】,担当者の電話番号。,BU22-10,$.btx_BusinessTransactions.btx_EntityParty.btx_PartyContact.bus_ContactPhone,bus,Contact_ Phone,entityPartyContactPhone,/xbrli:xbrl/gl-btx:businessTransactions/gl-btx:entityParty/gl-bus:entityPartyContact/gl-bus:entityPartyContactPhone
67,bus,5,A,PK,Phone Number,String,0..1,,Phone number referred to in Phone Number Description'\.,電話番号,電話番号用途で示される電話番号。,BU03-01,$.btx_BusinessTransactions.btx_EntityParty.btx_PartyContact.bus_ContactPhone.bus_PhoneNumber,bus,Contact_ Phone,entityPartyContactPhonePhoneNumber,/xbrli:xbrl/gl-btx:businessTransactions/gl-btx:entityParty/gl-bus:entityPartyContact/gl-bus:entityPartyContactPhone/gl-bus:entityPartyContactPhonePhoneNumber
68,bus,5,A,,Phone Number Description,String,0..1,,"Entity Phone Number Description such as Main, Investor relations. Enumerated as: bookkeeper, controller, direct, fax, investor-relations, main, switchboard, other.",電話番号用途,"代表、IR用などの、電話番号の用途。
[設定値のリスト]
(bookkeeper：記帳係)、(controller：会計責任者)、(direct：直通)、(fax：FAX)、(investor-relations：IR窓口)、(main：代表)、(switchboard：交換台)、(other：その他)",BU03-02,$.btx_BusinessTransactions.btx_EntityParty.btx_PartyContact.bus_ContactPhone.bus_PhoneNumberDescription,bus,Contact_ Phone,entityPartyContactPhonePhoneNumberDescription,/xbrli:xbrl/gl-btx:businessTransactions/gl-btx:entityParty/gl-bus:entityPartyContact/gl-bus:entityPartyContactPhone/gl-bus:entityPartyContactPhonePhoneNumberDescription
69,bus,4,C,,Contact_ Fax,,0..*,,Contact Fax Number Class,【担当者FAX番号】,担当者のFAX番号の構造体。,BU22-11,$.btx_BusinessTransactions.btx_EntityParty.btx_PartyContact.bus_ContactFax,bus,Contact_ Fax,entityPartyContactFax,/xbrli:xbrl/gl-btx:businessTransactions/gl-btx:entityParty/gl-bus:entityPartyContact/gl-bus:entityPartyContactFax
70,bus,5,A,PK,Fax Number,String,0..1,,Fax Number,FAX番号,FAX番号。,BU08-01,$.btx_BusinessTransactions.btx_EntityParty.btx_PartyContact.bus_ContactFax.bus_FaxNumber,bus,Contact_ Fax,entityPartyContactFaxFaxNumber,/xbrli:xbrl/gl-btx:businessTransactions/gl-btx:entityParty/gl-bus:entityPartyContact/gl-bus:entityPartyContactFax/gl-bus:entityPartyContactFaxFaxNumber
71,bus,5,A,,Fax Number Usage,String,0..1,,"Fax number usage (e.g. orders, head office, IR)",FAX番号用途,FAX番号の用途。(注文、本社、IRなど),BU08-02,$.btx_BusinessTransactions.btx_EntityParty.btx_PartyContact.bus_ContactFax.bus_FaxNumberUsage,bus,Contact_ Fax,entityPartyContactFaxFaxNumberUsage,/xbrli:xbrl/gl-btx:businessTransactions/gl-btx:entityParty/gl-bus:entityPartyContact/gl-bus:entityPartyContactFax/gl-bus:entityPartyContactFaxFaxNumberUsage
72,bus,4,C,,Contact_ Email,,0..*,,Contact E-mail address class,【担当者Eメールアドレス】,担当者のEメールアドレスの構造体。,BU22-12,$.btx_BusinessTransactions.btx_EntityParty.btx_PartyContact.bus_ContactEmail,bus,Contact_ Email,entityPartyContactEmail,/xbrli:xbrl/gl-btx:businessTransactions/gl-btx:entityParty/gl-bus:entityPartyContact/gl-bus:entityPartyContactEmail
73,bus,5,A,PK,Email Address,String,0..1,,Email Address,Eメールアドレス,Eメールアドレス。,BU13-01,$.btx_BusinessTransactions.btx_EntityParty.btx_PartyContact.bus_ContactEmail.bus_EmailAddress,bus,Contact_ Email,entityPartyContactEmailEmailAddress,/xbrli:xbrl/gl-btx:businessTransactions/gl-btx:entityParty/gl-bus:entityPartyContact/gl-bus:entityPartyContactEmail/gl-bus:entityPartyContactEmailEmailAddress
74,bus,5,A,,Email Address Usage,String,0..1,,"Email address usage (e.g. orders, head office, IR)",Eメールアドレス用途,Eメールアドレスの用途。(注文、本社、IRなど),BU13-02,$.btx_BusinessTransactions.btx_EntityParty.btx_PartyContact.bus_ContactEmail.bus_EmailAddressUsage,bus,Contact_ Email,entityPartyContactEmailEmailAddressUsage,/xbrli:xbrl/gl-btx:businessTransactions/gl-btx:entityParty/gl-bus:entityPartyContact/gl-bus:entityPartyContactEmail/gl-bus:entityPartyContactEmailEmailAddressUsage
75,btx,2,C,,Transaction_ Header,,0..*,,Parent class grouping transaction document header records.,【取引ヘッダ】,取引文書のヘッダ・レコードをまとめて保持する親クラス。,BT11-03,$.btx_BusinessTransactions.btx_TransactionHeader,btx,Transaction_ Header,transactionHeader,/xbrli:xbrl/gl-btx:businessTransactions/gl-btx:transactionHeader
76,btx,3,A,,Date Posted,Date Time,0..1,,Date this entry was posted (validated) to the general ledger. May not represent the date of accounting significance which is represented by 'postingDate'.,転記済日付,この仕訳が総勘定元帳に転記された(検証された)日付。 postingDateで示されるような会計上意味のある日付を表さないかもしれない。,BT13-01,$.btx_BusinessTransactions.btx_TransactionHeader.btx_DatePosted,btx,Transaction_ Header,datePosted,/xbrli:xbrl/gl-btx:businessTransactions/gl-btx:transactionHeader/gl-btx:datePosted
77,btx,3,A,,Creator,String,0..1,,Initials/name of operator originally entering.,仕訳作成者,最初に入力したオペレータのイニシャル/名前。,BT13-02,$.btx_BusinessTransactions.btx_TransactionHeader.btx_Creator,btx,Transaction_ Header,transactionCreator,/xbrli:xbrl/gl-btx:businessTransactions/gl-btx:transactionHeader/gl-btx:transactionCreator
78,btx,3,A,,Last Modifier,String,0..1,,Identification for the last person modifying this entry before posting.,仕訳最終更新者,転記前に最後にこの仕訳を修正した者の識別子。,BT13-03,$.btx_BusinessTransactions.btx_TransactionHeader.btx_LastModifier,btx,Transaction_ Header,lastModifier,/xbrli:xbrl/gl-btx:businessTransactions/gl-btx:transactionHeader/gl-btx:lastModifier
79,btx,3,A,,Responsible Person,String,0..1,,Identifier of person who created or originated or is otherwise responsible for the entry.,責任者,仕訳を作成したか、仕訳に責任を持つ者の識別子。,BT13-04,$.btx_BusinessTransactions.btx_TransactionHeader.btx_ResponsiblePerson,btx,Transaction_ Header,responsiblePerson,/xbrli:xbrl/gl-btx:businessTransactions/gl-btx:transactionHeader/gl-btx:responsiblePerson
80,btx,3,A,,Posting Code,String,0..1,,"Code for posting to period, e.g., period 1-13, based on codes in an accounting period file. We do not recommend that software vendors export here, but suggest providing period end numbers for the buckets. Possibilities W1 through W53, M1 through M13, Q1-Q4. Developers and others creating output files are encouraged to supply an actual end date.",転記コード,転記の期間を表すコード。例えば、会計期間ファイルのコードにもとづく期間１～１３。ソフトウエアベンダーが、この値をエクスポートすることは推奨しない。期間の最終番号を提供することを勧める。可能な値としては、W1からW53、M1からM13、Q1からQ4など。開発者や出力ファイルの作成者には、実際の終了日付を提供することを勧める。,BT13-05,$.btx_BusinessTransactions.btx_TransactionHeader.btx_PostingCode,btx,Transaction_ Header,postingCode,/xbrli:xbrl/gl-btx:businessTransactions/gl-btx:transactionHeader/gl-btx:postingCode
81,btx,3,A,,Number of Entries,Integer,0..1,,The total number of entries.,仕訳総数,仕訳の総数。,BT13-06,$.btx_BusinessTransactions.btx_TransactionHeader.btx_NumberofEntries,btx,Transaction_ Header,numberOfEntries,/xbrli:xbrl/gl-btx:businessTransactions/gl-btx:transactionHeader/gl-btx:numberOfEntries
82,btx,3,A,,Comment,String,0..1,,Comment of the entry,仕訳摘要,仕訳の摘要,BT13-07,$.btx_BusinessTransactions.btx_TransactionHeader.btx_Comment,btx,Transaction_ Header,comment,/xbrli:xbrl/gl-btx:businessTransactions/gl-btx:transactionHeader/gl-btx:comment
83,btx,3,A,,Header_ Entry Date,Date Time,0..1,,"Represents the actual date/time of entry into computer (automated from system date, often misrepresented by changing system clock). Posting dates are maintained separately.",入力日付,コンピュータへ入力した実際の日付/時刻(システム日付から自動的に与えられ、システム時計の変更により、しばしば誤った値になる)を示す。 転記日付とは別に管理される。,BT13-08,$.btx_BusinessTransactions.btx_TransactionHeader.btx_HeaderEntryDate,btx,Transaction_ Header,headerEntryDate,/xbrli:xbrl/gl-btx:businessTransactions/gl-btx:transactionHeader/gl-btx:headerEntryDate
84,btx,3,A,,Header_ Type Identifier,Token,0..1,,"One of the following enumerated list: adjusting, budget, comparative, external-accountant, standard, passed-adjusting, eliminating, proposed, recurring, reclassifying, simulated, tax, other",種別識別子,"以下の値のうちのひとつ。_x000D_
整理、予算、比較、外部会計事務所、通常、無視、消去、提案、反復、組替、シミュレーション、税、その他_x000D_
[設定値のリスト]_x000D_
(adjusting：整理)、(budget：予算)、(comparative：比較)、(external-accountant：外部会計事務所)、(standard：通常)、(passed-adjusting：無視)、(eliminating：消去)、(proposed：提案)、(recurring：反復)、(reclassifying：組替)、(simulated：シミュレーション)、(tax：税)、(other：その他)",BT13-09,$.btx_BusinessTransactions.btx_TransactionHeader.btx_HeaderTypeIdentifier,btx,Transaction_ Header,headerTypeIdentifier,/xbrli:xbrl/gl-btx:businessTransactions/gl-btx:transactionHeader/gl-btx:headerTypeIdentifier
85,btx,3,A,,Header Entry Number Counter,Decimal,0..1,,Unique reference for the entry - a numeric counter,文書番号カウンタ,文書の一意なリファレンス　　カウンタ,BT13-10,$.btx_BusinessTransactions.btx_TransactionHeader.btx_HeaderEntryNumberCounter,btx,Transaction_ Header,headerEntryNumberCounter,/xbrli:xbrl/gl-btx:businessTransactions/gl-btx:transactionHeader/gl-btx:headerEntryNumberCounter
86,btx,3,A,,Header Document Type,Token,0..1,,"An enumerated field describing the original source document, with invoice, voucher, check and other enumerated entries",元文書種別,顧客への請求書、ベンダからの請求書、小切手、その他の列挙値による、元文書の説明。\n[設定値のリスト]\n(check：小切手)、(debit-memo：借方メモ)、(credit-memo：貸方メモ)、(finance-charge：財務費用)、(invoice：顧客への請求書)、(order-customer：顧客オーダ)、(order-vendor：仕入先オーダ)、(payment-other：その他支払い)、(reminder：督促状)、(tegata：手形)、(voucher：ベンダからの請求書)、(shipment：出荷票)、(receipt：受領票)、(manual-adjustment：手修正)、(other：その他),BT13-11,$.btx_BusinessTransactions.btx_TransactionHeader.btx_HeaderDocumentType,btx,Transaction_ Header,headerDocumentType,/xbrli:xbrl/gl-btx:businessTransactions/gl-btx:transactionHeader/gl-btx:headerDocumentType
87,btx,3,A,,Header Document Type Description,String,0..1,,Free format description of the document type,元文書種別説明,元文書の種別の説明。,BT13-12,$.btx_BusinessTransactions.btx_TransactionHeader.btx_HeaderDocumentTypeDescription,btx,Transaction_ Header,headerDocumentTypeDescription,/xbrli:xbrl/gl-btx:businessTransactions/gl-btx:transactionHeader/gl-btx:headerDocumentTypeDescription
88,btx,3,A,,Header Invoice Type,Token,0..1,,"Invoice Type  (self-billed, ePoS enumerated values)",請求書種別,請求書の種別。(self-billed、ePoS)\n[設定値のリスト]\n(ePos：POSシステムからの発行)、(self-billed：手動発行),BT13-13,$.btx_BusinessTransactions.btx_TransactionHeader.btx_HeaderInvoiceType,btx,Transaction_ Header,headerInvoiceType,/xbrli:xbrl/gl-btx:businessTransactions/gl-btx:transactionHeader/gl-btx:headerInvoiceType
89,btx,3,A,,Document Currency,Token,0..1,,Currency in which the monetary amounts of the document or transaction are expressed.,文書通貨,文書または取引の金額を表示する通貨。,BT13-14,$.btx_BusinessTransactions.btx_TransactionHeader.btx_DocumentCurrency,btx,Transaction_ Header,documentCurrency,/xbrli:xbrl/gl-btx:businessTransactions/gl-btx:transactionHeader/gl-btx:documentCurrency
90,btx,3,A,,Tax Reporting Currency,Token,0..1,,Currency in which monetary amounts are reported to the relevant tax authority for tax reporting purposes.,税務申告通貨,関係する税務当局への税務申告において金額を報告するために使用する通貨。,BT13-15,$.btx_BusinessTransactions.btx_TransactionHeader.btx_TaxReportingCurrency,btx,Transaction_ Header,taxReportingCurrency,/xbrli:xbrl/gl-btx:businessTransactions/gl-btx:transactionHeader/gl-btx:taxReportingCurrency
91,btx,3,A,,Header Document Number,String,0..1,,"Invoice, check, voucher, or other source document identifier",元文書番号,請求書、小切手、証憑、その他の元文書の識別子。,BT13-16,$.btx_BusinessTransactions.btx_TransactionHeader.btx_HeaderDocumentNumber,btx,Transaction_ Header,headerDocumentNumber,/xbrli:xbrl/gl-btx:businessTransactions/gl-btx:transactionHeader/gl-btx:headerDocumentNumber
92,btx,3,A,,Header Payment Method,String,0..1,,Method used or to be used to make the payment,支払方法,支払いのために使用された、または使用される方法。,BT13-17,$.btx_BusinessTransactions.btx_TransactionHeader.btx_HeaderPaymentMethod,btx,Transaction_ Header,headerPaymentMethod,/xbrli:xbrl/gl-btx:businessTransactions/gl-btx:transactionHeader/gl-btx:headerPaymentMethod
93,btx,3,A,,Header Posting Status,Token,0..1,,"deferred: although entered, it cannot be posted until a later time\nposted: already posted\nproposed: a proposed item that must be approved\nsimulated: a simulated item, for what-if\ntax: a tax-specific entry\nunposted:entered but not yet posted or validated\ncancelled:entered and later cancelled\nother:other status - should be described in postingStatusDescription",転記状態,・据置：入力されたが、まだ転記できない。\n・転記済：転記済み。\n・提案済：検証が必要な項目。\n・シミュレーション：仮定のためにシミュレートされた項目。\n・税：税項目。\n・未転記：入力されたが、まだ検証も転記もされていない。\n・取消済：入力されたが、取り消された。\n・その他：その他の状態。postingStatusDescriptionで説明されるべき。\n[設定値のリスト]\n(deferred：据置)、(posted：転記済)、(proposed：提案済)、(simulated：シミュレーション)、(tax：税)、(unposted：未転記)、(cancelled：取消済)、(other：その他),BT13-18,$.btx_BusinessTransactions.btx_TransactionHeader.btx_HeaderPostingStatus,btx,Transaction_ Header,headerPostingStatus,/xbrli:xbrl/gl-btx:businessTransactions/gl-btx:transactionHeader/gl-btx:headerPostingStatus
94,btx,3,A,,Header Posting Status Description,String,0..1,,Free format description of the posting status,転記状態説明,転記状態の説明。,BT13-19,$.btx_BusinessTransactions.btx_TransactionHeader.btx_HeaderPostingStatusDescription,btx,Transaction_ Header,headerPostingStatusDescription,/xbrli:xbrl/gl-btx:businessTransactions/gl-btx:transactionHeader/gl-btx:headerPostingStatusDescription
95,btx,3,A,,Header Acknowledgement Date,Date Time,0..1,,Date of acknowledgement of goods/services shipped/received.,承認日付,出荷/受領済みの物品/サービスを承認した日付。,BT13-20,$.btx_BusinessTransactions.btx_TransactionHeader.btx_HeaderAcknowledgementDate,btx,Transaction_ Header,headerAcknowledgementDate,/xbrli:xbrl/gl-btx:businessTransactions/gl-btx:transactionHeader/gl-btx:headerAcknowledgementDate
96,btx,3,A,,Header Confirmation Date,Date Time,0..1,,Date of confirmation of shipment/receipt.,確認日付,出荷/受領を確認した日付。,BT13-21,$.btx_BusinessTransactions.btx_TransactionHeader.btx_HeaderConfirmationDate,btx,Transaction_ Header,headerConfirmationDate,/xbrli:xbrl/gl-btx:businessTransactions/gl-btx:transactionHeader/gl-btx:headerConfirmationDate
97,btx,3,A,,Header Ship From,String,0..1,,References Organization Address Location Identifier where used. Otherwise free form.,出荷元,使用されていれば住所識別子の参照情報。または自由記述。,BT13-22,$.btx_BusinessTransactions.btx_TransactionHeader.btx_HeaderShipFrom,btx,Transaction_ Header,headerShipFrom,/xbrli:xbrl/gl-btx:businessTransactions/gl-btx:transactionHeader/gl-btx:headerShipFrom
98,btx,3,A,,Header Date Shipped/Received,Date Time,0..1,,Date goods/services are shipped/received.,出荷/受領日付,物品/サービスを出荷/受領した日付。,BT13-23,$.btx_BusinessTransactions.btx_TransactionHeader.btx_HeaderDateShippedReceived,btx,Transaction_ Header,headerDateShippedReceived,/xbrli:xbrl/gl-btx:businessTransactions/gl-btx:transactionHeader/gl-btx:headerDateShippedReceived
99,btx,3,A,,Header Maturity Date or Date Due,Date Time,0..1,,Due date or other maturity date.,支払期日,支払期日やその他の期日。,BT13-24,$.btx_BusinessTransactions.btx_TransactionHeader.btx_HeaderMaturityDateorDateDue,btx,Transaction_ Header,headerMaturityDateOrDateDue,/xbrli:xbrl/gl-btx:businessTransactions/gl-btx:transactionHeader/gl-btx:headerMaturityDateOrDateDue
100,ivc,3,A,,Header Payment Terms,String,0..1,,Discount/payment terms.,支払条件,割引/支払い条件。,BT13-25,$.btx_BusinessTransactions.btx_TransactionHeader.ivc_HeaderPaymentTerms,btx,Transaction_ Header,headerPaymentTerms,/xbrli:xbrl/gl-btx:businessTransactions/gl-btx:transactionHeader/gl-ivc:headerPaymentTerms
101,btx,3,A,,Business Process Type,Identifier,0..1,,"Type or context of the business process to which the business transaction belongs; distinct from document type, invoice subtype, and transaction entry type.",ビジネスプロセス種別,この業務取引が属するビジネスプロセス又はプロセス文脈の種別。文書種別、請求書の下位種別及び取引入力種別とは異なる。,BT13-26,$.btx_BusinessTransactions.btx_TransactionHeader.btx_BusinessProcessType,btx,Transaction_ Header,businessProcessType,/xbrli:xbrl/gl-btx:businessTransactions/gl-btx:transactionHeader/gl-btx:businessProcessType
102,btx,3,A,,Specification Identifier,String,0..1,,"Identifier of the specification, profile, or implementation rule to which the transaction document message conforms.",仕様識別子,取引文書メッセージが準拠する仕様、プロファイルまたは実装規則を識別する識別子。,BT13-27,$.btx_BusinessTransactions.btx_TransactionHeader.btx_SpecificationIdentifier,btx,Transaction_ Header,specificationIdentifier,/xbrli:xbrl/gl-btx:businessTransactions/gl-btx:transactionHeader/gl-btx:specificationIdentifier
103,ivc,3,A,,Invoicing Period Start Date,Date,0..1,,Date on which the invoicing period begins.,請求対象期間開始日,請求対象期間が開始する日。,BT13-28,$.btx_BusinessTransactions.btx_TransactionHeader.ivc_InvoicingPeriodStartDate,btx,Transaction_ Header,invoicingPeriodStartDate,/xbrli:xbrl/gl-btx:businessTransactions/gl-btx:transactionHeader/gl-ivc:invoicingPeriodStartDate
104,ivc,3,A,,Invoicing Period End Date,Date,0..1,,Date on which the invoicing period ends.,請求対象期間終了日,請求対象期間が終了する日。,BT13-29,$.btx_BusinessTransactions.btx_TransactionHeader.ivc_InvoicingPeriodEndDate,btx,Transaction_ Header,invoicingPeriodEndDate,/xbrli:xbrl/gl-btx:businessTransactions/gl-btx:transactionHeader/gl-ivc:invoicingPeriodEndDate
105,ivc,3,A,,Payment means type code,Token,0..1,,Code identifying the means or method by which payment is to be made.,支払手段種別コード,支払に使用する手段または方法を識別するコード。,BT13-30,$.btx_BusinessTransactions.btx_TransactionHeader.ivc_Paymentmeanstypecode,btx,Transaction_ Header,paymentMeansTypeCode,/xbrli:xbrl/gl-btx:businessTransactions/gl-btx:transactionHeader/gl-ivc:paymentMeansTypeCode
106,ivc,3,A,,Payment means text,String,0..1,,Textual description of the means or method by which payment is to be made.,支払手段説明,支払に使用する手段または方法を記述するテキスト。,BT13-31,$.btx_BusinessTransactions.btx_TransactionHeader.ivc_Paymentmeanstext,btx,Transaction_ Header,paymentMeansText,/xbrli:xbrl/gl-btx:businessTransactions/gl-btx:transactionHeader/gl-ivc:paymentMeansText
107,ivc,3,A,,Payment remittance information,String,0..1,,Information to be included with the payment to enable the payment to be identified and matched to the related transaction document.,支払照合情報,支払を識別し、関連する取引文書と照合できるようにするため、支払時に付加する情報。,BT13-32,$.btx_BusinessTransactions.btx_TransactionHeader.ivc_Paymentremittanceinformation,btx,Transaction_ Header,paymentRemittanceInformation,/xbrli:xbrl/gl-btx:businessTransactions/gl-btx:transactionHeader/gl-ivc:paymentRemittanceInformation
108,ivc,3,A,,Payment account identifier,Token,0..1,,Identifier of the account to which the payment is to be made.,支払先口座識別子,支払を行う先の口座を識別する識別子。,BT13-33,$.btx_BusinessTransactions.btx_TransactionHeader.ivc_Paymentaccountidentifier,btx,Transaction_ Header,paymentAccountIdentifier,/xbrli:xbrl/gl-btx:businessTransactions/gl-btx:transactionHeader/gl-ivc:paymentAccountIdentifier
109,ivc,3,A,,Payment account name,String,0..1,,Name associated with the account to which the payment is to be made.,支払先口座名義,支払を行う先の口座に関連付けられた名称。,BT13-34,$.btx_BusinessTransactions.btx_TransactionHeader.ivc_Paymentaccountname,btx,Transaction_ Header,paymentAccountName,/xbrli:xbrl/gl-btx:businessTransactions/gl-btx:transactionHeader/gl-ivc:paymentAccountName
110,ivc,3,A,,Payment service provider identifier,Token,0..1,,Identifier of the payment service provider maintaining or servicing the payment account.,決済サービス提供者識別子,支払口座を管理または決済サービスを提供する事業者を識別する識別子。,BT13-35,$.btx_BusinessTransactions.btx_TransactionHeader.ivc_Paymentserviceprovideridentifier,btx,Transaction_ Header,paymentServiceProviderIdentifier,/xbrli:xbrl/gl-btx:businessTransactions/gl-btx:transactionHeader/gl-ivc:paymentServiceProviderIdentifier
111,ivc,3,A,,Payment card primary account number,Token,0..1,,Primary account number identifying the payment card account used for the payment.,支払カード主口座番号,支払に使用するカード口座を識別する主口座番号。,BT13-36,$.btx_BusinessTransactions.btx_TransactionHeader.ivc_Paymentcardprimaryaccountnumber,btx,Transaction_ Header,paymentCardPrimaryAccountNumber,/xbrli:xbrl/gl-btx:businessTransactions/gl-btx:transactionHeader/gl-ivc:paymentCardPrimaryAccountNumber
112,ivc,3,A,,Payment card holder name,String,0..1,,Name of the holder of the payment card used for the payment.,支払カード名義人名,支払に使用するカードの名義人の名称。,BT13-37,$.btx_BusinessTransactions.btx_TransactionHeader.ivc_Paymentcardholdername,btx,Transaction_ Header,paymentCardHolderName,/xbrli:xbrl/gl-btx:businessTransactions/gl-btx:transactionHeader/gl-ivc:paymentCardHolderName
113,ivc,3,A,,Mandate reference identifier,Token,0..1,,"Identifier referencing the mandate authorising the collection of the payment, such as a direct debit mandate.",支払委任参照識別子,口座振替など、支払の引落しを承認する委任を参照する識別子。,BT13-38,$.btx_BusinessTransactions.btx_TransactionHeader.ivc_Mandatereferenceidentifier,btx,Transaction_ Header,mandateReferenceIdentifier,/xbrli:xbrl/gl-btx:businessTransactions/gl-btx:transactionHeader/gl-ivc:mandateReferenceIdentifier
114,ivc,3,A,,Bank assigned creditor identifier,Token,0..1,,Identifier assigned by a bank or other payment service provider to the creditor for payment collection purposes.,銀行付与債権者識別子,支払の回収に使用するため、銀行その他の決済サービス提供者が債権者に付与する識別子。,BT13-39,$.btx_BusinessTransactions.btx_TransactionHeader.ivc_Bankassignedcreditoridentifier,btx,Transaction_ Header,bankAssignedCreditorIdentifier,/xbrli:xbrl/gl-btx:businessTransactions/gl-btx:transactionHeader/gl-ivc:bankAssignedCreditorIdentifier
115,ivc,3,A,,Debited account identifier,Token,0..1,,Identifier of the account from which the payment is to be debited.,引落口座識別子,支払金額が引き落とされる口座を識別する識別子。,BT13-40,$.btx_BusinessTransactions.btx_TransactionHeader.ivc_Debitedaccountidentifier,btx,Transaction_ Header,debitedAccountIdentifier,/xbrli:xbrl/gl-btx:businessTransactions/gl-btx:transactionHeader/gl-ivc:debitedAccountIdentifier
116,btx,3,R,,Applied Invoice_ Referenced Document,,0..1,Applied Invoice,"Document number of primary invoice number, used to offset payments, debits and credits; for an invoice, usually the same as the documentNumber. When calculating open balance on an invoice, or open amount on payments in advance or not fully applied, this permits calculation of the open item.",適用先番号,支払、借方、貸方の相殺に使用される、一次請求書の文書番号。請求書では通常documentNumberと等しい。未決済の請求書残高や、未決済の支払金額の計算時に、利用できる。,BT13-41,$.btx_BusinessTransactions.btx_TransactionHeader.btx_AppliedInvoiceReferencedDocument,btx,Referenced Document,appliedInvoiceReferencedDocument,/xbrli:xbrl/gl-btx:businessTransactions/gl-btx:transactionHeader/gl-btx:appliedInvoiceReferencedDocument
117,btx,4,A,REF,Document Number,String,0..1,,Document number,発生元文書番号,発生元文書の番号。,BT12-02,$.btx_BusinessTransactions.btx_TransactionHeader.btx_AppliedInvoiceReferencedDocument.btx_DocumentNumber,btx,Referenced Document,transactionDocumentNumber,/xbrli:xbrl/gl-btx:businessTransactions/gl-btx:transactionHeader/gl-btx:appliedInvoiceReferencedDocument/gl-btx:transactionDocumentNumber
118,btx,3,C,,Referenced Document,,0..*,,Reference for the document; number assigned to track the document,元文書参照情報,上の文書のための内部参照情報。文書を追跡するために内部的に割り当てた番号。,BT13-42,$.btx_BusinessTransactions.btx_TransactionHeader.btx_ReferencedDocument,btx,Referenced Document,referencedDocument,/xbrli:xbrl/gl-btx:businessTransactions/gl-btx:transactionHeader/gl-btx:referencedDocument
119,btx,4,A,,Document Type,Token,0..1,,"Document type  check, debit-memo, credit-memo, finance-charge, invoice, order-customer, order-vendor, payment-other, reminder, tegata, voucher, shipment, receipt, manual-adjustment, other.",発生元文書種別,発生元文書の種別。小切手(check)、借方メモ(debit-memo)、貸方メモ(credit-memo)、財務費用(finance-charge)、顧客への請求書(invoice)、顧客オーダ(order-customer)、仕入先オーダ(order-vendor)、その他支払い(payment-other)、督促状(reminder)、手形(tegata)、ベンダからの請求書(voucher)、出荷票(shipment)、受領票(receipt)、手修正(manual-adjustment)、その他(other),BT12-01,$.btx_BusinessTransactions.btx_TransactionHeader.btx_ReferencedDocument.btx_DocumentType,btx,Referenced Document,referencedDocumentType,/xbrli:xbrl/gl-btx:businessTransactions/gl-btx:transactionHeader/gl-btx:referencedDocument/gl-btx:referencedDocumentType
120,btx,4,A,PK,Document Number,String,0..1,,Document number,発生元文書番号,発生元文書の番号。,BT12-02,$.btx_BusinessTransactions.btx_TransactionHeader.btx_ReferencedDocument.btx_DocumentNumber,btx,Referenced Document,referencedDocumentNumber,/xbrli:xbrl/gl-btx:businessTransactions/gl-btx:transactionHeader/gl-btx:referencedDocument/gl-btx:referencedDocumentNumber
121,btx,4,A,,Document Date,Date,0..1,,Document date,発生元文書日付,発生元文書の日付。,BT12-03,$.btx_BusinessTransactions.btx_TransactionHeader.btx_ReferencedDocument.btx_DocumentDate,btx,Referenced Document,referencedDocumentDate,/xbrli:xbrl/gl-btx:businessTransactions/gl-btx:transactionHeader/gl-btx:referencedDocument/gl-btx:referencedDocumentDate
122,btx,4,A,,Document Identifier Type,Token,0..1,,"Document identifier type. Enumerated as: C, customer, E, employee, V, vendor, O, other, I, salesperson-internal, X, salesperson-external, N, contractor.",発生元文書対象CVE種別,発生元文書の対象となるCVEの種別。_x000D_ [設定値のリスト]_x000D_ (C)、(customer：顧客)、(E)、(employee：従業員)、(V)、(vendor：仕入先)、(O)、(other：その他)、(I)、(salesperson-internal：店舗内販売員)、(X)、(salesperson-external：外交販売員)、(N)、(contractor：請負者),BT12-04,$.btx_BusinessTransactions.btx_TransactionHeader.btx_ReferencedDocument.btx_DocumentIdentifierType,btx,Referenced Document,referencedDocumentIdentifierType,/xbrli:xbrl/gl-btx:businessTransactions/gl-btx:transactionHeader/gl-btx:referencedDocument/gl-btx:referencedDocumentIdentifierType
123,btx,4,A,,Document Identifier Code,String,0..1,,Document identifier code,発生元文書対象CVEコード,発生元文書の対象となるCVEのコード。,BT12-05,$.btx_BusinessTransactions.btx_TransactionHeader.btx_ReferencedDocument.btx_DocumentIdentifierCode,btx,Referenced Document,referencedDocumentIdentifierCode,/xbrli:xbrl/gl-btx:businessTransactions/gl-btx:transactionHeader/gl-btx:referencedDocument/gl-btx:referencedDocumentIdentifierCode
124,btx,4,A,,Received Date,Date Time,0..1,,Date/time document was noted as received (if necessary). Represents actual date received. Posting dates are maintained separately.,元文書受領日付,（必要であれば）文書の受領が記録された日付/時刻。実際に受領された日付をあらわす。転記日付は別に管理される。,BT12-06,$.btx_BusinessTransactions.btx_TransactionHeader.btx_ReferencedDocument.btx_ReceivedDate,btx,Referenced Document,referencedDocumentReceivedDate,/xbrli:xbrl/gl-btx:businessTransactions/gl-btx:transactionHeader/gl-btx:referencedDocument/gl-btx:referencedDocumentReceivedDate
125,btx,4,A,,Document Location,String,0..1,,"Document location as URI, file name or other reference. Alternatively, text of document can be placed here.",元文書格納場所,文書の格納場所である、URI、ファイル名またはその他の参照情報。代わりに、文書のテキストも記述可能。,BT12-07,$.btx_BusinessTransactions.btx_TransactionHeader.btx_ReferencedDocument.btx_DocumentLocation,btx,Referenced Document,referencedDocumentLocation,/xbrli:xbrl/gl-btx:businessTransactions/gl-btx:transactionHeader/gl-btx:referencedDocument/gl-btx:referencedDocumentLocation
126,btx,4,A,,Reference Purpose,Token,0..1,,Semantic purpose or role of the referenced document in this business transaction; distinct from the referenced document's own document type.,参照目的,この業務取引における参照文書の意味上の目的又は役割。参照文書自体の文書種別とは異なる。,BT12-08,$.btx_BusinessTransactions.btx_TransactionHeader.btx_ReferencedDocument.btx_ReferencePurpose,btx,Referenced Document,referencePurpose,/xbrli:xbrl/gl-btx:businessTransactions/gl-btx:transactionHeader/gl-btx:referencedDocument/gl-btx:referencePurpose
127,btx,4,C,,Document Attachment,,0..*,,Attachment or external document payload associated with this referenced document.,【文書添付】,この参照文書に関連付けられた添付又は外部文書の内容。,BT12-09,$.btx_BusinessTransactions.btx_TransactionHeader.btx_ReferencedDocument.btx_DocumentAttachment,btx,Document Attachment,documentAttachment,/xbrli:xbrl/gl-btx:businessTransactions/gl-btx:transactionHeader/gl-btx:referencedDocument/gl-btx:documentAttachment
128,btx,5,A,,Binary Content,Base64Binary,0..1,,Binary attachment content encoded as base64.,バイナリ内容,Base64で符号化された添付文書のバイナリ内容。,BT17-01,$.btx_BusinessTransactions.btx_TransactionHeader.btx_ReferencedDocument.btx_DocumentAttachment.btx_BinaryContent,btx,Document Attachment,binaryContent,/xbrli:xbrl/gl-btx:businessTransactions/gl-btx:transactionHeader/gl-btx:referencedDocument/gl-btx:documentAttachment/gl-btx:binaryContent
129,btx,5,A,,MIME Type,Token,0..1,,MIME media type of the attached content.,MIME種別,添付内容のMIMEメディア種別。,BT17-02,$.btx_BusinessTransactions.btx_TransactionHeader.btx_ReferencedDocument.btx_DocumentAttachment.btx_MIMEType,btx,Document Attachment,mimeType,/xbrli:xbrl/gl-btx:businessTransactions/gl-btx:transactionHeader/gl-btx:referencedDocument/gl-btx:documentAttachment/gl-btx:mimeType
130,btx,5,A,,File Name,String,0..1,,File name associated with the attached content.,ファイル名,添付内容に関連付けられたファイル名。,BT17-03,$.btx_BusinessTransactions.btx_TransactionHeader.btx_ReferencedDocument.btx_DocumentAttachment.btx_FileName,btx,Document Attachment,fileName,/xbrli:xbrl/gl-btx:businessTransactions/gl-btx:transactionHeader/gl-btx:referencedDocument/gl-btx:documentAttachment/gl-btx:fileName
131,btx,5,A,,External URI,anyURI,0..1,,External URI at which the referenced document or attachment can be obtained.,外部URI,参照文書又は添付文書を取得できる外部URI。,BT17-04,$.btx_BusinessTransactions.btx_TransactionHeader.btx_ReferencedDocument.btx_DocumentAttachment.btx_ExternalURI,btx,Document Attachment,externalUri,/xbrli:xbrl/gl-btx:businessTransactions/gl-btx:transactionHeader/gl-btx:referencedDocument/gl-btx:documentAttachment/gl-btx:externalUri
132,btx,3,C,,Header_ Identifier Reference,,0..*,,"Identification for customer, vendor, or employee.",【文書CVE情報】,顧客、仕入先、従業員のための識別子。,BT13-43,$.btx_BusinessTransactions.btx_TransactionHeader.btx_HeaderIdentifierReference,btx,Header_ Identifier Reference,headerIdentifierReference,/xbrli:xbrl/gl-btx:businessTransactions/gl-btx:transactionHeader/gl-btx:headerIdentifierReference
133,btx,4,A,PK,Identifier Code,String,0..1,,Unique ID Number associated with identifierReference,CVE識別番号（内部）,identifierReferenceに関係付けられた、内部ID番号。,BT07-01,$.btx_BusinessTransactions.btx_TransactionHeader.btx_HeaderIdentifierReference.btx_IdentifierCode,btx,Header_ Identifier Reference,headerIdentifierCode,/xbrli:xbrl/gl-btx:businessTransactions/gl-btx:transactionHeader/gl-btx:headerIdentifierReference/gl-btx:headerIdentifierCode
134,btx,4,A,,Identifier Purpose,String,0..1,,"Freeform for codes like purchasing, billing, manufacturing at identifier level.",CVE目的,購買、請求、製造などの、CVE識別子のレベルのコードの自由記述。,BT07-02,$.btx_BusinessTransactions.btx_TransactionHeader.btx_HeaderIdentifierReference.btx_IdentifierPurpose,btx,Header_ Identifier Reference,headerIdentifierPurpose,/xbrli:xbrl/gl-btx:businessTransactions/gl-btx:transactionHeader/gl-btx:headerIdentifierReference/gl-btx:headerIdentifierPurpose
135,btx,4,A,,Identifier Active,Boolean,0..1,,"Boolean to indicate whether the identifier is active (=""true"") or inactive (=""false"")",CVE有効性,CVE識別子が有効か無効かを示すブール値。,BT07-03,$.btx_BusinessTransactions.btx_TransactionHeader.btx_HeaderIdentifierReference.btx_IdentifierActive,btx,Header_ Identifier Reference,headerIdentifierActive,/xbrli:xbrl/gl-btx:businessTransactions/gl-btx:transactionHeader/gl-btx:headerIdentifierReference/gl-btx:headerIdentifierActive
136,btx,4,A,,Identifier Organization Type,Token,0..1,,"Identifier Organization Type. Enumerated as: individual, organization, other.",CVE組織種別,"CVE識別子の組織種別。_x000D_
[設定値のリスト]_x000D_
(individual：個人)、(organization：組織)、(other：その他)",BT07-04,$.btx_BusinessTransactions.btx_TransactionHeader.btx_HeaderIdentifierReference.btx_IdentifierOrganizationType,btx,Header_ Identifier Reference,headerIdentifierOrganizationType,/xbrli:xbrl/gl-btx:businessTransactions/gl-btx:transactionHeader/gl-btx:headerIdentifierReference/gl-btx:headerIdentifierOrganizationType
137,btx,4,A,,Identifier Organization Type Description,String,0..1,,Free format description of the identifier organization type,CVE組織種別説明,CVE識別子の組織種別の説明。,BT07-05,$.btx_BusinessTransactions.btx_TransactionHeader.btx_HeaderIdentifierReference.btx_IdentifierOrganizationTypeDescription,btx,Header_ Identifier Reference,headerIdentifierOrganizationTypeDescription,/xbrli:xbrl/gl-btx:businessTransactions/gl-btx:transactionHeader/gl-btx:headerIdentifierReference/gl-btx:headerIdentifierOrganizationTypeDescription
138,btx,4,A,,Identifier Description,String,0..1,,Textual description of identifierReference.,CVE説明,identifierReferenceの説明。,BT07-06,$.btx_BusinessTransactions.btx_TransactionHeader.btx_HeaderIdentifierReference.btx_IdentifierDescription,btx,Header_ Identifier Reference,headerIdentifierDescription,/xbrli:xbrl/gl-btx:businessTransactions/gl-btx:transactionHeader/gl-btx:headerIdentifierReference/gl-btx:headerIdentifierDescription
139,btx,4,A,,Identifier Type,Token,0..1,,"Entity type (enumerated): C, customer, E, employee, V, vendor, O, other, I, salesperson-internal, X, salesperson-external, N, contractor.",CVE種別,実体の種別。_x000D_ [設定値のリスト]_x000D_ (C)、(customer：顧客)、(E)、(employee：従業員)、(V)、(vendor：仕入先)、(O)、(other：その他)、(I)、(salesperson-internal：店舗内販売員)、(X)、(salesperson-external：外交販売員)、(N)、(contractor：請負者),BT07-07,$.btx_BusinessTransactions.btx_TransactionHeader.btx_HeaderIdentifierReference.btx_IdentifierType,btx,Header_ Identifier Reference,headerIdentifierType,/xbrli:xbrl/gl-btx:businessTransactions/gl-btx:transactionHeader/gl-btx:headerIdentifierReference/gl-btx:headerIdentifierType
140,btx,4,A,,Identifier Category,String,0..1,,"For use as Customer, Vendor or Employee Class (such as Residential/Commercial/Institutional/Government or Retail/Wholesale or other classifications used by business).",CVEカテゴリ,顧客、仕入先、従業員の分類に使用する。　（住居/商業/機関/政府や、小売/卸や、ビジネスで使用されるその他の分類）。,BT07-08,$.btx_BusinessTransactions.btx_TransactionHeader.btx_HeaderIdentifierReference.btx_IdentifierCategory,btx,Header_ Identifier Reference,headerIdentifierCategory,/xbrli:xbrl/gl-btx:businessTransactions/gl-btx:transactionHeader/gl-btx:headerIdentifierReference/gl-btx:headerIdentifierCategory
141,cor,4,C,,Identifier_ Phone,,0..*,,Phone number related to Identifier.,【電話番号】,CVE識別子の電話番号。,BT07-09,$.btx_BusinessTransactions.btx_TransactionHeader.btx_HeaderIdentifierReference.btx_IdentifierPhone,cor,Identifier_ Phone,headerIdentifierPhone,/xbrli:xbrl/gl-btx:businessTransactions/gl-btx:transactionHeader/gl-btx:headerIdentifierReference/gl-cor:headerIdentifierPhone
142,cor,5,A,PK,Phone Number,String,0..1,,Phone number referred to in Phone Number Description'\.,電話番号,電話番号用途で示される電話番号。,CO01-01,$.btx_BusinessTransactions.btx_TransactionHeader.btx_HeaderIdentifierReference.btx_IdentifierPhone.cor_PhoneNumber,cor,Identifier_ Phone,headerIdentifierPhoneNumber,/xbrli:xbrl/gl-btx:businessTransactions/gl-btx:transactionHeader/gl-btx:headerIdentifierReference/gl-cor:headerIdentifierPhone/gl-cor:headerIdentifierPhoneNumber
143,cor,5,A,,Phone Number Description,String,0..1,,"Entity Phone Number Description such as Main, Investor relations. Enumerated as: bookkeeper, controller, direct, fax, investor-relations, main, switchboard, other.",電話番号用途,"代表、IR用などの、電話番号の用途。
[設定値のリスト]
(bookkeeper：記帳係)、(controller：会計責任者)、(direct：直通)、(fax：FAX)、(investor-relations：IR窓口)、(main：代表)、(switchboard：交換台)、(other：その他)",CO01-02,$.btx_BusinessTransactions.btx_TransactionHeader.btx_HeaderIdentifierReference.btx_IdentifierPhone.cor_PhoneNumberDescription,cor,Identifier_ Phone,headerIdentifierPhoneNumberDescription,/xbrli:xbrl/gl-btx:businessTransactions/gl-btx:transactionHeader/gl-btx:headerIdentifierReference/gl-cor:headerIdentifierPhone/gl-cor:headerIdentifierPhoneNumberDescription
144,cor,4,C,,Identifier_ Fax,,0..*,,Fax number class related to identifier.,【FAX番号】,CVE識別子のFAX番号の構造体。,BT07-10,$.btx_BusinessTransactions.btx_TransactionHeader.btx_HeaderIdentifierReference.btx_IdentifierFax,cor,Identifier_ Fax,headerIdentifierFax,/xbrli:xbrl/gl-btx:businessTransactions/gl-btx:transactionHeader/gl-btx:headerIdentifierReference/gl-cor:headerIdentifierFax
145,cor,5,A,PK,Fax Number,String,0..1,,Fax Number,FAX番号,FAX番号。,CO03-01,$.btx_BusinessTransactions.btx_TransactionHeader.btx_HeaderIdentifierReference.btx_IdentifierFax.cor_FaxNumber,cor,Identifier_ Fax,headerIdentifierFaxNumber,/xbrli:xbrl/gl-btx:businessTransactions/gl-btx:transactionHeader/gl-btx:headerIdentifierReference/gl-cor:headerIdentifierFax/gl-cor:headerIdentifierFaxNumber
146,cor,5,A,,Fax Number Usage,String,0..1,,"Fax number usage (e.g. orders, head office, IR)",FAX番号用途,FAX番号の用途。(注文、本社、IRなど),CO03-02,$.btx_BusinessTransactions.btx_TransactionHeader.btx_HeaderIdentifierReference.btx_IdentifierFax.cor_FaxNumberUsage,cor,Identifier_ Fax,headerIdentifierFaxNumberUsage,/xbrli:xbrl/gl-btx:businessTransactions/gl-btx:transactionHeader/gl-btx:headerIdentifierReference/gl-cor:headerIdentifierFax/gl-cor:headerIdentifierFaxNumberUsage
147,cor,4,C,,Identifier_ Email,,0..*,,Email address for Identifier.,【CVEEメールアドレス】,CVE識別子のEメールアドレス。,BT07-11,$.btx_BusinessTransactions.btx_TransactionHeader.btx_HeaderIdentifierReference.btx_IdentifierEmail,cor,Identifier_ Email,headerIdentifierEmail,/xbrli:xbrl/gl-btx:businessTransactions/gl-btx:transactionHeader/gl-btx:headerIdentifierReference/gl-cor:headerIdentifierEmail
148,cor,5,A,PK,Email Address,String,0..1,,Email Address,Eメールアドレス,Eメールアドレス。,CO05-01,$.btx_BusinessTransactions.btx_TransactionHeader.btx_HeaderIdentifierReference.btx_IdentifierEmail.cor_EmailAddress,cor,Identifier_ Email,headerIdentifierEmailAddress,/xbrli:xbrl/gl-btx:businessTransactions/gl-btx:transactionHeader/gl-btx:headerIdentifierReference/gl-cor:headerIdentifierEmail/gl-cor:headerIdentifierEmailAddress
149,cor,5,A,,Email Address Usage,String,0..1,,"Email address usage (e.g. orders, head office, IR)",Eメールアドレス用途,Eメールアドレスの用途。(注文、本社、IRなど),CO05-02,$.btx_BusinessTransactions.btx_TransactionHeader.btx_HeaderIdentifierReference.btx_IdentifierEmail.cor_EmailAddressUsage,cor,Identifier_ Email,headerIdentifierEmailAddressUsage,/xbrli:xbrl/gl-btx:businessTransactions/gl-btx:transactionHeader/gl-btx:headerIdentifierReference/gl-cor:headerIdentifierEmail/gl-cor:headerIdentifierEmailAddressUsage
150,cor,4,C,,Identifier_ Address,,0..*,,"Address (block) of customer, vendor, employee for integration purposes, VAT.",【CVE住所】,統合目的やVATのための、顧客、仕入先、従業員の住所(ブロック)。,BT07-12,$.btx_BusinessTransactions.btx_TransactionHeader.btx_HeaderIdentifierReference.btx_IdentifierAddress,cor,Identifier_ Address,headerIdentifierAddress,/xbrli:xbrl/gl-btx:businessTransactions/gl-btx:transactionHeader/gl-btx:headerIdentifierReference/gl-cor:headerIdentifierAddress
151,cor,5,A,,Description,String,0..1,,Address Description,住所説明,住所の説明。,CO08-01,$.btx_BusinessTransactions.btx_TransactionHeader.btx_HeaderIdentifierReference.btx_IdentifierAddress.cor_Description,cor,Identifier_ Address,headerIdentifierAddressDescription,/xbrli:xbrl/gl-btx:businessTransactions/gl-btx:transactionHeader/gl-btx:headerIdentifierReference/gl-cor:headerIdentifierAddress/gl-cor:headerIdentifierAddressDescription
152,cor,5,A,,Purpose,String,0..1,,Address Purpose,住所目的,住所の目的。,CO08-02,$.btx_BusinessTransactions.btx_TransactionHeader.btx_HeaderIdentifierReference.btx_IdentifierAddress.cor_Purpose,cor,Identifier_ Address,headerIdentifierAddressPurpose,/xbrli:xbrl/gl-btx:businessTransactions/gl-btx:transactionHeader/gl-btx:headerIdentifierReference/gl-cor:headerIdentifierAddress/gl-cor:headerIdentifierAddressPurpose
153,cor,5,A,,Location ID,String,0..1,,A code used to identify the location and to associate it with contacts and transactions,所在地識別子,所在地を識別したり、窓口や取引と関係付けるコード。,CO08-03,$.btx_BusinessTransactions.btx_TransactionHeader.btx_HeaderIdentifierReference.btx_IdentifierAddress.cor_LocationID,cor,Identifier_ Address,headerIdentifierAddressDocationId,/xbrli:xbrl/gl-btx:businessTransactions/gl-btx:transactionHeader/gl-btx:headerIdentifierReference/gl-cor:headerIdentifierAddress/gl-cor:headerIdentifierAddressDocationId
154,cor,5,A,,Building Number,String,0..1,,Building Number,住所建物番号,建物番号。,CO08-04,$.btx_BusinessTransactions.btx_TransactionHeader.btx_HeaderIdentifierReference.btx_IdentifierAddress.cor_BuildingNumber,cor,Identifier_ Address,headerIdentifierAddressDuildingNumber,/xbrli:xbrl/gl-btx:businessTransactions/gl-btx:transactionHeader/gl-btx:headerIdentifierReference/gl-cor:headerIdentifierAddress/gl-cor:headerIdentifierAddressDuildingNumber
155,cor,5,A,,Street,String,0..1,,Street address,住所通り,住所の通り。,CO08-05,$.btx_BusinessTransactions.btx_TransactionHeader.btx_HeaderIdentifierReference.btx_IdentifierAddress.cor_Street,cor,Identifier_ Address,headerIdentifierAddressDtreet,/xbrli:xbrl/gl-btx:businessTransactions/gl-btx:transactionHeader/gl-btx:headerIdentifierReference/gl-cor:headerIdentifierAddress/gl-cor:headerIdentifierAddressDtreet
156,cor,5,A,,Address Detail,String,0..1,,Address Detail,住所詳細,住所詳細。,CO08-06,$.btx_BusinessTransactions.btx_TransactionHeader.btx_HeaderIdentifierReference.btx_IdentifierAddress.cor_AddressDetail,cor,Identifier_ Address,headerIdentifierAddressDddressDetail,/xbrli:xbrl/gl-btx:businessTransactions/gl-btx:transactionHeader/gl-btx:headerIdentifierReference/gl-cor:headerIdentifierAddress/gl-cor:headerIdentifierAddressDddressDetail
157,cor,5,A,,City,String,0..1,,City,住所都市,住所の都市。,CO08-07,$.btx_BusinessTransactions.btx_TransactionHeader.btx_HeaderIdentifierReference.btx_IdentifierAddress.cor_City,cor,Identifier_ Address,headerIdentifierAddressDity,/xbrli:xbrl/gl-btx:businessTransactions/gl-btx:transactionHeader/gl-btx:headerIdentifierReference/gl-cor:headerIdentifierAddress/gl-cor:headerIdentifierAddressDity
158,cor,5,A,,State or Province,String,0..1,,"State, province or region",住所州,住所の州や地方。,CO08-08,$.btx_BusinessTransactions.btx_TransactionHeader.btx_HeaderIdentifierReference.btx_IdentifierAddress.cor_StateorProvince,cor,Identifier_ Address,headerIdentifierAddressDtateOrProvince,/xbrli:xbrl/gl-btx:businessTransactions/gl-btx:transactionHeader/gl-btx:headerIdentifierReference/gl-cor:headerIdentifierAddress/gl-cor:headerIdentifierAddressDtateOrProvince
159,cor,5,A,,Country,String,0..1,,Country,住所国,住所の国。,CO08-09,$.btx_BusinessTransactions.btx_TransactionHeader.btx_HeaderIdentifierReference.btx_IdentifierAddress.cor_Country,cor,Identifier_ Address,headerIdentifierAddressDountry,/xbrli:xbrl/gl-btx:businessTransactions/gl-btx:transactionHeader/gl-btx:headerIdentifierReference/gl-cor:headerIdentifierAddress/gl-cor:headerIdentifierAddressDountry
160,cor,5,A,,Zip or Postal Code,String,0..1,,Zip or other postal code,住所郵便番号,住所の郵便番号。,CO08-10,$.btx_BusinessTransactions.btx_TransactionHeader.btx_HeaderIdentifierReference.btx_IdentifierAddress.cor_ZiporPostalCode,cor,Identifier_ Address,headerIdentifierAddressDipOrPostalCode,/xbrli:xbrl/gl-btx:businessTransactions/gl-btx:transactionHeader/gl-btx:headerIdentifierReference/gl-cor:headerIdentifierAddress/gl-cor:headerIdentifierAddressDipOrPostalCode
161,cor,4,C,,Identifier_ Contact,,0..*,,Identifier Contact Information Class,【CVE担当者情報】,CVE識別子の担当者情報の構造体。,BT07-13,$.btx_BusinessTransactions.btx_TransactionHeader.btx_HeaderIdentifierReference.btx_IdentifierContact,cor,Identifier_ Contact,headerIdentifierContact,/xbrli:xbrl/gl-btx:businessTransactions/gl-btx:transactionHeader/gl-btx:headerIdentifierReference/gl-cor:headerIdentifierContact
162,cor,5,A,,Contact Prefix,String,0..1,,"Prefix (e.g. Dr., Mr., Mrs.)",敬称,敬称(Dr.、Mr.、Mrs.など),CO11-01,$.btx_BusinessTransactions.btx_TransactionHeader.btx_HeaderIdentifierReference.btx_IdentifierContact.cor_ContactPrefix,cor,Identifier_ Contact,headerIdentifierContactPrefix,/xbrli:xbrl/gl-btx:businessTransactions/gl-btx:transactionHeader/gl-btx:headerIdentifierReference/gl-cor:headerIdentifierContact/gl-cor:headerIdentifierContactPrefix
163,cor,5,A,,Contact Last Name,String,0..1,,Last or family name,姓,姓,CO11-02,$.btx_BusinessTransactions.btx_TransactionHeader.btx_HeaderIdentifierReference.btx_IdentifierContact.cor_ContactLastName,cor,Identifier_ Contact,headerIdentifierContactLastName,/xbrli:xbrl/gl-btx:businessTransactions/gl-btx:transactionHeader/gl-btx:headerIdentifierReference/gl-cor:headerIdentifierContact/gl-cor:headerIdentifierContactLastName
164,cor,5,A,,Contact First Name,String,0..1,,First or given name,名,名、クリスチャンネーム,CO11-03,$.btx_BusinessTransactions.btx_TransactionHeader.btx_HeaderIdentifierReference.btx_IdentifierContact.cor_ContactFirstName,cor,Identifier_ Contact,headerIdentifierContactFirstName,/xbrli:xbrl/gl-btx:businessTransactions/gl-btx:transactionHeader/gl-btx:headerIdentifierReference/gl-cor:headerIdentifierContact/gl-cor:headerIdentifierContactFirstName
165,cor,5,A,,Contact Suffix,String,0..1,,"Suffix (e.g. MD, CPA, Jr.)",付加名称,付加名称(MD、CPA、Jr.など),CO11-04,$.btx_BusinessTransactions.btx_TransactionHeader.btx_HeaderIdentifierReference.btx_IdentifierContact.cor_ContactSuffix,cor,Identifier_ Contact,headerIdentifierContactSuffix,/xbrli:xbrl/gl-btx:businessTransactions/gl-btx:transactionHeader/gl-btx:headerIdentifierReference/gl-cor:headerIdentifierContact/gl-cor:headerIdentifierContactSuffix
166,cor,5,A,,Contact Attention Line,String,0..1,,Attention Line,アテンションライン,アテンションライン,CO11-05,$.btx_BusinessTransactions.btx_TransactionHeader.btx_HeaderIdentifierReference.btx_IdentifierContact.cor_ContactAttentionLine,cor,Identifier_ Contact,headerIdentifierContactAttentionLine,/xbrli:xbrl/gl-btx:businessTransactions/gl-btx:transactionHeader/gl-btx:headerIdentifierReference/gl-cor:headerIdentifierContact/gl-cor:headerIdentifierContactAttentionLine
167,cor,5,A,,Contact Position Role,String,0..1,,Position or role,地位/役職,地位や役職。,CO11-06,$.btx_BusinessTransactions.btx_TransactionHeader.btx_HeaderIdentifierReference.btx_IdentifierContact.cor_ContactPositionRole,cor,Identifier_ Contact,headerIdentifierContactPositionRole,/xbrli:xbrl/gl-btx:businessTransactions/gl-btx:transactionHeader/gl-btx:headerIdentifierReference/gl-cor:headerIdentifierContact/gl-cor:headerIdentifierContactPositionRole
168,cor,5,A,,Contact Contact Type,String,0..1,,"Role of contact. Examples include: Source Service, Sender, Recipient, Invoicer, Auditor, Accountant",担当者役割,担当者の役割。例：ソースサービス、送付元、受取人、請求先、監査人、会計事務所。,CO11-07,$.btx_BusinessTransactions.btx_TransactionHeader.btx_HeaderIdentifierReference.btx_IdentifierContact.cor_ContactContactType,cor,Identifier_ Contact,headerIdentifierContactContactType,/xbrli:xbrl/gl-btx:businessTransactions/gl-btx:transactionHeader/gl-btx:headerIdentifierReference/gl-cor:headerIdentifierContact/gl-cor:headerIdentifierContactContactType
169,cor,5,A,,Contact Location ID cross reference,String,0..1,,This code is used to associate the contact with a specific location for the Entity. Its value should be the same as that of the organizationAddressLocationIdentifier,所在地相互参照情報,担当者と事業体の位置情報を関係付けるためのコード。organizationAddressLocationIdentifierと同じ値であるべき。,CO11-08,$.btx_BusinessTransactions.btx_TransactionHeader.btx_HeaderIdentifierReference.btx_IdentifierContact.cor_ContactLocationIDcrossreference,cor,Identifier_ Contact,headerIdentifierContactLocationIdCrossReference,/xbrli:xbrl/gl-btx:businessTransactions/gl-btx:transactionHeader/gl-btx:headerIdentifierReference/gl-cor:headerIdentifierContact/gl-cor:headerIdentifierContactLocationIdCrossReference
170,cor,5,A,,Contact Active,Boolean,0..1,,"Boolean to indicate whether the contact is active (=""true"") or inactive (=""false"")",担当者有効性,担当者が有効か無効かを示すブール値。,CO11-09,$.btx_BusinessTransactions.btx_TransactionHeader.btx_HeaderIdentifierReference.btx_IdentifierContact.cor_ContactActive,cor,Identifier_ Contact,headerIdentifierContactActive,/xbrli:xbrl/gl-btx:businessTransactions/gl-btx:transactionHeader/gl-btx:headerIdentifierReference/gl-cor:headerIdentifierContact/gl-cor:headerIdentifierContactActive
171,bus,5,C,,Contact_ Phone,,0..*,,Contact Phone Number,【担当者電話番号】,担当者の電話番号。,CO11-10,$.btx_BusinessTransactions.btx_TransactionHeader.btx_HeaderIdentifierReference.btx_IdentifierContact.cor_ContactPhone,bus,Contact_ Phone,headerIdentifierContactPhone,/xbrli:xbrl/gl-btx:businessTransactions/gl-btx:transactionHeader/gl-btx:headerIdentifierReference/gl-cor:headerIdentifierContact/gl-bus:headerIdentifierContactPhone
172,bus,6,A,PK,Phone Number,String,0..1,,Phone number referred to in Phone Number Description'\.,電話番号,電話番号用途で示される電話番号。,BU03-01,$.btx_BusinessTransactions.btx_TransactionHeader.btx_HeaderIdentifierReference.btx_IdentifierContact.cor_ContactPhone.bus_PhoneNumber,bus,Contact_ Phone,headerIdentifierContactPhoneNumber,/xbrli:xbrl/gl-btx:businessTransactions/gl-btx:transactionHeader/gl-btx:headerIdentifierReference/gl-cor:headerIdentifierContact/gl-bus:headerIdentifierContactPhone/gl-bus:headerIdentifierContactPhoneNumber
173,bus,6,A,,Phone Number Description,String,0..1,,"Entity Phone Number Description such as Main, Investor relations. Enumerated as: bookkeeper, controller, direct, fax, investor-relations, main, switchboard, other.",電話番号用途,"代表、IR用などの、電話番号の用途。
[設定値のリスト]
(bookkeeper：記帳係)、(controller：会計責任者)、(direct：直通)、(fax：FAX)、(investor-relations：IR窓口)、(main：代表)、(switchboard：交換台)、(other：その他)",BU03-02,$.btx_BusinessTransactions.btx_TransactionHeader.btx_HeaderIdentifierReference.btx_IdentifierContact.cor_ContactPhone.bus_PhoneNumberDescription,bus,Contact_ Phone,headerIdentifierContactPhoneNumberDescription,/xbrli:xbrl/gl-btx:businessTransactions/gl-btx:transactionHeader/gl-btx:headerIdentifierReference/gl-cor:headerIdentifierContact/gl-bus:headerIdentifierContactPhone/gl-bus:headerIdentifierContactPhoneNumberDescription
174,bus,5,C,,Contact_ Fax,,0..*,,Contact Fax Number Class,【担当者FAX番号】,担当者のFAX番号の構造体。,CO11-11,$.btx_BusinessTransactions.btx_TransactionHeader.btx_HeaderIdentifierReference.btx_IdentifierContact.cor_ContactFax,bus,Contact_ Fax,headerIdentifierContactFax,/xbrli:xbrl/gl-btx:businessTransactions/gl-btx:transactionHeader/gl-btx:headerIdentifierReference/gl-cor:headerIdentifierContact/gl-bus:headerIdentifierContactFax
175,bus,6,A,PK,Fax Number,String,0..1,,Fax Number,FAX番号,FAX番号。,BU08-01,$.btx_BusinessTransactions.btx_TransactionHeader.btx_HeaderIdentifierReference.btx_IdentifierContact.cor_ContactFax.bus_FaxNumber,bus,Contact_ Fax,headerIdentifierContactFaxNumber,/xbrli:xbrl/gl-btx:businessTransactions/gl-btx:transactionHeader/gl-btx:headerIdentifierReference/gl-cor:headerIdentifierContact/gl-bus:headerIdentifierContactFax/gl-bus:headerIdentifierContactFaxNumber
176,bus,6,A,,Fax Number Usage,String,0..1,,"Fax number usage (e.g. orders, head office, IR)",FAX番号用途,FAX番号の用途。(注文、本社、IRなど),BU08-02,$.btx_BusinessTransactions.btx_TransactionHeader.btx_HeaderIdentifierReference.btx_IdentifierContact.cor_ContactFax.bus_FaxNumberUsage,bus,Contact_ Fax,headerIdentifierContactFaxNumberUsage,/xbrli:xbrl/gl-btx:businessTransactions/gl-btx:transactionHeader/gl-btx:headerIdentifierReference/gl-cor:headerIdentifierContact/gl-bus:headerIdentifierContactFax/gl-bus:headerIdentifierContactFaxNumberUsage
177,bus,5,C,,Contact_ Email,,0..*,,Contact E-mail address class,【担当者Eメールアドレス】,担当者のEメールアドレスの構造体。,CO11-12,$.btx_BusinessTransactions.btx_TransactionHeader.btx_HeaderIdentifierReference.btx_IdentifierContact.cor_ContactEmail,bus,Contact_ Email,headerIdentifierContactEmail,/xbrli:xbrl/gl-btx:businessTransactions/gl-btx:transactionHeader/gl-btx:headerIdentifierReference/gl-cor:headerIdentifierContact/gl-bus:headerIdentifierContactEmail
178,bus,6,A,PK,Email Address,String,0..1,,Email Address,Eメールアドレス,Eメールアドレス。,BU13-01,$.btx_BusinessTransactions.btx_TransactionHeader.btx_HeaderIdentifierReference.btx_IdentifierContact.cor_ContactEmail.bus_EmailAddress,bus,Contact_ Email,headerIdentifierContactEmailAddress,/xbrli:xbrl/gl-btx:businessTransactions/gl-btx:transactionHeader/gl-btx:headerIdentifierReference/gl-cor:headerIdentifierContact/gl-bus:headerIdentifierContactEmail/gl-bus:headerIdentifierContactEmailAddress
179,bus,6,A,,Email Address Usage,String,0..1,,"Email address usage (e.g. orders, head office, IR)",Eメールアドレス用途,Eメールアドレスの用途。(注文、本社、IRなど),BU13-02,$.btx_BusinessTransactions.btx_TransactionHeader.btx_HeaderIdentifierReference.btx_IdentifierContact.cor_ContactEmail.bus_EmailAddressUsage,bus,Contact_ Email,headerIdentifierContactEmailAddressUsage,/xbrli:xbrl/gl-btx:businessTransactions/gl-btx:transactionHeader/gl-btx:headerIdentifierReference/gl-cor:headerIdentifierContact/gl-bus:headerIdentifierContactEmail/gl-bus:headerIdentifierContactEmailAddressUsage
180,btx,4,A,,Trading Name,String,0..1,,"Name under which the identified party conducts business or is known in commercial transactions, which may differ from its legal or registered name.",取引名称,識別対象となる当事者が事業活動または商取引において使用する名称。法的名称または登録名称と異なる場合がある。,BT07-14,$.btx_BusinessTransactions.btx_TransactionHeader.btx_HeaderIdentifierReference.btx_TradingName,btx,Header_ Identifier Reference,headerIdentifierTradingName,/xbrli:xbrl/gl-btx:businessTransactions/gl-btx:transactionHeader/gl-btx:headerIdentifierReference/gl-btx:headerIdentifierTradingName
181,btx,4,C,,Registered Identifier,,0..*,,A structured identifier comprising an identifier value and the registration or identification scheme needed to interpret it.,【登録識別子】,識別子の値と、それを解釈するための登録・識別制度を組み合わせて表す構造化された識別子。,BT07-15,$.btx_BusinessTransactions.btx_TransactionHeader.btx_HeaderIdentifierReference.btx_RegisteredIdentifier,btx,Registered Identifier,registeredIdentifier,/xbrli:xbrl/gl-btx:businessTransactions/gl-btx:transactionHeader/gl-btx:headerIdentifierReference/gl-btx:registeredIdentifier
182,btx,5,A,PK,Organization Identifier Code,String,0..1,,"Code representing the company or organization whose data this file represents: used for situations where one user (e.g., a CPA) needs to keep track of multiple organizations' files (e.g., multiple clients). Can be EIN#, client #, internal/external identifier, SIC code. Codes which identifies the entity. Includes the code identifier of the authority issuing the code, a colon, and the code itself. For example, CIK:01234567 for the CIK number issued by SEC EDGAR.",事業体識別子,このファイルでデータを表現している会社や組織のコード。ひとりのユーザ(例えば、公認会計士)が複数の組織(例えば、複数の顧客)のファイルを把握する必要がある場合に使用される。 EIN番号、顧客番号、内部/外部識別子、SICコードであってよい。事業体の識別子をコード化する。コードを発行する権威ある組織のコード識別子、コロン、およびコードそのものを含む。 例えば、SEC　EDGARが発行したCIK番号　CIK: 01234567。,BT05-01,$.btx_BusinessTransactions.btx_TransactionHeader.btx_HeaderIdentifierReference.btx_RegisteredIdentifier.btx_OrganizationIdentifierCode,btx,Registered Identifier,headerIdentifierRegisteredOrganizationIdentifierCode,/xbrli:xbrl/gl-btx:businessTransactions/gl-btx:transactionHeader/gl-btx:headerIdentifierReference/gl-btx:registeredIdentifier/gl-btx:headerIdentifierRegisteredOrganizationIdentifierCode
183,btx,5,A,,Organization Identifier Description,String,0..1,,Text describing the organization identified by the organization identifier. Includes any relevant information about the code itself (e.g. issuing authority).,事業体説明,事業体識別子によって特定された組織の説明文。 コードに関するなんらかの記述情報。,BT05-02,$.btx_BusinessTransactions.btx_TransactionHeader.btx_HeaderIdentifierReference.btx_RegisteredIdentifier.btx_OrganizationIdentifierDescription,btx,Registered Identifier,headerIdentifierRegisteredOrganizationIdentifierDescription,/xbrli:xbrl/gl-btx:businessTransactions/gl-btx:transactionHeader/gl-btx:headerIdentifierReference/gl-btx:registeredIdentifier/gl-btx:headerIdentifierRegisteredOrganizationIdentifierDescription
184,cor,5,C,,External Authority,,0..1,,Class containing references to an external authority associated with identifier,【外部機関】,識別子と関係付けられる外部機関への参照情報を含む構造体。,BT05-03,$.btx_BusinessTransactions.btx_TransactionHeader.btx_HeaderIdentifierReference.btx_RegisteredIdentifier.btx_ExternalAuthority,cor,External Authority,headerIdentifierRegisteredExternalAuthority,/xbrli:xbrl/gl-btx:businessTransactions/gl-btx:transactionHeader/gl-btx:headerIdentifierReference/gl-btx:registeredIdentifier/gl-cor:headerIdentifierRegisteredExternalAuthority
185,cor,6,A,PK,External Authority Code,String,0..1,,"External Authority (e,g, Tax Authority) ID Number associated with identifierReference",外部機関付与識別番号,identifierReferenceと関係付けられる、外部機関（たとえば、税務署）によるID番号。,CO12-01,$.btx_BusinessTransactions.btx_TransactionHeader.btx_HeaderIdentifierReference.btx_RegisteredIdentifier.btx_ExternalAuthority.cor_ExternalAuthorityCode,cor,External Authority,headerIdentifierRegisteredExternalAuthorityCode,/xbrli:xbrl/gl-btx:businessTransactions/gl-btx:transactionHeader/gl-btx:headerIdentifierReference/gl-btx:registeredIdentifier/gl-cor:headerIdentifierRegisteredExternalAuthority/gl-cor:headerIdentifierRegisteredExternalAuthorityCode
186,cor,6,A,,External Authority Name,String,0..1,,Name of External Authority (e.g. Tax Authority),外部機関名,外部機関の名前（たとえば、税務署）,CO12-02,$.btx_BusinessTransactions.btx_TransactionHeader.btx_HeaderIdentifierReference.btx_RegisteredIdentifier.btx_ExternalAuthority.cor_ExternalAuthorityName,cor,External Authority,headerIdentifierRegisteredExternalAuthorityName,/xbrli:xbrl/gl-btx:businessTransactions/gl-btx:transactionHeader/gl-btx:headerIdentifierReference/gl-btx:registeredIdentifier/gl-cor:headerIdentifierRegisteredExternalAuthority/gl-cor:headerIdentifierRegisteredExternalAuthorityName
187,cor,6,A,,External Authority Verification Date,Date Time,0..1,,Date on which the External Authority last performed a verification,外部機関認証日付,外部機関が最後に認証した日付。,CO12-03,$.btx_BusinessTransactions.btx_TransactionHeader.btx_HeaderIdentifierReference.btx_RegisteredIdentifier.btx_ExternalAuthority.cor_ExternalAuthorityVerificationDate,cor,External Authority,headerIdentifierRegisteredExternalAuthorityVerificationDate,/xbrli:xbrl/gl-btx:businessTransactions/gl-btx:transactionHeader/gl-btx:headerIdentifierReference/gl-btx:registeredIdentifier/gl-cor:headerIdentifierRegisteredExternalAuthority/gl-cor:headerIdentifierRegisteredExternalAuthorityVerificationDate
188,btx,3,C,,Header_ Tax,,0..*,,Class for holding tax related information,【税情報】,税関連の情報のタプル。,BT13-44,$.btx_BusinessTransactions.btx_TransactionHeader.btx_HeaderTax,btx,Header_ Tax,headerTax,/xbrli:xbrl/gl-btx:businessTransactions/gl-btx:transactionHeader/gl-btx:headerTax
189,btx,4,A,,Tax Authority,String,0..1,,Name of the relevant tax authority,課税庁,関係する課税庁の名前。,BT09-01,$.btx_BusinessTransactions.btx_TransactionHeader.btx_HeaderTax.btx_TaxAuthority,btx,Header_ Tax,headerTaxAuthority,/xbrli:xbrl/gl-btx:businessTransactions/gl-btx:transactionHeader/gl-btx:headerTax/gl-btx:headerTaxAuthority
190,btx,4,A,,Tax Table Code,String,0..1,,Tax table code used by the relevant tax authority,税率表コード,関係する課税庁で使用される税率表のコード。,BT09-02,$.btx_BusinessTransactions.btx_TransactionHeader.btx_HeaderTax.btx_TaxTableCode,btx,Header_ Tax,headerTaxTableCode,/xbrli:xbrl/gl-btx:businessTransactions/gl-btx:transactionHeader/gl-btx:headerTax/gl-btx:headerTaxTableCode
191,btx,4,A,,Tax Description,String,0..1,,Description of tax authority,課税庁説明,課税庁の説明。,BT09-03,$.btx_BusinessTransactions.btx_TransactionHeader.btx_HeaderTax.btx_TaxDescription,btx,Header_ Tax,headerTaxDescription,/xbrli:xbrl/gl-btx:businessTransactions/gl-btx:transactionHeader/gl-btx:headerTax/gl-btx:headerTaxDescription
192,btx,4,A,,Amount of Taxes,Monetary,0..1,,Amount of taxes,税額,税額。,BT09-04,$.btx_BusinessTransactions.btx_TransactionHeader.btx_HeaderTax.btx_AmountofTaxes,btx,Header_ Tax,headerAmountOfTaxes,/xbrli:xbrl/gl-btx:businessTransactions/gl-btx:transactionHeader/gl-btx:headerTax/gl-btx:headerAmountOfTaxes
193,btx,4,A,,Basis for Taxation,Monetary,0..1,,Basis for taxation,課税基準,課税基準。,BT09-05,$.btx_BusinessTransactions.btx_TransactionHeader.btx_HeaderTax.btx_BasisforTaxation,btx,Header_ Tax,headerBasisForTaxation,/xbrli:xbrl/gl-btx:businessTransactions/gl-btx:transactionHeader/gl-btx:headerTax/gl-btx:headerBasisForTaxation
194,btx,4,A,,Tax Percentage Rate,Pure,0..1,,Percent rate for VAT or other taxes normally a number between 0 and 1.0 - e.g. 50% is represented as 0.5,税率,"VAT(物品税)またはその他の税のパーセント比率。_x000D_
0から1.0の間の値。たとえば50%は0.5とあらわす。",BT09-06,$.btx_BusinessTransactions.btx_TransactionHeader.btx_HeaderTax.btx_TaxPercentageRate,btx,Header_ Tax,headerTaxPercentageRate,/xbrli:xbrl/gl-btx:businessTransactions/gl-btx:transactionHeader/gl-btx:headerTax/gl-btx:headerTaxPercentageRate
195,btx,4,A,,Tax Category,String,0..1,,A class or category of taxes,税区分,税のクラス又はカテゴリ。,BT09-07,$.btx_BusinessTransactions.btx_TransactionHeader.btx_HeaderTax.btx_TaxCategory,btx,Header_ Tax,headerTaxCategory,/xbrli:xbrl/gl-btx:businessTransactions/gl-btx:transactionHeader/gl-btx:headerTax/gl-btx:headerTaxCategory
196,btx,4,A,,Tax Comment/Exemption Reason,String,0..1,,Additional text/code for exemption reasons or other comments.,税コメント/免税理由,免税理由やその他のコメントのための、追加の文またはコード。,BT09-08,$.btx_BusinessTransactions.btx_TransactionHeader.btx_HeaderTax.btx_TaxCommentExemptionReason,btx,Header_ Tax,headerTaxCommentExemptionReason,/xbrli:xbrl/gl-btx:businessTransactions/gl-btx:transactionHeader/gl-btx:headerTax/gl-btx:headerTaxCommentExemptionReason
197,btx,4,A,,Tax Amount in Foreign Currency,Monetary,0..1,,"If the tax is in a foreign currency, the amount of tax in that currency",外貨建税額,税が外貨建ての場合の、税額。,BT09-09,$.btx_BusinessTransactions.btx_TransactionHeader.btx_HeaderTax.btx_TaxAmountinForeignCurrency,btx,Header_ Tax,headerTaxAmountInForeignCurrency,/xbrli:xbrl/gl-btx:businessTransactions/gl-btx:transactionHeader/gl-btx:headerTax/gl-btx:headerTaxAmountInForeignCurrency
198,btx,4,A,,Tax Foreign Currency,QName,0..1,,"If the tax is in a foreign currency, that currency",外貨建税額通貨,税が外貨建ての場合の、通貨。,BT09-10,$.btx_BusinessTransactions.btx_TransactionHeader.btx_HeaderTax.btx_TaxForeignCurrency,btx,Header_ Tax,headerTaxForeignCurrency,/xbrli:xbrl/gl-btx:businessTransactions/gl-btx:transactionHeader/gl-btx:headerTax/gl-btx:headerTaxForeignCurrency
199,btx,4,A,,Tax Exchange Rate Date,Date Time,0..1,,"If the tax is in a foreign currency, the date or date and time of the exchange rate used",税額換算レート日付,税が外貨建ての場合の、換算レートの日付または日付/時刻。,BT09-11,$.btx_BusinessTransactions.btx_TransactionHeader.btx_HeaderTax.btx_TaxExchangeRateDate,btx,Header_ Tax,headerTaxExchangeRateDate,/xbrli:xbrl/gl-btx:businessTransactions/gl-btx:transactionHeader/gl-btx:headerTax/gl-btx:headerTaxExchangeRateDate
200,btx,4,A,,Tax Exchange Rate,Pure,0..1,,"If the tax is in a foreign currency, the exchange rate used expressed as national currency divided by foreign currency",税額換算レート,税が外貨建ての場合の、換算レート。自国通貨を外貨で割った値。,BT09-12,$.btx_BusinessTransactions.btx_TransactionHeader.btx_HeaderTax.btx_TaxExchangeRate,btx,Header_ Tax,headerTaxExchangeRate,/xbrli:xbrl/gl-btx:businessTransactions/gl-btx:transactionHeader/gl-btx:headerTax/gl-btx:headerTaxExchangeRate
201,btx,4,A,,Tax Exchange Rate Source,String,0..1,,"If the tax is in a foreign currency, source of exchange rate - for example, Reuters, Bloomberg",税額換算レート情報源,"税が外貨建ての場合の、換算レートの情報源。たとえば、Reuters, Bloomberg",BT09-13,$.btx_BusinessTransactions.btx_TransactionHeader.btx_HeaderTax.btx_TaxExchangeRateSource,btx,Header_ Tax,headerTaxExchangeRateSource,/xbrli:xbrl/gl-btx:businessTransactions/gl-btx:transactionHeader/gl-btx:headerTax/gl-btx:headerTaxExchangeRateSource
202,btx,4,A,,Tax Exchange Rate Type,String,0..1,,"If the tax is in a foreign currency, type of exchange rate - for example, spot rate, forward contract etc.",税額換算レート種別,税が外貨建ての場合の、換算レートの種別。たとえば、スポット・レート、先物など。,BT09-14,$.btx_BusinessTransactions.btx_TransactionHeader.btx_HeaderTax.btx_TaxExchangeRateType,btx,Header_ Tax,headerTaxExchangeRateType,/xbrli:xbrl/gl-btx:businessTransactions/gl-btx:transactionHeader/gl-btx:headerTax/gl-btx:headerTaxExchangeRateType
203,btx,4,A,,Tax Exchange Rate Comment,String,0..1,,"If the tax is in a foreign currency, comment about exchange rate used",税額換算レートコメント,税が外貨建ての場合の、換算レートに関するコメント。,BT09-15,$.btx_BusinessTransactions.btx_TransactionHeader.btx_HeaderTax.btx_TaxExchangeRateComment,btx,Header_ Tax,headerTaxExchangeRateComment,/xbrli:xbrl/gl-btx:businessTransactions/gl-btx:transactionHeader/gl-btx:headerTax/gl-btx:headerTaxExchangeRateComment
204,btx,4,A,,Tax Type,Token,0..1,,"Type of tax regime or tax family applicable to this tax occurrence, distinct from its tax category.",税種別,この税出現に適用される税制又は税体系の種別。税区分とは異なる。,BT09-16,$.btx_BusinessTransactions.btx_TransactionHeader.btx_HeaderTax.btx_TaxType,btx,Header_ Tax,headerTaxType,/xbrli:xbrl/gl-btx:businessTransactions/gl-btx:transactionHeader/gl-btx:headerTax/gl-btx:headerTaxType
205,btx,4,A,,Tax Exemption Reason Code,Token,0..1,,Code identifying the reason why the tax occurrence is exempt from tax.,免税理由コード,この税出現が免税となる理由を識別するコード。,BT09-17,$.btx_BusinessTransactions.btx_TransactionHeader.btx_HeaderTax.btx_TaxExemptionReasonCode,btx,Header_ Tax,headerTaxExemptionReasonCode,/xbrli:xbrl/gl-btx:businessTransactions/gl-btx:transactionHeader/gl-btx:headerTax/gl-btx:headerTaxExemptionReasonCode
206,btx,4,A,,Tax Exemption Reason Text,String,0..1,,Human-readable text describing the reason why the tax occurrence is exempt from tax.,免税理由テキスト,この税出現が免税となる理由を説明する可読テキスト。,BT09-18,$.btx_BusinessTransactions.btx_TransactionHeader.btx_HeaderTax.btx_TaxExemptionReasonText,btx,Header_ Tax,headerTaxExemptionReasonText,/xbrli:xbrl/gl-btx:businessTransactions/gl-btx:transactionHeader/gl-btx:headerTax/gl-btx:headerTaxExemptionReasonText
207,btx,3,C,,Header_ Amount Structure,,0..*,,"Structure representing monetary amounts and currency information applicable to the document as a whole, such as document-level totals or aggregated tax amounts.",【ヘッダー金額構造】,文書全体に適用される金額や通貨情報（文書レベルの合計額や集計された税額など）を表現する構造。,BT13-45,$.btx_BusinessTransactions.btx_TransactionHeader.btx_HeaderAmountStructure,btx,Header_ Amount Structure,headerAmountStructure,/xbrli:xbrl/gl-btx:businessTransactions/gl-btx:transactionHeader/gl-btx:headerAmountStructure
208,btx,4,A,,Amount,Monetary,1,,Numeric value of the monetary amount expressed in the specified currency.,金額,指定された通貨で表現された金額の数値。,BT01-01,$.btx_BusinessTransactions.btx_TransactionHeader.btx_HeaderAmountStructure.btx_Amount,btx,Header_ Amount Structure,headerAmount,/xbrli:xbrl/gl-btx:businessTransactions/gl-btx:transactionHeader/gl-btx:headerAmountStructure/gl-btx:headerAmount
209,btx,4,A,,Amount Type,Token,0..1,,"Code or text specifying the type or role of the amount, such as tax amount, tax base amount, allowance amount, or charge amount.",金額種別,税額、課税標準額、値引金額、追加請求金額など、金額の種類または役割を指定するコードまたはテキスト。,BT01-02,$.btx_BusinessTransactions.btx_TransactionHeader.btx_HeaderAmountStructure.btx_AmountType,btx,Header_ Amount Structure,headerAmountStructureAmountType,/xbrli:xbrl/gl-btx:businessTransactions/gl-btx:transactionHeader/gl-btx:headerAmountStructure/gl-btx:headerAmountStructureAmountType
210,btx,4,A,,Currency Code,Token,0..1,,"Code specifying the currency in which the amount is expressed, typically an ISO 4217 currency code.",通貨コード,金額が表現される通貨を指定するコード。通常は ISO 4217 通貨コードを用いる。,BT01-03,$.btx_BusinessTransactions.btx_TransactionHeader.btx_HeaderAmountStructure.btx_CurrencyCode,btx,Header_ Amount Structure,headerCurrencyCode,/xbrli:xbrl/gl-btx:businessTransactions/gl-btx:transactionHeader/gl-btx:headerAmountStructure/gl-btx:headerCurrencyCode
211,btx,4,A,,Currency Code Type,Token,0..1,,"Code specifying the role of the currency used for the amount, such as functional currency, local currency, reporting currency, or transaction currency.",通貨コード種別,金額に対する通貨の役割（機能通貨、ローカル通貨、報告通貨、取引通貨など）を指定するコード。,BT01-04,$.btx_BusinessTransactions.btx_TransactionHeader.btx_HeaderAmountStructure.btx_CurrencyCodeType,btx,Header_ Amount Structure,headerCurrencyCodeType,/xbrli:xbrl/gl-btx:businessTransactions/gl-btx:transactionHeader/gl-btx:headerAmountStructure/gl-btx:headerCurrencyCodeType
212,btx,4,A,,Header_ Amount Type,String,0..1,,"Code or text specifying the type or role of the amount, such as tax amount, tax base amount, allowance amount, or charge amount.",金額種別,税額、課税標準額、値引金額、追加請求金額など、金額の種類または役割を指定するコードまたはテキスト。,BT01-05,$.btx_BusinessTransactions.btx_TransactionHeader.btx_HeaderAmountStructure.btx_HeaderAmountType,btx,Header_ Amount Structure,headerAmountType,/xbrli:xbrl/gl-btx:businessTransactions/gl-btx:transactionHeader/gl-btx:headerAmountStructure/gl-btx:headerAmountType
213,btx,3,C,,Transaction_ Detail,,0..*,,Parent for document line,【文書明細】,文書明細の親タグ。,BT13-46,$.btx_BusinessTransactions.btx_TransactionHeader.btx_TransactionDetail,btx,Transaction_ Detail,transactionDetail,/xbrli:xbrl/gl-btx:businessTransactions/gl-btx:transactionHeader/gl-btx:transactionDetail
214,btx,4,A,PK,Line Number,String,0..1,,Identifier for a particular entry detail,明細行番号,仕訳明細の識別子。,BT14-01,$.btx_BusinessTransactions.btx_TransactionHeader.btx_TransactionDetail.btx_LineNumber,btx,Transaction_ Detail,lineNumber,/xbrli:xbrl/gl-btx:businessTransactions/gl-btx:transactionHeader/gl-btx:transactionDetail/gl-btx:lineNumber
215,btx,4,A,,Line Number Counter,Decimal,0..1,,Unique reference for the line - a numeric counter,明細行番号カウンタ,明細行の一意なリファレンス　　カウンタ,BT14-02,$.btx_BusinessTransactions.btx_TransactionHeader.btx_TransactionDetail.btx_LineNumberCounter,btx,Transaction_ Detail,lineNumberCounter,/xbrli:xbrl/gl-btx:businessTransactions/gl-btx:transactionHeader/gl-btx:transactionDetail/gl-btx:lineNumberCounter
216,btx,4,A,,Posting Date,Date Time,0..1,,"At the detail level, this represents the accounting significance date. No matter what date the document is received, entered, or posted, this signifies the accounting date of the entry. If you want to see the financial results for March 5, 2002 and this entry is given that date, the entry will be part of the results for March 5, 2002. This is different from the postedDate found at the entryHeader level. If you want the accounting significance to be a particular date, it goes here. A single entry could represent multiple dates, but would only be posted on one date.",転記日付,明細レベルで、会計上意義のある日付を示す。ドキュメントの受領、入力、転記の日付に関わらず、仕訳が会計処理された日付を示す。2002.03.05の財務結果を見たいときに、ここにその日付がある場合は、この明細は2002.03.05の結果の一部である。これは、entryHeaderにあるpostedDateとは異なる。特定の日付を会計上意義のある日付にしたいなら、ここに記述する。ひとつの仕訳が複数の日付をあらわせるが、ひとつの日でのみ転記される。,BT14-03,$.btx_BusinessTransactions.btx_TransactionHeader.btx_TransactionDetail.btx_PostingDate,btx,Transaction_ Detail,postingDate,/xbrli:xbrl/gl-btx:businessTransactions/gl-btx:transactionHeader/gl-btx:transactionDetail/gl-btx:postingDate
217,btx,4,A,,Memo Line,Boolean,0..1,,A boolean like entry that indicates whether an entryDetail line has been provided solely to provide additional details and that tools should not consider the amount in postings.,メモ行フラグ,明細行が単に追加の詳細を与えるものであり、転記金額に含めるべきでないことを示すブール値。,BT14-04,$.btx_BusinessTransactions.btx_TransactionHeader.btx_TransactionDetail.btx_MemoLine,btx,Transaction_ Detail,memoLine,/xbrli:xbrl/gl-btx:businessTransactions/gl-btx:transactionHeader/gl-btx:transactionDetail/gl-btx:memoLine
218,btx,4,A,,Document Type,Token,0..1,,"An enumerated field describing the original source document, with check, debit-memo, credit-memo, finance-charge, invoice, order-customer, order-vendor, payment-other, reminder, tegata, voucher, shipment, receipt, manual-adjustment, other.",元文書種別,小切手、借方メモ、貸方メモ、財務費用、顧客への請求書、顧客オーダー、仕入先オーダー、その他支払い、督促状、手形、ベンダからの請求書、出荷票、受領票、手修正、その他の列挙値による、元文書の説明。[設定値のリスト]_x000D_ (check：小切手)、(debit-memo：借方メモ)、(credit-memo：貸方メモ)、(finance-charge：財務費用)、(invoice：顧客への請求書)、(order-customer：顧客オーダ)、(order-vendor：仕入先オーダ)、(payment-other：その他支払い)、(reminder：督促状)、(tegata：手形)、(voucher：ベンダからの請求書)、(shipment：出荷票)、(receipt：受領票)、(manual-adjustment：手修正)、(other：その他),BT14-05,$.btx_BusinessTransactions.btx_TransactionHeader.btx_TransactionDetail.btx_DocumentType,btx,Transaction_ Detail,detailDeaderDocumentType,/xbrli:xbrl/gl-btx:businessTransactions/gl-btx:transactionHeader/gl-btx:transactionDetail/gl-btx:detailDeaderDocumentType
219,btx,4,A,,Document Type Description,String,0..1,,Free format description of the document type,元文書種別説明,元文書の種別の説明。,BT14-06,$.btx_BusinessTransactions.btx_TransactionHeader.btx_TransactionDetail.btx_DocumentTypeDescription,btx,Transaction_ Detail,detailDeaderDocumentTypeDescription,/xbrli:xbrl/gl-btx:businessTransactions/gl-btx:transactionHeader/gl-btx:transactionDetail/gl-btx:detailDeaderDocumentTypeDescription
220,btx,4,A,,Document Date,Date Time,0..1,,"Date (and less likely in the paper world but possible in the e-world, time) on actual document (invoice, voucher, check date). Other dates control posting information.",元文書日付,実際の文書（請求書、証憑、小切手）の日付（および、紙の世界ではありそうにないが、電子的には時刻）。 転記の情報は別の日付で管理する。,BT14-07,$.btx_BusinessTransactions.btx_TransactionHeader.btx_TransactionDetail.btx_DocumentDate,btx,Transaction_ Detail,detailDeaderDocumentDate,/xbrli:xbrl/gl-btx:businessTransactions/gl-btx:transactionHeader/gl-btx:transactionDetail/gl-btx:detailDeaderDocumentDate
221,btx,4,A,,Received Date,Date Time,0..1,,Date/time document was noted as received (if necessary). Represents actual date received. Posting dates are maintained separately.,元文書受領日付,（必要であれば）文書の受領が記録された日付/時刻。実際に受領された日付をあらわす。転記日付は別に管理される。,BT14-08,$.btx_BusinessTransactions.btx_TransactionHeader.btx_TransactionDetail.btx_ReceivedDate,btx,Transaction_ Detail,receivedDate,/xbrli:xbrl/gl-btx:businessTransactions/gl-btx:transactionHeader/gl-btx:transactionDetail/gl-btx:receivedDate
222,btx,4,A,,Document Location,String,0..1,,"Document location as URI, file name or other reference. Alternatively, text of document can be placed here.",元文書格納場所,文書の格納場所である、URI、ファイル名またはその他の参照情報。代わりに、文書のテキストも記述可能。,BT14-09,$.btx_BusinessTransactions.btx_TransactionHeader.btx_TransactionDetail.btx_DocumentLocation,btx,Transaction_ Detail,documentLocation,/xbrli:xbrl/gl-btx:businessTransactions/gl-btx:transactionHeader/gl-btx:transactionDetail/gl-btx:documentLocation
223,btx,4,A,,Posting Status,Token,0..1,,"deferred: although entered, it cannot be posted until a later time
posted: already posted
proposed: a proposed item that must be approved
simulated: a simulated item, for what-if
tax: a tax-specific entry
unposted:entered but not yet posted or validated
cancelled:entered and later cancelled
other:other status - should be described in postingStatusDescription",転記状態,"・据置：入力されたが、まだ転記できない。_x000D_
・転記済：転記済み。_x000D_
・提案済：検証が必要な項目。_x000D_
・シミュレーション：仮定のためにシミュレートされた項目。_x000D_
・税：税項目。_x000D_
・未転記：入力されたが、まだ検証も転記もされていない。_x000D_
・取消済：入力されたが、取り消された。_x000D_
・その他：その他の状態。postingStatusDescriptionで説明されるべき。_x000D_
[設定値のリスト]_x000D_
(deferred：据置)、(posted：転記済)、(proposed：提案済)、(simulated：シミュレーション)、(tax：税)、(unposted：未転記)、(cancelled：取消済)、(other：その他)",BT14-10,$.btx_BusinessTransactions.btx_TransactionHeader.btx_TransactionDetail.btx_PostingStatus,btx,Transaction_ Detail,postingStatus,/xbrli:xbrl/gl-btx:businessTransactions/gl-btx:transactionHeader/gl-btx:transactionDetail/gl-btx:postingStatus
224,btx,4,A,,Posting Status Description,String,0..1,,Free format description of the posting status,転記状態説明,転記状態の説明。,BT14-11,$.btx_BusinessTransactions.btx_TransactionHeader.btx_TransactionDetail.btx_PostingStatusDescription,btx,Transaction_ Detail,postingStatusDescription,/xbrli:xbrl/gl-btx:businessTransactions/gl-btx:transactionHeader/gl-btx:transactionDetail/gl-btx:postingStatusDescription
225,btx,4,A,,Description,String,0..1,,Description of this line of detail only,説明,この明細行のみに対する説明。,BT14-12,$.btx_BusinessTransactions.btx_TransactionHeader.btx_TransactionDetail.btx_Description,btx,Transaction_ Detail,detailDescription,/xbrli:xbrl/gl-btx:businessTransactions/gl-btx:transactionHeader/gl-btx:transactionDetail/gl-btx:detailDescription
226,btx,4,A,,Acknowledgement Date,Date Time,0..1,,Date of acknowledgement of goods/services shipped/received.,承認日付,出荷/受領済みの物品/サービスを承認した日付。,BT14-13,$.btx_BusinessTransactions.btx_TransactionHeader.btx_TransactionDetail.btx_AcknowledgementDate,btx,Transaction_ Detail,acknowledgementDate,/xbrli:xbrl/gl-btx:businessTransactions/gl-btx:transactionHeader/gl-btx:transactionDetail/gl-btx:acknowledgementDate
227,btx,4,A,,Confirmation Date,Date Time,0..1,,Date of confirmation of shipment/receipt.,確認日付,出荷/受領を確認した日付。,BT14-14,$.btx_BusinessTransactions.btx_TransactionHeader.btx_TransactionDetail.btx_ConfirmationDate,btx,Transaction_ Detail,confirmationDate,/xbrli:xbrl/gl-btx:businessTransactions/gl-btx:transactionHeader/gl-btx:transactionDetail/gl-btx:confirmationDate
228,btx,4,A,,Measurable Class Description,String,0..1,,Free format description associated with gl-ehm:measurableClassID to provide specialization or clarification for the enumerated value of other.,測定可能分類の説明,「その他」の列挙値を補足・特定するための自由記述形式の説明。,BT14-15,$.btx_BusinessTransactions.btx_TransactionHeader.btx_TransactionDetail.btx_MeasurableClassDescription,btx,Transaction_ Detail,measurableClassDescription,/xbrli:xbrl/gl-btx:businessTransactions/gl-btx:transactionHeader/gl-btx:transactionDetail/gl-btx:measurableClassDescription
229,btx,4,A,,Geospatial Coordinate,String,0..1,,"Enter a relevant location for this item. Format can be either:
- Degrees, minutes, and seconds (DMS): 41°24'12.2""N 2°10'26.5""E
- Degrees and decimal minutes (DMM): 41 24.2028, 2 10.4418
- Decimal degrees (DD): 41.40338, 2.17403",地理座標,"本項目の関連位置を入力。形式は以下のいずれか：
・度分秒 (DMS): 41°24'12.2""N 2°10'26.5""E
・度と小数分 (DMM): 41 24.2028, 2 10.4418
・10進度 (DD): 41.40338, 2.17403",BT14-16,$.btx_BusinessTransactions.btx_TransactionHeader.btx_TransactionDetail.btx_GeospatialCoordinate,btx,Transaction_ Detail,geospatialCoordinate,/xbrli:xbrl/gl-btx:businessTransactions/gl-btx:transactionHeader/gl-btx:transactionDetail/gl-btx:geospatialCoordinate
230,cor,4,R,,Document,,0..1,,"Invoice, check, voucher, or other source document identifier",元文書番号,請求書、小切手、証憑、その他の元文書の識別子。,BT14-17,$.btx_BusinessTransactions.btx_TransactionHeader.btx_TransactionDetail.btx_Document,cor,Document,detailDeaderDocument,/xbrli:xbrl/gl-btx:businessTransactions/gl-btx:transactionHeader/gl-btx:transactionDetail/gl-cor:detailDeaderDocument
231,cor,5,A,REF,Document Number,String,0..1,,Document number,発生元文書番号,発生元文書の番号。,CO20-02,$.btx_BusinessTransactions.btx_TransactionHeader.btx_TransactionDetail.btx_Document.cor_DocumentNumber,cor,Document,detailDeaderDocumentNumber,/xbrli:xbrl/gl-btx:businessTransactions/gl-btx:transactionHeader/gl-btx:transactionDetail/gl-cor:detailDeaderDocument/gl-cor:detailDeaderDocumentNumber
232,taf,4,C,,Originating Document,,0..*,,"A tool to capture the flow of related documents in the business process. Some needs of end users require a greater history of the documents that are associated with a transaction, especially in the VAT audit area. Contains a repetitive class of related documents.",【発生元文書情報】,業務プロセス上の、関連文書の流れを捕捉するためのもの。特にVAT監査では、エンドユーザの要求として、取引に関係する文書の履歴が必要とされる。関連文書情報の構造の繰り返しを含む。,BT14-18,$.btx_BusinessTransactions.btx_TransactionHeader.btx_TransactionDetail.btx_OriginatingDocument,taf,Originating Document,originatingDocument,/xbrli:xbrl/gl-btx:businessTransactions/gl-btx:transactionHeader/gl-btx:transactionDetail/gl-taf:originatingDocument
233,taf,5,A,,Document Type,Token,0..1,,"Document type  check, debit-memo, credit-memo, finance-charge, invoice, order-customer, order-vendor, payment-other, reminder, tegata, voucher, shipment, receipt, manual-adjustment, other.",発生元文書種別,発生元文書の種別。小切手(check)、借方メモ(debit-memo)、貸方メモ(credit-memo)、財務費用(finance-charge)、顧客への請求書(invoice)、顧客オーダ(order-customer)、仕入先オーダ(order-vendor)、その他支払い(payment-other)、督促状(reminder)、手形(tegata)、ベンダからの請求書(voucher)、出荷票(shipment)、受領票(receipt)、手修正(manual-adjustment)、その他(other),TA01-01,$.btx_BusinessTransactions.btx_TransactionHeader.btx_TransactionDetail.btx_OriginatingDocument.taf_DocumentType,taf,Originating Document,originatingDocumentType,/xbrli:xbrl/gl-btx:businessTransactions/gl-btx:transactionHeader/gl-btx:transactionDetail/gl-taf:originatingDocument/gl-taf:originatingDocumentType
234,taf,5,A,PK,Document Number,String,0..1,,Document number,発生元文書番号,発生元文書の番号。,TA01-02,$.btx_BusinessTransactions.btx_TransactionHeader.btx_TransactionDetail.btx_OriginatingDocument.taf_DocumentNumber,taf,Originating Document,originatingDocumentNumber,/xbrli:xbrl/gl-btx:businessTransactions/gl-btx:transactionHeader/gl-btx:transactionDetail/gl-taf:originatingDocument/gl-taf:originatingDocumentNumber
235,taf,5,A,,Document Date,Date,0..1,,Document date,発生元文書日付,発生元文書の日付。,TA01-03,$.btx_BusinessTransactions.btx_TransactionHeader.btx_TransactionDetail.btx_OriginatingDocument.taf_DocumentDate,taf,Originating Document,originatingDocumentDate,/xbrli:xbrl/gl-btx:businessTransactions/gl-btx:transactionHeader/gl-btx:transactionDetail/gl-taf:originatingDocument/gl-taf:originatingDocumentDate
236,taf,5,A,,Document Identifier Type,Token,0..1,,"Document identifier type. Enumerated as: C, customer, E, employee, V, vendor, O, other, I, salesperson-internal, X, salesperson-external, N, contractor.",発生元文書対象CVE種別,発生元文書の対象となるCVEの種別。_x000D_ [設定値のリスト]_x000D_ (C)、(customer：顧客)、(E)、(employee：従業員)、(V)、(vendor：仕入先)、(O)、(other：その他)、(I)、(salesperson-internal：店舗内販売員)、(X)、(salesperson-external：外交販売員)、(N)、(contractor：請負者),TA01-04,$.btx_BusinessTransactions.btx_TransactionHeader.btx_TransactionDetail.btx_OriginatingDocument.taf_DocumentIdentifierType,taf,Originating Document,originatingDocumentIdentifierType,/xbrli:xbrl/gl-btx:businessTransactions/gl-btx:transactionHeader/gl-btx:transactionDetail/gl-taf:originatingDocument/gl-taf:originatingDocumentIdentifierType
237,taf,5,A,,Document Identifier Code,String,0..1,,Document identifier code,発生元文書対象CVEコード,発生元文書の対象となるCVEのコード。,TA01-05,$.btx_BusinessTransactions.btx_TransactionHeader.btx_TransactionDetail.btx_OriginatingDocument.taf_DocumentIdentifierCode,taf,Originating Document,originatingDocumentIdentifierCode,/xbrli:xbrl/gl-btx:businessTransactions/gl-btx:transactionHeader/gl-btx:transactionDetail/gl-taf:originatingDocument/gl-taf:originatingDocumentIdentifierCode
238,taf,5,A,,Document Identifier Tax Code,Token,0..1,,Originating document identifier tax code,発生元文書対象CVE納税者コード,発生元文書の対象となるCVEの納税者コード。,TA01-06,$.btx_BusinessTransactions.btx_TransactionHeader.btx_TransactionDetail.btx_OriginatingDocument.taf_DocumentIdentifierTaxCode,taf,Originating Document,originatingDocumentIdentifierTaxCode,/xbrli:xbrl/gl-btx:businessTransactions/gl-btx:transactionHeader/gl-btx:transactionDetail/gl-taf:originatingDocument/gl-taf:originatingDocumentIdentifierTaxCode
239,btx,4,A,,Detail_ Description,String,0..1,,Description of this line of detail only,説明,この明細行のみに対する説明。,BT14-19,$.btx_BusinessTransactions.btx_TransactionHeader.btx_TransactionDetail.btx_DetailDescription,btx,Transaction_ Detail,detailRitchTextDetailDescription,/xbrli:xbrl/gl-btx:businessTransactions/gl-btx:transactionHeader/gl-btx:transactionDetail/gl-btx:detailRitchTextDetailDescription
240,btx,4,A,,Detail_ Measurable Class Identifier,Token,0..1,,"An enumerated code to identify the inventory, fixed asset or other measurable class. Enumerated as: raw material, work-in-process, finished goods, assemblies, supplies, land, building, machinery, furniture, vehicles, other.",測定可能分類コード,在庫、固定資産、その他の測定可能な分類を識別するための列挙コード。列挙例：原材料、仕掛品、製品、組立品、備品、土地、建物、機械、家具、車両、その他。,BT14-20,$.btx_BusinessTransactions.btx_TransactionHeader.btx_TransactionDetail.btx_DetailMeasurableClassIdentifier,btx,Transaction_ Detail,detailMeasurableClassIdentifier,/xbrli:xbrl/gl-btx:businessTransactions/gl-btx:transactionHeader/gl-btx:transactionDetail/gl-btx:detailMeasurableClassIdentifier
241,muc,4,C,,Detail_ Multicurrency,,0..*,,Class to provide additional information related to home currencies that differ from original currencies and related exchange rates - typically this will be used to record exchange rates and amounts in currencies and/or on dates other than those of the original transaction. This class allows recording of exchange rates using a third currency as a triangulation currency. This is often EUR but is not restricted to being so. This class may be repeated as many times as necessary to record amounts in foreign currencies on the same or different dates.,【多通貨明細】,"原取引時の通貨と異なる、自国通貨と換算レートに関する追加情報のセクション。－現在および原取引時の、換算レートおよび金額の記録に使用される。_x000D_
トライアンギュレーション通貨としての第三通貨の換算レートを記録できる。EURの場合が多いがそれに限らない。この構造は、同日または異なる日の外貨での金額を記録する必要がある限り、繰り返し指定可能。",BT14-21,$.btx_BusinessTransactions.btx_TransactionHeader.btx_TransactionDetail.btx_DetailMulticurrency,muc,Detail_ Multicurrency,detailMulticurrency,/xbrli:xbrl/gl-btx:businessTransactions/gl-btx:transactionHeader/gl-btx:transactionDetail/gl-muc:detailMulticurrency
242,muc,5,A,,Multicurrency Exchange Rate Date,Date Time,0..1,,Date of exchange rate (other than original transaction date) on which amount is expressed as amountRestatedAmount or amountTriangulationAmount,換算レート日付,（原取引の日付ではなく）、amountRestatedAmountまたはamountTriangulationAmountが示された換算レートの日付。,MU01-01,$.btx_BusinessTransactions.btx_TransactionHeader.btx_TransactionDetail.btx_DetailMulticurrency.muc_MulticurrencyExchangeRateDate,muc,Detail_ Multicurrency,multicurrencyExchangeRateDate,/xbrli:xbrl/gl-btx:businessTransactions/gl-btx:transactionHeader/gl-btx:transactionDetail/gl-muc:detailMulticurrency/gl-muc:multicurrencyExchangeRateDate
243,muc,5,A,,Multicurrency Foreign Currency Amount,Monetary,0..1,,The amount in the foreign currency identified by amountRestatedCurrency as of multicurrencyDetailExchangeRateDate.,換算額,amountRestatedCurrencyで指定された外貨での、multicurrencyDetailExchangeRateDate時点の、換算額。,MU01-02,$.btx_BusinessTransactions.btx_TransactionHeader.btx_TransactionDetail.btx_DetailMulticurrency.muc_MulticurrencyForeignCurrencyAmount,muc,Detail_ Multicurrency,multicurrencyForeignCurrencyAmount,/xbrli:xbrl/gl-btx:businessTransactions/gl-btx:transactionHeader/gl-btx:transactionDetail/gl-muc:detailMulticurrency/gl-muc:multicurrencyForeignCurrencyAmount
244,muc,5,A,,Multicurrency Foreign Currency,QName,0..1,,The currency in which amountRestatedAmount is expressed. Recommended ISO 4217 coding.,換算通貨,amountRestatedAmountで使用される通貨。ISO4217コードを推奨。,MU01-03,$.btx_BusinessTransactions.btx_TransactionHeader.btx_TransactionDetail.btx_DetailMulticurrency.muc_MulticurrencyForeignCurrency,muc,Detail_ Multicurrency,multicurrencyForeignCurrency,/xbrli:xbrl/gl-btx:businessTransactions/gl-btx:transactionHeader/gl-btx:transactionDetail/gl-muc:detailMulticurrency/gl-muc:multicurrencyForeignCurrency
245,muc,5,A,,Multicurrency Exchange Rate,Pure,0..1,,Exchange rate used to convert amountRestatedAmount as of multicurrencyDetailExchangeRateDate (expressed as national currency divided by foreign currency),換算レート,amountRestatedAmountの算出に用いられた、multicurrencyDetailExchangeRateDate時点の換算レート。（自国通貨を外貨通貨で割った値）,MU01-04,$.btx_BusinessTransactions.btx_TransactionHeader.btx_TransactionDetail.btx_DetailMulticurrency.muc_MulticurrencyExchangeRate,muc,Detail_ Multicurrency,multicurrencyExchangeRate,/xbrli:xbrl/gl-btx:businessTransactions/gl-btx:transactionHeader/gl-btx:transactionDetail/gl-muc:detailMulticurrency/gl-muc:multicurrencyExchangeRate
246,muc,5,A,,Multicurrency Exchange Rate Source,String,0..1,,"Source of Exchange Rate for restated amount - for example, Reuters, Bloomberg",換算レート情報源,"外貨換算額の換算レートの情報源。たとえば、Reuters, Bloomberg。",MU01-05,$.btx_BusinessTransactions.btx_TransactionHeader.btx_TransactionDetail.btx_DetailMulticurrency.muc_MulticurrencyExchangeRateSource,muc,Detail_ Multicurrency,multicurrencyExchangeRateSource,/xbrli:xbrl/gl-btx:businessTransactions/gl-btx:transactionHeader/gl-btx:transactionDetail/gl-muc:detailMulticurrency/gl-muc:multicurrencyExchangeRateSource
247,muc,5,A,,Multicurrency Exchange Rate Type,String,0..1,,"Type of Exchange Rate for restated amount - for example, spot rate, forward contract etc.",換算レート種別,外貨換算額の換算レートの種別。たとえば、スポット・レート、先物など。,MU01-06,$.btx_BusinessTransactions.btx_TransactionHeader.btx_TransactionDetail.btx_DetailMulticurrency.muc_MulticurrencyExchangeRateType,muc,Detail_ Multicurrency,multicurrencyExchangeRateType,/xbrli:xbrl/gl-btx:businessTransactions/gl-btx:transactionHeader/gl-btx:transactionDetail/gl-muc:detailMulticurrency/gl-muc:multicurrencyExchangeRateType
248,muc,5,A,,Multicurrency Triangulation Currency Amount,Monetary,0..1,,The amount in the triangulation currency identified by amountTriangulationCurrency as of multicurrencyDetailExchangeRateDate.,トライアンギュレーション通貨換算額,amountTriangulationCurrencyで指定されたトライアンギュレーション通貨での、multicurrencyDetailExchangeRateDate時点の換算額。,MU01-07,$.btx_BusinessTransactions.btx_TransactionHeader.btx_TransactionDetail.btx_DetailMulticurrency.muc_MulticurrencyTriangulationCurrencyAmount,muc,Detail_ Multicurrency,multicurrencyTriangulationCurrencyAmount,/xbrli:xbrl/gl-btx:businessTransactions/gl-btx:transactionHeader/gl-btx:transactionDetail/gl-muc:detailMulticurrency/gl-muc:multicurrencyTriangulationCurrencyAmount
249,muc,5,A,,Multicurrency Triangulation Currency,QName,0..1,,The currency used for tringulation between amountRestatedCurrency and the home currency. Recommended ISO 4217 coding.,トライアンギュレーション通貨,amountRestatedCurrencyと自国通貨間のトライアンギュレーション取引で使用される通貨。ISO4217コードを推奨。,MU01-08,$.btx_BusinessTransactions.btx_TransactionHeader.btx_TransactionDetail.btx_DetailMulticurrency.muc_MulticurrencyTriangulationCurrency,muc,Detail_ Multicurrency,multicurrencyTriangulationCurrency,/xbrli:xbrl/gl-btx:businessTransactions/gl-btx:transactionHeader/gl-btx:transactionDetail/gl-muc:detailMulticurrency/gl-muc:multicurrencyTriangulationCurrency
250,muc,5,A,,Multicurrency Triangulation Exchange Rate,Pure,0..1,,Exchange rate used to convert amountTriangulationAmount as of multicurrencyDetailExchangeRateDate (expressed as national currency divided by triangulation currency),トライアンギュレーション通貨換算レート,amountTriangulationAmountの算出に用いられた、multicurrencyDetailExchangeRateDate時点の換算レート。（自国通貨をトライアンギュレーション通貨で割った値）,MU01-09,$.btx_BusinessTransactions.btx_TransactionHeader.btx_TransactionDetail.btx_DetailMulticurrency.muc_MulticurrencyTriangulationExchangeRate,muc,Detail_ Multicurrency,multicurrencyTriangulationExchangeRate,/xbrli:xbrl/gl-btx:businessTransactions/gl-btx:transactionHeader/gl-btx:transactionDetail/gl-muc:detailMulticurrency/gl-muc:multicurrencyTriangulationExchangeRate
251,muc,5,A,,Multicurrency Triangulation Exchange Rate Source,String,0..1,,"Source of Exchange Rate for triangulation amount - for example, Reuters, Bloomberg",トライアンギュレーション通貨換算レート情報源,"トライアンギュレーション通貨換算額の換算レートの情報源。たとえば、Reuters, Bloomberg。",MU01-10,$.btx_BusinessTransactions.btx_TransactionHeader.btx_TransactionDetail.btx_DetailMulticurrency.muc_MulticurrencyTriangulationExchangeRateSource,muc,Detail_ Multicurrency,multicurrencyTriangulationExchangeRateSource,/xbrli:xbrl/gl-btx:businessTransactions/gl-btx:transactionHeader/gl-btx:transactionDetail/gl-muc:detailMulticurrency/gl-muc:multicurrencyTriangulationExchangeRateSource
252,muc,5,A,,Multicurrency Triangulation Exchange Rate Type,String,0..1,,"Type of Exchange Rate for triangulation amount - for example, spot rate, forward contract etc.",トライアンギュレーション通貨換算レート種別,トライアンギュレーション通貨換算額の換算レートの種別。たとえば、スポット・レート、先物など。,MU01-11,$.btx_BusinessTransactions.btx_TransactionHeader.btx_TransactionDetail.btx_DetailMulticurrency.muc_MulticurrencyTriangulationExchangeRateType,muc,Detail_ Multicurrency,multicurrencyTriangulationExchangeRateType,/xbrli:xbrl/gl-btx:businessTransactions/gl-btx:transactionHeader/gl-btx:transactionDetail/gl-muc:detailMulticurrency/gl-muc:multicurrencyTriangulationExchangeRateType
253,muc,5,A,,Multicurrency Cross Triangulation Exchange Rate,Pure,0..1,,Exchange rate used to convert from amountRestatedAmount to amountTriangulationAmount as of multicurrencyDetailExchangeRateDate (expressed as foreign currency divided by triangulation currency),換算通貨トライアンギュレーション通貨換算レート,amountRestatedAmountからamountTriangulationAmountへの、multicurrencyDetailExchangeRateDate時点の換算レート。（外貨通貨をトライアンギュレーション通貨で割った値）,MU01-12,$.btx_BusinessTransactions.btx_TransactionHeader.btx_TransactionDetail.btx_DetailMulticurrency.muc_MulticurrencyCrossTriangulationExchangeRate,muc,Detail_ Multicurrency,multicurrencyCrossTriangulationExchangeRate,/xbrli:xbrl/gl-btx:businessTransactions/gl-btx:transactionHeader/gl-btx:transactionDetail/gl-muc:detailMulticurrency/gl-muc:multicurrencyCrossTriangulationExchangeRate
254,muc,5,A,,Multicurrency Cross Triangulation Exchange Rate Source,String,0..1,,"Source of Exchange Rate for converting between foreign currency and triangulation currency - for example, Reuters, Bloomberg",換算通貨トライアンギュレーション通貨換算レート情報源,"外貨通貨とトライアンギュレーション通貨の間の換算レートの情報源。たとえば、Reuters, Bloomberg。",MU01-13,$.btx_BusinessTransactions.btx_TransactionHeader.btx_TransactionDetail.btx_DetailMulticurrency.muc_MulticurrencyCrossTriangulationExchangeRateSource,muc,Detail_ Multicurrency,multicurrencyCrossTriangulationExchangeRateSource,/xbrli:xbrl/gl-btx:businessTransactions/gl-btx:transactionHeader/gl-btx:transactionDetail/gl-muc:detailMulticurrency/gl-muc:multicurrencyCrossTriangulationExchangeRateSource
255,muc,5,A,,Multicurrency Cross Triangulation Exchange Rate Type,String,0..1,,"Type of Exchange Rate for converting between foreign currency and triangulation currency - for example, spot rate, forward contract etc.",換算通貨トライアンギュレーション通貨換算レート種別,外貨通貨とトライアンギュレーション通貨の間の換算レートの種別。たとえば、スポット・レート、先物など。,MU01-14,$.btx_BusinessTransactions.btx_TransactionHeader.btx_TransactionDetail.btx_DetailMulticurrency.muc_MulticurrencyCrossTriangulationExchangeRateType,muc,Detail_ Multicurrency,multicurrencyCrossTriangulationExchangeRateType,/xbrli:xbrl/gl-btx:businessTransactions/gl-btx:transactionHeader/gl-btx:transactionDetail/gl-muc:detailMulticurrency/gl-muc:multicurrencyCrossTriangulationExchangeRateType
256,muc,5,A,,Multicurrency Comment,String,0..1,,Comment describing the enclosing multicurrencyDetail class's contents. May include reason for recording additional exchange rates other than that used at the time of the original transaction.,多通貨明細コメント,multicurrencyDetailの内容のコメント。原取引時以外の、追加の換算レートを記録する理由などを記述。,MU01-15,$.btx_BusinessTransactions.btx_TransactionHeader.btx_TransactionDetail.btx_DetailMulticurrency.muc_MulticurrencyComment,muc,Detail_ Multicurrency,multicurrencyComment,/xbrli:xbrl/gl-btx:businessTransactions/gl-btx:transactionHeader/gl-btx:transactionDetail/gl-muc:detailMulticurrency/gl-muc:multicurrencyComment
257,btx,4,C,,Detail_ Identifier Reference,,0..*,,"Identification for customer, vendor, or employee.",【CVE情報】,顧客、仕入先、従業員のための識別子。,BT14-22,$.btx_BusinessTransactions.btx_TransactionHeader.btx_TransactionDetail.btx_DetailIdentifierReference,btx,Detail_ Identifier Reference,detailIdentifierReference,/xbrli:xbrl/gl-btx:businessTransactions/gl-btx:transactionHeader/gl-btx:transactionDetail/gl-btx:detailIdentifierReference
258,btx,5,A,PK,Identifier Code,String,0..1,,Unique ID Number associated with identifierReference,CVE識別番号（内部）,identifierReferenceに関係付けられた、内部ID番号。,BT06-01,$.btx_BusinessTransactions.btx_TransactionHeader.btx_TransactionDetail.btx_DetailIdentifierReference.btx_IdentifierCode,btx,Detail_ Identifier Reference,identifierCode,/xbrli:xbrl/gl-btx:businessTransactions/gl-btx:transactionHeader/gl-btx:transactionDetail/gl-btx:detailIdentifierReference/gl-btx:identifierCode
259,btx,5,A,,Identifier Purpose,String,0..1,,"Freeform for codes like purchasing, billing, manufacturing at identifier level.",CVE目的,購買、請求、製造などの、CVE識別子のレベルのコードの自由記述。,BT06-02,$.btx_BusinessTransactions.btx_TransactionHeader.btx_TransactionDetail.btx_DetailIdentifierReference.btx_IdentifierPurpose,btx,Detail_ Identifier Reference,identifierPurpose,/xbrli:xbrl/gl-btx:businessTransactions/gl-btx:transactionHeader/gl-btx:transactionDetail/gl-btx:detailIdentifierReference/gl-btx:identifierPurpose
260,btx,5,A,,Identifier Active,Boolean,0..1,,"Boolean to indicate whether the identifier is active (=""true"") or inactive (=""false"")",CVE有効性,CVE識別子が有効か無効かを示すブール値。,BT06-03,$.btx_BusinessTransactions.btx_TransactionHeader.btx_TransactionDetail.btx_DetailIdentifierReference.btx_IdentifierActive,btx,Detail_ Identifier Reference,identifierActive,/xbrli:xbrl/gl-btx:businessTransactions/gl-btx:transactionHeader/gl-btx:transactionDetail/gl-btx:detailIdentifierReference/gl-btx:identifierActive
261,btx,5,A,,Identifier Organization Type,Token,0..1,,"Identifier Organization Type. Enumerated as: individual, organization, other.",CVE組織種別,"CVE識別子の組織種別。_x000D_
[設定値のリスト]_x000D_
(individual：個人)、(organization：組織)、(other：その他)",BT06-04,$.btx_BusinessTransactions.btx_TransactionHeader.btx_TransactionDetail.btx_DetailIdentifierReference.btx_IdentifierOrganizationType,btx,Detail_ Identifier Reference,identifierOrganizationType,/xbrli:xbrl/gl-btx:businessTransactions/gl-btx:transactionHeader/gl-btx:transactionDetail/gl-btx:detailIdentifierReference/gl-btx:identifierOrganizationType
262,btx,5,A,,Identifier Organization Type Description,String,0..1,,Free format description of the identifier organization type,CVE組織種別説明,CVE識別子の組織種別の説明。,BT06-05,$.btx_BusinessTransactions.btx_TransactionHeader.btx_TransactionDetail.btx_DetailIdentifierReference.btx_IdentifierOrganizationTypeDescription,btx,Detail_ Identifier Reference,identifierOrganizationTypeDescription,/xbrli:xbrl/gl-btx:businessTransactions/gl-btx:transactionHeader/gl-btx:transactionDetail/gl-btx:detailIdentifierReference/gl-btx:identifierOrganizationTypeDescription
263,btx,5,A,,Identifier Description,String,0..1,,Textual description of identifierReference.,CVE説明,identifierReferenceの説明。,BT06-06,$.btx_BusinessTransactions.btx_TransactionHeader.btx_TransactionDetail.btx_DetailIdentifierReference.btx_IdentifierDescription,btx,Detail_ Identifier Reference,identifierDescription,/xbrli:xbrl/gl-btx:businessTransactions/gl-btx:transactionHeader/gl-btx:transactionDetail/gl-btx:detailIdentifierReference/gl-btx:identifierDescription
264,btx,5,A,,Identifier Type,Token,0..1,,"Entity type (enumerated): C, customer, E, employee, V, vendor, O, other, I, salesperson-internal, X, salesperson-external, N, contractor.",CVE種別,実体の種別。_x000D_ [設定値のリスト]_x000D_ (C)、(customer：顧客)、(E)、(employee：従業員)、(V)、(vendor：仕入先)、(O)、(other：その他)、(I)、(salesperson-internal：店舗内販売員)、(X)、(salesperson-external：外交販売員)、(N)、(contractor：請負者),BT06-07,$.btx_BusinessTransactions.btx_TransactionHeader.btx_TransactionDetail.btx_DetailIdentifierReference.btx_IdentifierType,btx,Detail_ Identifier Reference,identifierType,/xbrli:xbrl/gl-btx:businessTransactions/gl-btx:transactionHeader/gl-btx:transactionDetail/gl-btx:detailIdentifierReference/gl-btx:identifierType
265,btx,5,A,,Identifier Category,String,0..1,,"For use as Customer, Vendor or Employee Class (such as Residential/Commercial/Institutional/Government or Retail/Wholesale or other classifications used by business).",CVEカテゴリ,顧客、仕入先、従業員の分類に使用する。　（住居/商業/機関/政府や、小売/卸や、ビジネスで使用されるその他の分類）。,BT06-08,$.btx_BusinessTransactions.btx_TransactionHeader.btx_TransactionDetail.btx_DetailIdentifierReference.btx_IdentifierCategory,btx,Detail_ Identifier Reference,identifierCategory,/xbrli:xbrl/gl-btx:businessTransactions/gl-btx:transactionHeader/gl-btx:transactionDetail/gl-btx:detailIdentifierReference/gl-btx:identifierCategory
266,cor,5,C,,Identifier_ Phone,,0..*,,Phone number related to Identifier.,【電話番号】,CVE識別子の電話番号。,BT06-09,$.btx_BusinessTransactions.btx_TransactionHeader.btx_TransactionDetail.btx_DetailIdentifierReference.btx_IdentifierPhone,cor,Identifier_ Phone,identifierPhone,/xbrli:xbrl/gl-btx:businessTransactions/gl-btx:transactionHeader/gl-btx:transactionDetail/gl-btx:detailIdentifierReference/gl-cor:identifierPhone
267,cor,6,A,PK,Phone Number,String,0..1,,Phone number referred to in Phone Number Description'\.,電話番号,電話番号用途で示される電話番号。,CO01-01,$.btx_BusinessTransactions.btx_TransactionHeader.btx_TransactionDetail.btx_DetailIdentifierReference.btx_IdentifierPhone.cor_PhoneNumber,cor,Identifier_ Phone,identifierPhoneNumber,/xbrli:xbrl/gl-btx:businessTransactions/gl-btx:transactionHeader/gl-btx:transactionDetail/gl-btx:detailIdentifierReference/gl-cor:identifierPhone/gl-cor:identifierPhoneNumber
268,cor,6,A,,Phone Number Description,String,0..1,,"Entity Phone Number Description such as Main, Investor relations. Enumerated as: bookkeeper, controller, direct, fax, investor-relations, main, switchboard, other.",電話番号用途,"代表、IR用などの、電話番号の用途。
[設定値のリスト]
(bookkeeper：記帳係)、(controller：会計責任者)、(direct：直通)、(fax：FAX)、(investor-relations：IR窓口)、(main：代表)、(switchboard：交換台)、(other：その他)",CO01-02,$.btx_BusinessTransactions.btx_TransactionHeader.btx_TransactionDetail.btx_DetailIdentifierReference.btx_IdentifierPhone.cor_PhoneNumberDescription,cor,Identifier_ Phone,identifierPhoneNumberDescription,/xbrli:xbrl/gl-btx:businessTransactions/gl-btx:transactionHeader/gl-btx:transactionDetail/gl-btx:detailIdentifierReference/gl-cor:identifierPhone/gl-cor:identifierPhoneNumberDescription
269,cor,5,C,,Identifier_ Fax,,0..*,,Fax number class related to identifier.,【FAX番号】,CVE識別子のFAX番号の構造体。,BT06-10,$.btx_BusinessTransactions.btx_TransactionHeader.btx_TransactionDetail.btx_DetailIdentifierReference.btx_IdentifierFax,cor,Identifier_ Fax,identifierFax,/xbrli:xbrl/gl-btx:businessTransactions/gl-btx:transactionHeader/gl-btx:transactionDetail/gl-btx:detailIdentifierReference/gl-cor:identifierFax
270,cor,6,A,PK,Fax Number,String,0..1,,Fax Number,FAX番号,FAX番号。,CO03-01,$.btx_BusinessTransactions.btx_TransactionHeader.btx_TransactionDetail.btx_DetailIdentifierReference.btx_IdentifierFax.cor_FaxNumber,cor,Identifier_ Fax,identifierFaxNumber,/xbrli:xbrl/gl-btx:businessTransactions/gl-btx:transactionHeader/gl-btx:transactionDetail/gl-btx:detailIdentifierReference/gl-cor:identifierFax/gl-cor:identifierFaxNumber
271,cor,6,A,,Fax Number Usage,String,0..1,,"Fax number usage (e.g. orders, head office, IR)",FAX番号用途,FAX番号の用途。(注文、本社、IRなど),CO03-02,$.btx_BusinessTransactions.btx_TransactionHeader.btx_TransactionDetail.btx_DetailIdentifierReference.btx_IdentifierFax.cor_FaxNumberUsage,cor,Identifier_ Fax,identifierFaxNumberUsage,/xbrli:xbrl/gl-btx:businessTransactions/gl-btx:transactionHeader/gl-btx:transactionDetail/gl-btx:detailIdentifierReference/gl-cor:identifierFax/gl-cor:identifierFaxNumberUsage
272,cor,5,C,,Identifier_ Email,,0..*,,Email address for Identifier.,【CVEEメールアドレス】,CVE識別子のEメールアドレス。,BT06-11,$.btx_BusinessTransactions.btx_TransactionHeader.btx_TransactionDetail.btx_DetailIdentifierReference.btx_IdentifierEmail,cor,Identifier_ Email,identifierEmail,/xbrli:xbrl/gl-btx:businessTransactions/gl-btx:transactionHeader/gl-btx:transactionDetail/gl-btx:detailIdentifierReference/gl-cor:identifierEmail
273,cor,6,A,PK,Email Address,String,0..1,,Email Address,Eメールアドレス,Eメールアドレス。,CO05-01,$.btx_BusinessTransactions.btx_TransactionHeader.btx_TransactionDetail.btx_DetailIdentifierReference.btx_IdentifierEmail.cor_EmailAddress,cor,Identifier_ Email,identifierEmailAddress,/xbrli:xbrl/gl-btx:businessTransactions/gl-btx:transactionHeader/gl-btx:transactionDetail/gl-btx:detailIdentifierReference/gl-cor:identifierEmail/gl-cor:identifierEmailAddress
274,cor,6,A,,Email Address Usage,String,0..1,,"Email address usage (e.g. orders, head office, IR)",Eメールアドレス用途,Eメールアドレスの用途。(注文、本社、IRなど),CO05-02,$.btx_BusinessTransactions.btx_TransactionHeader.btx_TransactionDetail.btx_DetailIdentifierReference.btx_IdentifierEmail.cor_EmailAddressUsage,cor,Identifier_ Email,identifierEmailAddressUsage,/xbrli:xbrl/gl-btx:businessTransactions/gl-btx:transactionHeader/gl-btx:transactionDetail/gl-btx:detailIdentifierReference/gl-cor:identifierEmail/gl-cor:identifierEmailAddressUsage
275,cor,5,C,,Identifier_ Address,,0..*,,"Address (block) of customer, vendor, employee for integration purposes, VAT.",【CVE住所】,統合目的やVATのための、顧客、仕入先、従業員の住所(ブロック)。,BT06-12,$.btx_BusinessTransactions.btx_TransactionHeader.btx_TransactionDetail.btx_DetailIdentifierReference.btx_IdentifierAddress,cor,Identifier_ Address,identifierAddress,/xbrli:xbrl/gl-btx:businessTransactions/gl-btx:transactionHeader/gl-btx:transactionDetail/gl-btx:detailIdentifierReference/gl-cor:identifierAddress
276,cor,6,A,,Description,String,0..1,,Address Description,住所説明,住所の説明。,CO08-01,$.btx_BusinessTransactions.btx_TransactionHeader.btx_TransactionDetail.btx_DetailIdentifierReference.btx_IdentifierAddress.cor_Description,cor,Identifier_ Address,identifierAddressDescription,/xbrli:xbrl/gl-btx:businessTransactions/gl-btx:transactionHeader/gl-btx:transactionDetail/gl-btx:detailIdentifierReference/gl-cor:identifierAddress/gl-cor:identifierAddressDescription
277,cor,6,A,,Purpose,String,0..1,,Address Purpose,住所目的,住所の目的。,CO08-02,$.btx_BusinessTransactions.btx_TransactionHeader.btx_TransactionDetail.btx_DetailIdentifierReference.btx_IdentifierAddress.cor_Purpose,cor,Identifier_ Address,identifierAddressPurpose,/xbrli:xbrl/gl-btx:businessTransactions/gl-btx:transactionHeader/gl-btx:transactionDetail/gl-btx:detailIdentifierReference/gl-cor:identifierAddress/gl-cor:identifierAddressPurpose
278,cor,6,A,,Location ID,String,0..1,,A code used to identify the location and to associate it with contacts and transactions,所在地識別子,所在地を識別したり、窓口や取引と関係付けるコード。,CO08-03,$.btx_BusinessTransactions.btx_TransactionHeader.btx_TransactionDetail.btx_DetailIdentifierReference.btx_IdentifierAddress.cor_LocationID,cor,Identifier_ Address,identifierAddressLocationId,/xbrli:xbrl/gl-btx:businessTransactions/gl-btx:transactionHeader/gl-btx:transactionDetail/gl-btx:detailIdentifierReference/gl-cor:identifierAddress/gl-cor:identifierAddressLocationId
279,cor,6,A,,Building Number,String,0..1,,Building Number,住所建物番号,建物番号。,CO08-04,$.btx_BusinessTransactions.btx_TransactionHeader.btx_TransactionDetail.btx_DetailIdentifierReference.btx_IdentifierAddress.cor_BuildingNumber,cor,Identifier_ Address,identifierAddressBuildingNumber,/xbrli:xbrl/gl-btx:businessTransactions/gl-btx:transactionHeader/gl-btx:transactionDetail/gl-btx:detailIdentifierReference/gl-cor:identifierAddress/gl-cor:identifierAddressBuildingNumber
280,cor,6,A,,Street,String,0..1,,Street address,住所通り,住所の通り。,CO08-05,$.btx_BusinessTransactions.btx_TransactionHeader.btx_TransactionDetail.btx_DetailIdentifierReference.btx_IdentifierAddress.cor_Street,cor,Identifier_ Address,identifierAddressStreet,/xbrli:xbrl/gl-btx:businessTransactions/gl-btx:transactionHeader/gl-btx:transactionDetail/gl-btx:detailIdentifierReference/gl-cor:identifierAddress/gl-cor:identifierAddressStreet
281,cor,6,A,,Address Detail,String,0..1,,Address Detail,住所詳細,住所詳細。,CO08-06,$.btx_BusinessTransactions.btx_TransactionHeader.btx_TransactionDetail.btx_DetailIdentifierReference.btx_IdentifierAddress.cor_AddressDetail,cor,Identifier_ Address,identifierAddressDetail,/xbrli:xbrl/gl-btx:businessTransactions/gl-btx:transactionHeader/gl-btx:transactionDetail/gl-btx:detailIdentifierReference/gl-cor:identifierAddress/gl-cor:identifierAddressDetail
282,cor,6,A,,City,String,0..1,,City,住所都市,住所の都市。,CO08-07,$.btx_BusinessTransactions.btx_TransactionHeader.btx_TransactionDetail.btx_DetailIdentifierReference.btx_IdentifierAddress.cor_City,cor,Identifier_ Address,identifierAddressCity,/xbrli:xbrl/gl-btx:businessTransactions/gl-btx:transactionHeader/gl-btx:transactionDetail/gl-btx:detailIdentifierReference/gl-cor:identifierAddress/gl-cor:identifierAddressCity
283,cor,6,A,,State or Province,String,0..1,,"State, province or region",住所州,住所の州や地方。,CO08-08,$.btx_BusinessTransactions.btx_TransactionHeader.btx_TransactionDetail.btx_DetailIdentifierReference.btx_IdentifierAddress.cor_StateorProvince,cor,Identifier_ Address,identifierAddressStateOrProvince,/xbrli:xbrl/gl-btx:businessTransactions/gl-btx:transactionHeader/gl-btx:transactionDetail/gl-btx:detailIdentifierReference/gl-cor:identifierAddress/gl-cor:identifierAddressStateOrProvince
284,cor,6,A,,Country,String,0..1,,Country,住所国,住所の国。,CO08-09,$.btx_BusinessTransactions.btx_TransactionHeader.btx_TransactionDetail.btx_DetailIdentifierReference.btx_IdentifierAddress.cor_Country,cor,Identifier_ Address,identifierAddressCountry,/xbrli:xbrl/gl-btx:businessTransactions/gl-btx:transactionHeader/gl-btx:transactionDetail/gl-btx:detailIdentifierReference/gl-cor:identifierAddress/gl-cor:identifierAddressCountry
285,cor,6,A,,Zip or Postal Code,String,0..1,,Zip or other postal code,住所郵便番号,住所の郵便番号。,CO08-10,$.btx_BusinessTransactions.btx_TransactionHeader.btx_TransactionDetail.btx_DetailIdentifierReference.btx_IdentifierAddress.cor_ZiporPostalCode,cor,Identifier_ Address,identifierAddressZipOrPostalCode,/xbrli:xbrl/gl-btx:businessTransactions/gl-btx:transactionHeader/gl-btx:transactionDetail/gl-btx:detailIdentifierReference/gl-cor:identifierAddress/gl-cor:identifierAddressZipOrPostalCode
286,cor,5,C,,Identifier_ Contact,,0..*,,Identifier Contact Information Class,【CVE担当者情報】,CVE識別子の担当者情報の構造体。,BT06-13,$.btx_BusinessTransactions.btx_TransactionHeader.btx_TransactionDetail.btx_DetailIdentifierReference.btx_IdentifierContact,cor,Identifier_ Contact,identifierContact,/xbrli:xbrl/gl-btx:businessTransactions/gl-btx:transactionHeader/gl-btx:transactionDetail/gl-btx:detailIdentifierReference/gl-cor:identifierContact
287,cor,6,A,,Contact Prefix,String,0..1,,"Prefix (e.g. Dr., Mr., Mrs.)",敬称,敬称(Dr.、Mr.、Mrs.など),CO11-01,$.btx_BusinessTransactions.btx_TransactionHeader.btx_TransactionDetail.btx_DetailIdentifierReference.btx_IdentifierContact.cor_ContactPrefix,cor,Identifier_ Contact,identifierContactPrefix,/xbrli:xbrl/gl-btx:businessTransactions/gl-btx:transactionHeader/gl-btx:transactionDetail/gl-btx:detailIdentifierReference/gl-cor:identifierContact/gl-cor:identifierContactPrefix
288,cor,6,A,,Contact Last Name,String,0..1,,Last or family name,姓,姓,CO11-02,$.btx_BusinessTransactions.btx_TransactionHeader.btx_TransactionDetail.btx_DetailIdentifierReference.btx_IdentifierContact.cor_ContactLastName,cor,Identifier_ Contact,identifierContactLastName,/xbrli:xbrl/gl-btx:businessTransactions/gl-btx:transactionHeader/gl-btx:transactionDetail/gl-btx:detailIdentifierReference/gl-cor:identifierContact/gl-cor:identifierContactLastName
289,cor,6,A,,Contact First Name,String,0..1,,First or given name,名,名、クリスチャンネーム,CO11-03,$.btx_BusinessTransactions.btx_TransactionHeader.btx_TransactionDetail.btx_DetailIdentifierReference.btx_IdentifierContact.cor_ContactFirstName,cor,Identifier_ Contact,identifierContactFirstName,/xbrli:xbrl/gl-btx:businessTransactions/gl-btx:transactionHeader/gl-btx:transactionDetail/gl-btx:detailIdentifierReference/gl-cor:identifierContact/gl-cor:identifierContactFirstName
290,cor,6,A,,Contact Suffix,String,0..1,,"Suffix (e.g. MD, CPA, Jr.)",付加名称,付加名称(MD、CPA、Jr.など),CO11-04,$.btx_BusinessTransactions.btx_TransactionHeader.btx_TransactionDetail.btx_DetailIdentifierReference.btx_IdentifierContact.cor_ContactSuffix,cor,Identifier_ Contact,identifierContactSuffix,/xbrli:xbrl/gl-btx:businessTransactions/gl-btx:transactionHeader/gl-btx:transactionDetail/gl-btx:detailIdentifierReference/gl-cor:identifierContact/gl-cor:identifierContactSuffix
291,cor,6,A,,Contact Attention Line,String,0..1,,Attention Line,アテンションライン,アテンションライン,CO11-05,$.btx_BusinessTransactions.btx_TransactionHeader.btx_TransactionDetail.btx_DetailIdentifierReference.btx_IdentifierContact.cor_ContactAttentionLine,cor,Identifier_ Contact,identifierContactAttentionLine,/xbrli:xbrl/gl-btx:businessTransactions/gl-btx:transactionHeader/gl-btx:transactionDetail/gl-btx:detailIdentifierReference/gl-cor:identifierContact/gl-cor:identifierContactAttentionLine
292,cor,6,A,,Contact Position Role,String,0..1,,Position or role,地位/役職,地位や役職。,CO11-06,$.btx_BusinessTransactions.btx_TransactionHeader.btx_TransactionDetail.btx_DetailIdentifierReference.btx_IdentifierContact.cor_ContactPositionRole,cor,Identifier_ Contact,identifierContactPositionRole,/xbrli:xbrl/gl-btx:businessTransactions/gl-btx:transactionHeader/gl-btx:transactionDetail/gl-btx:detailIdentifierReference/gl-cor:identifierContact/gl-cor:identifierContactPositionRole
293,cor,6,A,,Contact Contact Type,String,0..1,,"Role of contact. Examples include: Source Service, Sender, Recipient, Invoicer, Auditor, Accountant",担当者役割,担当者の役割。例：ソースサービス、送付元、受取人、請求先、監査人、会計事務所。,CO11-07,$.btx_BusinessTransactions.btx_TransactionHeader.btx_TransactionDetail.btx_DetailIdentifierReference.btx_IdentifierContact.cor_ContactContactType,cor,Identifier_ Contact,identifierContactContactType,/xbrli:xbrl/gl-btx:businessTransactions/gl-btx:transactionHeader/gl-btx:transactionDetail/gl-btx:detailIdentifierReference/gl-cor:identifierContact/gl-cor:identifierContactContactType
294,cor,6,A,,Contact Location ID cross reference,String,0..1,,This code is used to associate the contact with a specific location for the Entity. Its value should be the same as that of the organizationAddressLocationIdentifier,所在地相互参照情報,担当者と事業体の位置情報を関係付けるためのコード。organizationAddressLocationIdentifierと同じ値であるべき。,CO11-08,$.btx_BusinessTransactions.btx_TransactionHeader.btx_TransactionDetail.btx_DetailIdentifierReference.btx_IdentifierContact.cor_ContactLocationIDcrossreference,cor,Identifier_ Contact,identifierContactLocationIdCrossReference,/xbrli:xbrl/gl-btx:businessTransactions/gl-btx:transactionHeader/gl-btx:transactionDetail/gl-btx:detailIdentifierReference/gl-cor:identifierContact/gl-cor:identifierContactLocationIdCrossReference
295,cor,6,A,,Contact Active,Boolean,0..1,,"Boolean to indicate whether the contact is active (=""true"") or inactive (=""false"")",担当者有効性,担当者が有効か無効かを示すブール値。,CO11-09,$.btx_BusinessTransactions.btx_TransactionHeader.btx_TransactionDetail.btx_DetailIdentifierReference.btx_IdentifierContact.cor_ContactActive,cor,Identifier_ Contact,identifierContactActive,/xbrli:xbrl/gl-btx:businessTransactions/gl-btx:transactionHeader/gl-btx:transactionDetail/gl-btx:detailIdentifierReference/gl-cor:identifierContact/gl-cor:identifierContactActive
296,bus,6,C,,Contact_ Phone,,0..*,,Contact Phone Number,【担当者電話番号】,担当者の電話番号。,CO11-10,$.btx_BusinessTransactions.btx_TransactionHeader.btx_TransactionDetail.btx_DetailIdentifierReference.btx_IdentifierContact.cor_ContactPhone,bus,Contact_ Phone,contactPhone,/xbrli:xbrl/gl-btx:businessTransactions/gl-btx:transactionHeader/gl-btx:transactionDetail/gl-btx:detailIdentifierReference/gl-cor:identifierContact/gl-bus:contactPhone
297,bus,7,A,PK,Phone Number,String,0..1,,Phone number referred to in Phone Number Description'\.,電話番号,電話番号用途で示される電話番号。,BU03-01,$.btx_BusinessTransactions.btx_TransactionHeader.btx_TransactionDetail.btx_DetailIdentifierReference.btx_IdentifierContact.cor_ContactPhone.bus_PhoneNumber,bus,Contact_ Phone,identifierContactPhoneNumber,/xbrli:xbrl/gl-btx:businessTransactions/gl-btx:transactionHeader/gl-btx:transactionDetail/gl-btx:detailIdentifierReference/gl-cor:identifierContact/gl-bus:contactPhone/gl-bus:identifierContactPhoneNumber
298,bus,7,A,,Phone Number Description,String,0..1,,"Entity Phone Number Description such as Main, Investor relations. Enumerated as: bookkeeper, controller, direct, fax, investor-relations, main, switchboard, other.",電話番号用途,"代表、IR用などの、電話番号の用途。
[設定値のリスト]
(bookkeeper：記帳係)、(controller：会計責任者)、(direct：直通)、(fax：FAX)、(investor-relations：IR窓口)、(main：代表)、(switchboard：交換台)、(other：その他)",BU03-02,$.btx_BusinessTransactions.btx_TransactionHeader.btx_TransactionDetail.btx_DetailIdentifierReference.btx_IdentifierContact.cor_ContactPhone.bus_PhoneNumberDescription,bus,Contact_ Phone,identifierContactPhoneNumberDescription,/xbrli:xbrl/gl-btx:businessTransactions/gl-btx:transactionHeader/gl-btx:transactionDetail/gl-btx:detailIdentifierReference/gl-cor:identifierContact/gl-bus:contactPhone/gl-bus:identifierContactPhoneNumberDescription
299,bus,6,C,,Contact_ Fax,,0..*,,Contact Fax Number Class,【担当者FAX番号】,担当者のFAX番号の構造体。,CO11-11,$.btx_BusinessTransactions.btx_TransactionHeader.btx_TransactionDetail.btx_DetailIdentifierReference.btx_IdentifierContact.cor_ContactFax,bus,Contact_ Fax,contactFax,/xbrli:xbrl/gl-btx:businessTransactions/gl-btx:transactionHeader/gl-btx:transactionDetail/gl-btx:detailIdentifierReference/gl-cor:identifierContact/gl-bus:contactFax
300,bus,7,A,PK,Fax Number,String,0..1,,Fax Number,FAX番号,FAX番号。,BU08-01,$.btx_BusinessTransactions.btx_TransactionHeader.btx_TransactionDetail.btx_DetailIdentifierReference.btx_IdentifierContact.cor_ContactFax.bus_FaxNumber,bus,Contact_ Fax,identifierContactFaxNumber,/xbrli:xbrl/gl-btx:businessTransactions/gl-btx:transactionHeader/gl-btx:transactionDetail/gl-btx:detailIdentifierReference/gl-cor:identifierContact/gl-bus:contactFax/gl-bus:identifierContactFaxNumber
301,bus,7,A,,Fax Number Usage,String,0..1,,"Fax number usage (e.g. orders, head office, IR)",FAX番号用途,FAX番号の用途。(注文、本社、IRなど),BU08-02,$.btx_BusinessTransactions.btx_TransactionHeader.btx_TransactionDetail.btx_DetailIdentifierReference.btx_IdentifierContact.cor_ContactFax.bus_FaxNumberUsage,bus,Contact_ Fax,identifierContactFaxNumberUsage,/xbrli:xbrl/gl-btx:businessTransactions/gl-btx:transactionHeader/gl-btx:transactionDetail/gl-btx:detailIdentifierReference/gl-cor:identifierContact/gl-bus:contactFax/gl-bus:identifierContactFaxNumberUsage
302,bus,6,C,,Contact_ Email,,0..*,,Contact E-mail address class,【担当者Eメールアドレス】,担当者のEメールアドレスの構造体。,CO11-12,$.btx_BusinessTransactions.btx_TransactionHeader.btx_TransactionDetail.btx_DetailIdentifierReference.btx_IdentifierContact.cor_ContactEmail,bus,Contact_ Email,contactEmail,/xbrli:xbrl/gl-btx:businessTransactions/gl-btx:transactionHeader/gl-btx:transactionDetail/gl-btx:detailIdentifierReference/gl-cor:identifierContact/gl-bus:contactEmail
303,bus,7,A,PK,Email Address,String,0..1,,Email Address,Eメールアドレス,Eメールアドレス。,BU13-01,$.btx_BusinessTransactions.btx_TransactionHeader.btx_TransactionDetail.btx_DetailIdentifierReference.btx_IdentifierContact.cor_ContactEmail.bus_EmailAddress,bus,Contact_ Email,identifierContactEmailAddress,/xbrli:xbrl/gl-btx:businessTransactions/gl-btx:transactionHeader/gl-btx:transactionDetail/gl-btx:detailIdentifierReference/gl-cor:identifierContact/gl-bus:contactEmail/gl-bus:identifierContactEmailAddress
304,bus,7,A,,Email Address Usage,String,0..1,,"Email address usage (e.g. orders, head office, IR)",Eメールアドレス用途,Eメールアドレスの用途。(注文、本社、IRなど),BU13-02,$.btx_BusinessTransactions.btx_TransactionHeader.btx_TransactionDetail.btx_DetailIdentifierReference.btx_IdentifierContact.cor_ContactEmail.bus_EmailAddressUsage,bus,Contact_ Email,identifierContactEmailAddressUsage,/xbrli:xbrl/gl-btx:businessTransactions/gl-btx:transactionHeader/gl-btx:transactionDetail/gl-btx:detailIdentifierReference/gl-cor:identifierContact/gl-bus:contactEmail/gl-bus:identifierContactEmailAddressUsage
305,btx,5,A,,Trading Name,String,0..1,,"Name under which the identified party conducts business or is known in commercial transactions, which may differ from its legal or registered name.",取引名称,識別対象となる当事者が事業活動または商取引において使用する名称。法的名称または登録名称と異なる場合がある。,BT06-14,$.btx_BusinessTransactions.btx_TransactionHeader.btx_TransactionDetail.btx_DetailIdentifierReference.btx_TradingName,btx,Detail_ Identifier Reference,identifierTradingName,/xbrli:xbrl/gl-btx:businessTransactions/gl-btx:transactionHeader/gl-btx:transactionDetail/gl-btx:detailIdentifierReference/gl-btx:identifierTradingName
306,btx,5,C,,Registered Identifier,,0..*,,A structured identifier comprising an identifier value and the registration or identification scheme needed to interpret it.,【登録識別子】,識別子の値と、それを解釈するための登録・識別制度を組み合わせて表す構造化された識別子。,BT06-15,$.btx_BusinessTransactions.btx_TransactionHeader.btx_TransactionDetail.btx_DetailIdentifierReference.btx_RegisteredIdentifier,btx,Registered Identifier,identifierRegisteredIdentifier,/xbrli:xbrl/gl-btx:businessTransactions/gl-btx:transactionHeader/gl-btx:transactionDetail/gl-btx:detailIdentifierReference/gl-btx:identifierRegisteredIdentifier
307,btx,6,A,PK,Organization Identifier Code,String,0..1,,"Code representing the company or organization whose data this file represents: used for situations where one user (e.g., a CPA) needs to keep track of multiple organizations' files (e.g., multiple clients). Can be EIN#, client #, internal/external identifier, SIC code. Codes which identifies the entity. Includes the code identifier of the authority issuing the code, a colon, and the code itself. For example, CIK:01234567 for the CIK number issued by SEC EDGAR.",事業体識別子,このファイルでデータを表現している会社や組織のコード。ひとりのユーザ(例えば、公認会計士)が複数の組織(例えば、複数の顧客)のファイルを把握する必要がある場合に使用される。 EIN番号、顧客番号、内部/外部識別子、SICコードであってよい。事業体の識別子をコード化する。コードを発行する権威ある組織のコード識別子、コロン、およびコードそのものを含む。 例えば、SEC　EDGARが発行したCIK番号　CIK: 01234567。,BT05-01,$.btx_BusinessTransactions.btx_TransactionHeader.btx_TransactionDetail.btx_DetailIdentifierReference.btx_RegisteredIdentifier.btx_OrganizationIdentifierCode,btx,Registered Identifier,identifierRegisteredOrganizationIdentifierCode,/xbrli:xbrl/gl-btx:businessTransactions/gl-btx:transactionHeader/gl-btx:transactionDetail/gl-btx:detailIdentifierReference/gl-btx:identifierRegisteredIdentifier/gl-btx:identifierRegisteredOrganizationIdentifierCode
308,btx,6,A,,Organization Identifier Description,String,0..1,,Text describing the organization identified by the organization identifier. Includes any relevant information about the code itself (e.g. issuing authority).,事業体説明,事業体識別子によって特定された組織の説明文。 コードに関するなんらかの記述情報。,BT05-02,$.btx_BusinessTransactions.btx_TransactionHeader.btx_TransactionDetail.btx_DetailIdentifierReference.btx_RegisteredIdentifier.btx_OrganizationIdentifierDescription,btx,Registered Identifier,identifierRegisteredOrganizationIdentifierDescription,/xbrli:xbrl/gl-btx:businessTransactions/gl-btx:transactionHeader/gl-btx:transactionDetail/gl-btx:detailIdentifierReference/gl-btx:identifierRegisteredIdentifier/gl-btx:identifierRegisteredOrganizationIdentifierDescription
309,cor,6,C,,External Authority,,0..1,,Class containing references to an external authority associated with identifier,【外部機関】,識別子と関係付けられる外部機関への参照情報を含む構造体。,BT05-03,$.btx_BusinessTransactions.btx_TransactionHeader.btx_TransactionDetail.btx_DetailIdentifierReference.btx_RegisteredIdentifier.btx_ExternalAuthority,cor,External Authority,identifierRegisteredExternalAuthority,/xbrli:xbrl/gl-btx:businessTransactions/gl-btx:transactionHeader/gl-btx:transactionDetail/gl-btx:detailIdentifierReference/gl-btx:identifierRegisteredIdentifier/gl-cor:identifierRegisteredExternalAuthority
310,cor,7,A,PK,External Authority Code,String,0..1,,"External Authority (e,g, Tax Authority) ID Number associated with identifierReference",外部機関付与識別番号,identifierReferenceと関係付けられる、外部機関（たとえば、税務署）によるID番号。,CO12-01,$.btx_BusinessTransactions.btx_TransactionHeader.btx_TransactionDetail.btx_DetailIdentifierReference.btx_RegisteredIdentifier.btx_ExternalAuthority.cor_ExternalAuthorityCode,cor,External Authority,identifierRegisteredExternalAuthorityCode,/xbrli:xbrl/gl-btx:businessTransactions/gl-btx:transactionHeader/gl-btx:transactionDetail/gl-btx:detailIdentifierReference/gl-btx:identifierRegisteredIdentifier/gl-cor:identifierRegisteredExternalAuthority/gl-cor:identifierRegisteredExternalAuthorityCode
311,cor,7,A,,External Authority Name,String,0..1,,Name of External Authority (e.g. Tax Authority),外部機関名,外部機関の名前（たとえば、税務署）,CO12-02,$.btx_BusinessTransactions.btx_TransactionHeader.btx_TransactionDetail.btx_DetailIdentifierReference.btx_RegisteredIdentifier.btx_ExternalAuthority.cor_ExternalAuthorityName,cor,External Authority,identifierRegisteredExternalAuthorityName,/xbrli:xbrl/gl-btx:businessTransactions/gl-btx:transactionHeader/gl-btx:transactionDetail/gl-btx:detailIdentifierReference/gl-btx:identifierRegisteredIdentifier/gl-cor:identifierRegisteredExternalAuthority/gl-cor:identifierRegisteredExternalAuthorityName
312,cor,7,A,,External Authority Verification Date,Date Time,0..1,,Date on which the External Authority last performed a verification,外部機関認証日付,外部機関が最後に認証した日付。,CO12-03,$.btx_BusinessTransactions.btx_TransactionHeader.btx_TransactionDetail.btx_DetailIdentifierReference.btx_RegisteredIdentifier.btx_ExternalAuthority.cor_ExternalAuthorityVerificationDate,cor,External Authority,identifierRegisteredExternalAuthorityVerificationDate,/xbrli:xbrl/gl-btx:businessTransactions/gl-btx:transactionHeader/gl-btx:transactionDetail/gl-btx:detailIdentifierReference/gl-btx:identifierRegisteredIdentifier/gl-cor:identifierRegisteredExternalAuthority/gl-cor:identifierRegisteredExternalAuthorityVerificationDate
313,btx,4,C,,Referenced Document,,0..*,,Reference for the document; number assigned to track the document,【元文書参照情報】,上の文書のための内部参照情報。文書を追跡するために内部的に割り当てた番号。,BT14-23,$.btx_BusinessTransactions.btx_TransactionHeader.btx_TransactionDetail.btx_ReferencedDocument,btx,Referenced Document,detailReferencedDocument,/xbrli:xbrl/gl-btx:businessTransactions/gl-btx:transactionHeader/gl-btx:transactionDetail/gl-btx:detailReferencedDocument
314,btx,5,A,,Document Type,Token,0..1,,"Document type  check, debit-memo, credit-memo, finance-charge, invoice, order-customer, order-vendor, payment-other, reminder, tegata, voucher, shipment, receipt, manual-adjustment, other.",発生元文書種別,発生元文書の種別。小切手(check)、借方メモ(debit-memo)、貸方メモ(credit-memo)、財務費用(finance-charge)、顧客への請求書(invoice)、顧客オーダ(order-customer)、仕入先オーダ(order-vendor)、その他支払い(payment-other)、督促状(reminder)、手形(tegata)、ベンダからの請求書(voucher)、出荷票(shipment)、受領票(receipt)、手修正(manual-adjustment)、その他(other),BT12-01,$.btx_BusinessTransactions.btx_TransactionHeader.btx_TransactionDetail.btx_ReferencedDocument.btx_DocumentType,btx,Referenced Document,detailReferencedDocumentType,/xbrli:xbrl/gl-btx:businessTransactions/gl-btx:transactionHeader/gl-btx:transactionDetail/gl-btx:detailReferencedDocument/gl-btx:detailReferencedDocumentType
315,btx,5,A,PK,Document Number,String,0..1,,Document number,発生元文書番号,発生元文書の番号。,BT12-02,$.btx_BusinessTransactions.btx_TransactionHeader.btx_TransactionDetail.btx_ReferencedDocument.btx_DocumentNumber,btx,Referenced Document,detailReferencedDocumentNumber,/xbrli:xbrl/gl-btx:businessTransactions/gl-btx:transactionHeader/gl-btx:transactionDetail/gl-btx:detailReferencedDocument/gl-btx:detailReferencedDocumentNumber
316,btx,5,A,,Document Date,Date,0..1,,Document date,発生元文書日付,発生元文書の日付。,BT12-03,$.btx_BusinessTransactions.btx_TransactionHeader.btx_TransactionDetail.btx_ReferencedDocument.btx_DocumentDate,btx,Referenced Document,detailReferencedDocumentDate,/xbrli:xbrl/gl-btx:businessTransactions/gl-btx:transactionHeader/gl-btx:transactionDetail/gl-btx:detailReferencedDocument/gl-btx:detailReferencedDocumentDate
317,btx,5,A,,Document Identifier Type,Token,0..1,,"Document identifier type. Enumerated as: C, customer, E, employee, V, vendor, O, other, I, salesperson-internal, X, salesperson-external, N, contractor.",発生元文書対象CVE種別,発生元文書の対象となるCVEの種別。_x000D_ [設定値のリスト]_x000D_ (C)、(customer：顧客)、(E)、(employee：従業員)、(V)、(vendor：仕入先)、(O)、(other：その他)、(I)、(salesperson-internal：店舗内販売員)、(X)、(salesperson-external：外交販売員)、(N)、(contractor：請負者),BT12-04,$.btx_BusinessTransactions.btx_TransactionHeader.btx_TransactionDetail.btx_ReferencedDocument.btx_DocumentIdentifierType,btx,Referenced Document,detailReferencedDocumentIdentifierType,/xbrli:xbrl/gl-btx:businessTransactions/gl-btx:transactionHeader/gl-btx:transactionDetail/gl-btx:detailReferencedDocument/gl-btx:detailReferencedDocumentIdentifierType
318,btx,5,A,,Document Identifier Code,String,0..1,,Document identifier code,発生元文書対象CVEコード,発生元文書の対象となるCVEのコード。,BT12-05,$.btx_BusinessTransactions.btx_TransactionHeader.btx_TransactionDetail.btx_ReferencedDocument.btx_DocumentIdentifierCode,btx,Referenced Document,detailReferencedDocumentIdentifierCode,/xbrli:xbrl/gl-btx:businessTransactions/gl-btx:transactionHeader/gl-btx:transactionDetail/gl-btx:detailReferencedDocument/gl-btx:detailReferencedDocumentIdentifierCode
319,btx,5,A,,Received Date,Date Time,0..1,,Date/time document was noted as received (if necessary). Represents actual date received. Posting dates are maintained separately.,元文書受領日付,（必要であれば）文書の受領が記録された日付/時刻。実際に受領された日付をあらわす。転記日付は別に管理される。,BT12-06,$.btx_BusinessTransactions.btx_TransactionHeader.btx_TransactionDetail.btx_ReferencedDocument.btx_ReceivedDate,btx,Referenced Document,detailReferencedDocumentReceivedDate,/xbrli:xbrl/gl-btx:businessTransactions/gl-btx:transactionHeader/gl-btx:transactionDetail/gl-btx:detailReferencedDocument/gl-btx:detailReferencedDocumentReceivedDate
320,btx,5,A,,Document Location,String,0..1,,"Document location as URI, file name or other reference. Alternatively, text of document can be placed here.",元文書格納場所,文書の格納場所である、URI、ファイル名またはその他の参照情報。代わりに、文書のテキストも記述可能。,BT12-07,$.btx_BusinessTransactions.btx_TransactionHeader.btx_TransactionDetail.btx_ReferencedDocument.btx_DocumentLocation,btx,Referenced Document,detailReferencedDocumentLocation,/xbrli:xbrl/gl-btx:businessTransactions/gl-btx:transactionHeader/gl-btx:transactionDetail/gl-btx:detailReferencedDocument/gl-btx:detailReferencedDocumentLocation
321,btx,5,A,,Reference Purpose,Token,0..1,,Semantic purpose or role of the referenced document in this business transaction; distinct from the referenced document's own document type.,参照目的,この業務取引における参照文書の意味上の目的又は役割。参照文書自体の文書種別とは異なる。,BT12-08,$.btx_BusinessTransactions.btx_TransactionHeader.btx_TransactionDetail.btx_ReferencedDocument.btx_ReferencePurpose,btx,Referenced Document,detailReferencedDocumentReferencePurpose,/xbrli:xbrl/gl-btx:businessTransactions/gl-btx:transactionHeader/gl-btx:transactionDetail/gl-btx:detailReferencedDocument/gl-btx:detailReferencedDocumentReferencePurpose
322,btx,5,C,,Document Attachment,,0..*,,Attachment or external document payload associated with this referenced document.,【文書添付】,この参照文書に関連付けられた添付又は外部文書の内容。,BT12-09,$.btx_BusinessTransactions.btx_TransactionHeader.btx_TransactionDetail.btx_ReferencedDocument.btx_DocumentAttachment,btx,Document Attachment,detailReferencedDocumentAttachment,/xbrli:xbrl/gl-btx:businessTransactions/gl-btx:transactionHeader/gl-btx:transactionDetail/gl-btx:detailReferencedDocument/gl-btx:detailReferencedDocumentAttachment
323,btx,6,A,,Binary Content,Base64Binary,0..1,,Binary attachment content encoded as base64.,バイナリ内容,Base64で符号化された添付文書のバイナリ内容。,BT17-01,$.btx_BusinessTransactions.btx_TransactionHeader.btx_TransactionDetail.btx_ReferencedDocument.btx_DocumentAttachment.btx_BinaryContent,btx,Document Attachment,detailReferencedDocumentAttachmentBinaryContent,/xbrli:xbrl/gl-btx:businessTransactions/gl-btx:transactionHeader/gl-btx:transactionDetail/gl-btx:detailReferencedDocument/gl-btx:detailReferencedDocumentAttachment/gl-btx:detailReferencedDocumentAttachmentBinaryContent
324,btx,6,A,,MIME Type,Token,0..1,,MIME media type of the attached content.,MIME種別,添付内容のMIMEメディア種別。,BT17-02,$.btx_BusinessTransactions.btx_TransactionHeader.btx_TransactionDetail.btx_ReferencedDocument.btx_DocumentAttachment.btx_MIMEType,btx,Document Attachment,detailReferencedDocumentAttachmentMimeType,/xbrli:xbrl/gl-btx:businessTransactions/gl-btx:transactionHeader/gl-btx:transactionDetail/gl-btx:detailReferencedDocument/gl-btx:detailReferencedDocumentAttachment/gl-btx:detailReferencedDocumentAttachmentMimeType
325,btx,6,A,,File Name,String,0..1,,File name associated with the attached content.,ファイル名,添付内容に関連付けられたファイル名。,BT17-03,$.btx_BusinessTransactions.btx_TransactionHeader.btx_TransactionDetail.btx_ReferencedDocument.btx_DocumentAttachment.btx_FileName,btx,Document Attachment,detailReferencedDocumentAttachmentFileName,/xbrli:xbrl/gl-btx:businessTransactions/gl-btx:transactionHeader/gl-btx:transactionDetail/gl-btx:detailReferencedDocument/gl-btx:detailReferencedDocumentAttachment/gl-btx:detailReferencedDocumentAttachmentFileName
326,btx,6,A,,External URI,anyURI,0..1,,External URI at which the referenced document or attachment can be obtained.,外部URI,参照文書又は添付文書を取得できる外部URI。,BT17-04,$.btx_BusinessTransactions.btx_TransactionHeader.btx_TransactionDetail.btx_ReferencedDocument.btx_DocumentAttachment.btx_ExternalURI,btx,Document Attachment,detailReferencedDocumentAttachmentExternalUri,/xbrli:xbrl/gl-btx:businessTransactions/gl-btx:transactionHeader/gl-btx:transactionDetail/gl-btx:detailReferencedDocument/gl-btx:detailReferencedDocumentAttachment/gl-btx:detailReferencedDocumentAttachmentExternalUri
327,cor,4,C,,Detail_ XBRL,,0..*,,This will roll up to XBRL reporting information - this is a parent - repeatable so that the same item can be reported through many taxonomies. Care should be taken to consider what happens if people post to the same account but different XBRL elements.,【XBRL情報】,XBRLレポート情報へのロールアップ情報。親タグであり、同じ項目が複数のタクソノミを通じて報告されうるように繰り返し可能。同一の勘定科目を異なるXBRL要素に転記した場合にどうなるか、注意深く考慮すべきである。,BT14-24,$.btx_BusinessTransactions.btx_TransactionHeader.btx_TransactionDetail.btx_DetailXBRL,cor,Detail_ XBRL,detailXbrl,/xbrli:xbrl/gl-btx:businessTransactions/gl-btx:transactionHeader/gl-btx:transactionDetail/gl-cor:detailXbrl
328,cor,5,A,,XBRL Allocation,Token,0..1,,"Indicates that the information being given is beginning_balance, ending_balance, period_change.",XBRL割当,"与えられた情報が、期首残高、期末残高、期中増減のいずれであるかを示す。_x000D_
[設定値のリスト]_x000D_
(beginning_balance：期首残高)、(ending_balance：期末残高)、(period_change：期中増減)",CO18-01,$.btx_BusinessTransactions.btx_TransactionHeader.btx_TransactionDetail.btx_DetailXBRL.cor_XBRLAllocation,cor,Detail_ XBRL,xbrlAllocation,/xbrli:xbrl/gl-btx:businessTransactions/gl-btx:transactionHeader/gl-btx:transactionDetail/gl-cor:detailXbrl/gl-cor:xbrlAllocation
329,cor,5,A,,XBRL Summary Reporting Element,QName,0..1,,Associated XBRL element or XML element within an XML taxonomy - mapping to an XBRL concept.,集約報告エレメント,関係付けられた、XMLタクソノミ中のXBRL要素または、XML要素。XBRLコンセプトへのマッピング。,CO18-02,$.btx_BusinessTransactions.btx_TransactionHeader.btx_TransactionDetail.btx_DetailXBRL.cor_XBRLSummaryReportingElement,cor,Detail_ XBRL,xbrlSummaryReportingElement,/xbrli:xbrl/gl-btx:businessTransactions/gl-btx:transactionHeader/gl-btx:transactionDetail/gl-cor:detailXbrl/gl-cor:xbrlSummaryReportingElement
330,cor,5,A,,XBRL Detail Matching Element,QName,0..1,,Associated XBRL element in XBRL-GL instance.,明細対応エレメント,関係付けられた、XBRL-GLインスタンス中のXBRL要素。,CO18-03,$.btx_BusinessTransactions.btx_TransactionHeader.btx_TransactionDetail.btx_DetailXBRL.cor_XBRLDetailMatchingElement,cor,Detail_ XBRL,xbrlDetailMatchingElement,/xbrli:xbrl/gl-btx:businessTransactions/gl-btx:transactionHeader/gl-btx:transactionDetail/gl-cor:detailXbrl/gl-cor:xbrlDetailMatchingElement
331,cor,5,A,,XBRL Summary Tuple Path,String,0..1,,Specific filter for parent class class. This value must be valid XPath. And the result of the XPath must be resolved to a node.,集約タプルパス,親タグ構造を特定するフィルタ。妥当なXPath記述でなければならない。XPathの結果はノードでなければならない。,CO18-04,$.btx_BusinessTransactions.btx_TransactionHeader.btx_TransactionDetail.btx_DetailXBRL.cor_XBRLSummaryTuplePath,cor,Detail_ XBRL,xbrlSummaryTuplePath,/xbrli:xbrl/gl-btx:businessTransactions/gl-btx:transactionHeader/gl-btx:transactionDetail/gl-cor:detailXbrl/gl-cor:xbrlSummaryTuplePath
332,cor,5,A,,XBRL Detailed Content Filter,String,0..1,,"Filtering mechanism. This value must be valid XPath. And the result of the XPath must be resolved to boolean. If the resulting value is false, the entry  must not mapped into specified facts in F/S.",明細コンテントフィルタ,フィルタリング手段。妥当なXPath記述でなければならない。XPathの結果はブール値でなければならない。結果がfalseの場合は、仕訳はF/S内の特定のfactsにマッピングされてはならない。,CO18-05,$.btx_BusinessTransactions.btx_TransactionHeader.btx_TransactionDetail.btx_DetailXBRL.cor_XBRLDetailedContentFilter,cor,Detail_ XBRL,xbrlDetailedContentFilter,/xbrli:xbrl/gl-btx:businessTransactions/gl-btx:transactionHeader/gl-btx:transactionDetail/gl-cor:detailXbrl/gl-cor:xbrlDetailedContentFilter
333,cor,5,A,,XBRL Reporting Date Selector,Token,0..1,,This holds the concepts in GL data to create FS contexts.  The value must be a list of QName. Each QName must be resolved to GL items. Order of the items defines priority to access.,報告日付セレクタ,F/Sのコンテキストを生成するためのGLデータの概念を示す。QNameのリストでなければならない。個々のQNameはGL項目を示さなければならない。項目の並びはアクセスの優先度を示す。,CO18-06,$.btx_BusinessTransactions.btx_TransactionHeader.btx_TransactionDetail.btx_DetailXBRL.cor_XBRLReportingDateSelector,cor,Detail_ XBRL,xbrlReportingDateSelector,/xbrli:xbrl/gl-btx:businessTransactions/gl-btx:transactionHeader/gl-btx:transactionDetail/gl-cor:detailXbrl/gl-cor:xbrlReportingDateSelector
334,cor,5,A,,XBRL Summary Operator,String,0..1,,The operator applied to the amount or quantity when it is rolled up to a summary reporting element.,,,CO18-07,$.btx_BusinessTransactions.btx_TransactionHeader.btx_TransactionDetail.btx_DetailXBRL.cor_XBRLSummaryOperator,cor,Detail_ XBRL,xbrlSummaryOperator,/xbrli:xbrl/gl-btx:businessTransactions/gl-btx:transactionHeader/gl-btx:transactionDetail/gl-cor:detailXbrl/gl-cor:xbrlSummaryOperator
335,cor,5,A,,XBRL Summary Unit Numerator,Token,1..1,,This holds the list of measure information for unit numerator. The value must be a list of QName. Each QName must be resolved to be measure information such as iso4217:usd.,集約ユニット分子,集約のユニットの分子の測定情報のリスト。QNameのリストでなければならない。QNameはiso4217:usdのような、解決される測定情報でなければならない。,CO18-08,$.btx_BusinessTransactions.btx_TransactionHeader.btx_TransactionDetail.btx_DetailXBRL.cor_XBRLSummaryUnitNumerator,cor,Detail_ XBRL,xbrlSummaryUnitNumerator,/xbrli:xbrl/gl-btx:businessTransactions/gl-btx:transactionHeader/gl-btx:transactionDetail/gl-cor:detailXbrl/gl-cor:xbrlSummaryUnitNumerator
336,cor,5,A,,XBRL Summary Unit Denominator,Token,0..1,,This holds the list of measure information for unit denominator. The value must be a list of QName. Each QName must be resolved to be measure information such as iso4217:usd.,集約ユニット分母,集約のユニットの分母の測定情報のリスト。QNameのリストでなければならない。QNameはiso4217:usdのような、解決される測定情報でなければならない。,CO18-09,$.btx_BusinessTransactions.btx_TransactionHeader.btx_TransactionDetail.btx_DetailXBRL.cor_XBRLSummaryUnitDenominator,cor,Detail_ XBRL,xbrlSummaryUnitDenominator,/xbrli:xbrl/gl-btx:businessTransactions/gl-btx:transactionHeader/gl-btx:transactionDetail/gl-cor:detailXbrl/gl-cor:xbrlSummaryUnitDenominator
337,cor,5,A,,XBRL Summary Reporting Taxonomy ID Reference,String,0..1,,"Reference to the ID of the relevant target reporting taxonomy, defined in the [summaryReportingTaxonomies] class at [documentInfo] level. Allows consuming applications to identify sets of [xbrlInfo] classs that point to a specific taxonomy.",集約報告タクソノミ識別子参照情報,関連する報告タクソノミの識別子への参照情報。documentInfo内のsummaryReportingTaxonomies構造体で定義される。特定のタクソノミを示すxbrlInfo構造体の集合を、アプリケーションが識別できるようにする。,CO18-10,$.btx_BusinessTransactions.btx_TransactionHeader.btx_TransactionDetail.btx_DetailXBRL.cor_XBRLSummaryReportingTaxonomyIDReference,cor,Detail_ XBRL,xbrlSummaryReportingTaxonomyIdReference,/xbrli:xbrl/gl-btx:businessTransactions/gl-btx:transactionHeader/gl-btx:transactionDetail/gl-cor:detailXbrl/gl-cor:xbrlSummaryReportingTaxonomyIdReference
338,btx,4,C,,Detail_ Measurable,,0..*,,"Parent for information regarding measurable items associated with the enclosing entryDetail line. Primary area used for holding performance measures. Based on needs for tracking inventory transactional detail, but suitable for anything assigned to an ""account"", ""reporting bucket"" or ""code"". Can be used to track any movements.",【計測可能物情報】,明細行に関係付けられた、計測可能物の情報の親タグ。おもにパフォーマンス測定のために使用される。在庫移動の詳細の追跡の必要性に基づき、「科目」、「報告バケット」、「コード」に関係付けられるあらゆるものに適する。あらゆる活動を追跡するために使用可能。,BT14-25,$.btx_BusinessTransactions.btx_TransactionHeader.btx_TransactionDetail.btx_DetailMeasurable,btx,Detail_ Measurable,detailMeasurable,/xbrli:xbrl/gl-btx:businessTransactions/gl-btx:transactionHeader/gl-btx:transactionDetail/gl-btx:detailMeasurable
339,btx,5,A,PK,Measurable Code,Token,0..1,,"Code for measurable item including BP - Business process, FA - Fixed asset/Capitalized item, IN - Inventory, KPI - Metric, NT - Intangible, SP - Supplies, SV-P - Service by employee, vendor or contractor, SV-M - Service by equipment/machinery, OT - Other",計測可能物コード,"計測可能物のコード。ビジネスプロセス、固定資産/資産化項目、在庫、測定基準、無形資産、貯蔵品、従業員/提供元/請負者によるサービス、装置/機械によるサービス、その他_x000D_
[設定値のリスト]_x000D_
(BP：ビジネスプロセス)、(FA：固定資産/資産化項目)、(IN：在庫)、(KPI：測定基準)、(NT：無形資産)、(SP：貯蔵品)、(SV-P：従業員/提供元/請負者によるサービス)、(SV-M：装置/機械によるサービス)、(OT：その他)",BT20-01,$.btx_BusinessTransactions.btx_TransactionHeader.btx_TransactionDetail.btx_DetailMeasurable.btx_MeasurableCode,btx,Detail_ Measurable,measurableCode,/xbrli:xbrl/gl-btx:businessTransactions/gl-btx:transactionHeader/gl-btx:transactionDetail/gl-btx:detailMeasurable/gl-btx:measurableCode
340,btx,5,A,,Measurable Code Description,String,0..1,,Free format description of the measurable code,計測可能物コード説明,計測可能物のコードの説明。,BT20-02,$.btx_BusinessTransactions.btx_TransactionHeader.btx_TransactionDetail.btx_DetailMeasurable.btx_MeasurableCodeDescription,btx,Detail_ Measurable,measurableCodeDescription,/xbrli:xbrl/gl-btx:businessTransactions/gl-btx:transactionHeader/gl-btx:transactionDetail/gl-btx:detailMeasurable/gl-btx:measurableCodeDescription
341,btx,5,A,,Measurable Category,String,0..1,,Category of the measurable,計測可能物カテゴリ,計測可能物のカテゴリ。,BT20-03,$.btx_BusinessTransactions.btx_TransactionHeader.btx_TransactionDetail.btx_DetailMeasurable.btx_MeasurableCategory,btx,Detail_ Measurable,measurableCategory,/xbrli:xbrl/gl-btx:businessTransactions/gl-btx:transactionHeader/gl-btx:transactionDetail/gl-btx:detailMeasurable/gl-btx:measurableCategory
342,btx,5,A,,Measurable Identification,String,0..1,,Internal inventory part or SKU number or other code identifier for the measurable.,計測可能物識別子,計測可能物の社内在庫部分またはSKU番号またはその他のコード識別子。,BT20-04,$.btx_BusinessTransactions.btx_TransactionHeader.btx_TransactionDetail.btx_DetailMeasurable.btx_MeasurableIdentification,btx,Detail_ Measurable,measurableIdentification,/xbrli:xbrl/gl-btx:businessTransactions/gl-btx:transactionHeader/gl-btx:transactionDetail/gl-btx:detailMeasurable/gl-btx:measurableIdentification
343,btx,5,A,,Schema for Measurable Identification,String,0..1,,URI or other identifier for schema with which measurable ID can be validated,計測可能物識別子スキーマ,計測可能物のIDを検証するスキーマの、URIまたはその他の識別子。,BT20-05,$.btx_BusinessTransactions.btx_TransactionHeader.btx_TransactionDetail.btx_DetailMeasurable.btx_SchemaforMeasurableIdentification,btx,Detail_ Measurable,schemaForMeasurableIdentification,/xbrli:xbrl/gl-btx:businessTransactions/gl-btx:transactionHeader/gl-btx:transactionDetail/gl-btx:detailMeasurable/gl-btx:schemaForMeasurableIdentification
344,btx,5,A,,Secondary Measurable Code,String,0..1,,Second identifier (such as vendor's item number),計測可能物第二識別子,第二識別子。（例えば、ベンダーでの品目番号）。,BT20-06,$.btx_BusinessTransactions.btx_TransactionHeader.btx_TransactionDetail.btx_DetailMeasurable.btx_SecondaryMeasurableCode,btx,Detail_ Measurable,secondaryMeasurableCode,/xbrli:xbrl/gl-btx:businessTransactions/gl-btx:transactionHeader/gl-btx:transactionDetail/gl-btx:detailMeasurable/gl-btx:secondaryMeasurableCode
345,btx,5,A,,Schema for Secondary Measurable Identification,String,0..1,,URI or other identifier for schema with which measurable ID Other can be validated,計測可能物第二識別子スキーマ,計測可能物の第二IDを検証するスキーマの、URIまたはその他の識別子。,BT20-07,$.btx_BusinessTransactions.btx_TransactionHeader.btx_TransactionDetail.btx_DetailMeasurable.btx_SchemaforSecondaryMeasurableIdentification,btx,Detail_ Measurable,schemaForSecondaryMeasurableIdentification,/xbrli:xbrl/gl-btx:businessTransactions/gl-btx:transactionHeader/gl-btx:transactionDetail/gl-btx:detailMeasurable/gl-btx:schemaForSecondaryMeasurableIdentification
346,btx,5,A,,Measurable Description,String,0..1,,Text description of measurable (e.g. inventory item or other identifier),計測可能物説明,計測可能物の説明。（たとえば、在庫やその他の識別子）,BT20-08,$.btx_BusinessTransactions.btx_TransactionHeader.btx_TransactionDetail.btx_DetailMeasurable.btx_MeasurableDescription,btx,Detail_ Measurable,measurableDescription,/xbrli:xbrl/gl-btx:businessTransactions/gl-btx:transactionHeader/gl-btx:transactionDetail/gl-btx:detailMeasurable/gl-btx:measurableDescription
347,btx,5,A,,Measurable Quantity,Decimal,0..1,,"Number of units in this transaction; for non-monetary calculations; can be square footage, number of people, etc.",数量,この取引における、単位数量。金額計算用ではない。平方フィート、人数など。,BT20-09,$.btx_BusinessTransactions.btx_TransactionHeader.btx_TransactionDetail.btx_DetailMeasurable.btx_MeasurableQuantity,btx,Detail_ Measurable,measurableQuantity,/xbrli:xbrl/gl-btx:businessTransactions/gl-btx:transactionHeader/gl-btx:transactionDetail/gl-btx:detailMeasurable/gl-btx:measurableQuantity
348,btx,5,A,,Measurable Qualifier,Token,0..1,,"Field that can represent grading, inspection codes, ratings and other qualifiers to properly capture PKI/Balanced Scorecard information",修飾子,PKI又はバランススコアカード情報を適正に把握するための、等級付け、検査コード、格付けその他の修飾子を示す。,BT20-10,$.btx_BusinessTransactions.btx_TransactionHeader.btx_TransactionDetail.btx_DetailMeasurable.btx_MeasurableQualifier,btx,Detail_ Measurable,measurableQualifier,/xbrli:xbrl/gl-btx:businessTransactions/gl-btx:transactionHeader/gl-btx:transactionDetail/gl-btx:detailMeasurable/gl-btx:measurableQualifier
349,btx,5,A,,Measurable Unit of Measure,String,0..1,,"Description of unit: e.g. each, case, dozen, etc. ISO standard coding recommended.",計量単位,単位の説明。たとえば、個、箱、ダースなど。ISO標準のコードを推奨。,BT20-11,$.btx_BusinessTransactions.btx_TransactionHeader.btx_TransactionDetail.btx_DetailMeasurable.btx_MeasurableUnitofMeasure,btx,Detail_ Measurable,measurableUnitOfMeasure,/xbrli:xbrl/gl-btx:businessTransactions/gl-btx:transactionHeader/gl-btx:transactionDetail/gl-btx:detailMeasurable/gl-btx:measurableUnitOfMeasure
350,btx,5,A,,Measurable Start Time,Date Time,0..1,,Start time of the duration being measured,開始日時,計量期間の開始時刻。,BT20-12,$.btx_BusinessTransactions.btx_TransactionHeader.btx_TransactionDetail.btx_DetailMeasurable.btx_MeasurableStartTime,btx,Detail_ Measurable,measurableStartTime,/xbrli:xbrl/gl-btx:businessTransactions/gl-btx:transactionHeader/gl-btx:transactionDetail/gl-btx:detailMeasurable/gl-btx:measurableStartTime
351,btx,5,A,,Measurable End Time,Date Time,0..1,,End time of the duration being measured,終了日時,計量期間の終了時刻。,BT20-13,$.btx_BusinessTransactions.btx_TransactionHeader.btx_TransactionDetail.btx_DetailMeasurable.btx_MeasurableEndTime,btx,Detail_ Measurable,measurableEndTime,/xbrli:xbrl/gl-btx:businessTransactions/gl-btx:transactionHeader/gl-btx:transactionDetail/gl-btx:detailMeasurable/gl-btx:measurableEndTime
352,btx,5,A,,Measurable Active,Boolean,0..1,,"Boolean to indicate whether the measurable is active (=""true"") or inactive (=""false"")",計測可能物有効性,計測可能物が有効か無効かを示すブール値。,BT20-14,$.btx_BusinessTransactions.btx_TransactionHeader.btx_TransactionDetail.btx_DetailMeasurable.btx_MeasurableActive,btx,Detail_ Measurable,measurableActive,/xbrli:xbrl/gl-btx:businessTransactions/gl-btx:transactionHeader/gl-btx:transactionDetail/gl-btx:detailMeasurable/gl-btx:measurableActive
353,btx,5,A,,Measurable Per Unit Price,Monetary,0..1,,"Price for one unit of the measurable. Although one might expect that measurable quantity multiplied by the per-unit price equals an amount, this relationship is not mandated except by external rule sets.",測定対象単位当たり価格,測定対象1単位当たりの価格。測定対象数量に単位当たり価格を乗じた値が金額になることが想定される場合があるが、この関係は外部のルールセットで規定される場合を除き、本モデルでは必須としない。,BT20-15,$.btx_BusinessTransactions.btx_TransactionHeader.btx_TransactionDetail.btx_DetailMeasurable.btx_MeasurablePerUnitPrice,btx,Detail_ Measurable,measurablePerUnitPrice,/xbrli:xbrl/gl-btx:businessTransactions/gl-btx:transactionHeader/gl-btx:transactionDetail/gl-btx:detailMeasurable/gl-btx:measurablePerUnitPrice
354,btx,5,A,,Measurable Net Price,Monetary,0..1,,Total net price of the measurable after applying any applicable price discount.,測定対象正味価格,測定対象について、適用される価格値引きを反映した後の正味価格の総額。,BT20-16,$.btx_BusinessTransactions.btx_TransactionHeader.btx_TransactionDetail.btx_DetailMeasurable.btx_MeasurableNetPrice,btx,Detail_ Measurable,measurableNetPrice,/xbrli:xbrl/gl-btx:businessTransactions/gl-btx:transactionHeader/gl-btx:transactionDetail/gl-btx:detailMeasurable/gl-btx:measurableNetPrice
355,btx,5,A,,Measurable Price Discount,Monetary,0..1,,Total discount amount applied to the gross price of the measurable to determine its net price.,測定対象価格値引額,測定対象の総額価格から差し引き、正味価格を算定するために適用される値引額の総額。,BT20-17,$.btx_BusinessTransactions.btx_TransactionHeader.btx_TransactionDetail.btx_DetailMeasurable.btx_MeasurablePriceDiscount,btx,Detail_ Measurable,measurablePriceDiscount,/xbrli:xbrl/gl-btx:businessTransactions/gl-btx:transactionHeader/gl-btx:transactionDetail/gl-btx:detailMeasurable/gl-btx:measurablePriceDiscount
356,btx,5,A,,Measurable Gross Price,Monetary,0..1,,Total gross price of the measurable before applying any applicable price discount.,測定対象総額価格,測定対象について、適用される価格値引きを反映する前の価格の総額。,BT20-18,$.btx_BusinessTransactions.btx_TransactionHeader.btx_TransactionDetail.btx_DetailMeasurable.btx_MeasurableGrossPrice,btx,Detail_ Measurable,measurableGrossPrice,/xbrli:xbrl/gl-btx:businessTransactions/gl-btx:transactionHeader/gl-btx:transactionDetail/gl-btx:detailMeasurable/gl-btx:measurableGrossPrice
357,btx,5,A,,Measurable Name,String,0..1,,Name for measurable item.,計測可能物名,計測可能物の名前,BT20-19,$.btx_BusinessTransactions.btx_TransactionHeader.btx_TransactionDetail.btx_DetailMeasurable.btx_MeasurableName,btx,Detail_ Measurable,measurableName,/xbrli:xbrl/gl-btx:businessTransactions/gl-btx:transactionHeader/gl-btx:transactionDetail/gl-btx:detailMeasurable/gl-btx:measurableName
358,bus,4,C,,Detail_ Job,,0..*,,"Class for holding job related information, separate from jobs represented in account identifier. Would probably only have one jobinfo class for each entry line, but there may be a need to express more than one.",【ジョブ情報】,科目識別子で表現されるジョブとは別の、ジョブに関係する情報のタプル。個々の明細行に対してひとつだけ存在すると思われるが、複数必要かもしれない。,BT14-26,$.btx_BusinessTransactions.btx_TransactionHeader.btx_TransactionDetail.btx_DetailJob,bus,Detail_ Job,detailJob,/xbrli:xbrl/gl-btx:businessTransactions/gl-btx:transactionHeader/gl-btx:transactionDetail/gl-bus:detailJob
359,bus,5,A,PK,Job ID,String,0..1,,"Associated job number or code. This could be built into the account, but many systems maintain a separate job coding system. Use primarily if job identification is a separate system, and not considered part of the chart of accounts.",ジョブ識別子,関連するジョブ番号かジョブコード。 科目に組み込めるかもしれないが、多くのシステムでは独立したジョブコードシステムを持っている。おもに、ジョブの識別が別システムであり、科目体系に含まれないときに使用される。,BU32-01,$.btx_BusinessTransactions.btx_TransactionHeader.btx_TransactionDetail.btx_DetailJob.bus_JobID,bus,Detail_ Job,jobId,/xbrli:xbrl/gl-btx:businessTransactions/gl-btx:transactionHeader/gl-btx:transactionDetail/gl-bus:detailJob/gl-bus:jobId
360,bus,5,A,,Job Description,String,0..1,,Description of job,ジョブ説明,ジョブの説明。,BU32-02,$.btx_BusinessTransactions.btx_TransactionHeader.btx_TransactionDetail.btx_DetailJob.bus_JobDescription,bus,Detail_ Job,jobDescription,/xbrli:xbrl/gl-btx:businessTransactions/gl-btx:transactionHeader/gl-btx:transactionDetail/gl-bus:detailJob/gl-bus:jobDescription
361,bus,5,A,,Job Phase,String,0..1,,"Job code, phase, activity. Allows greater granularity than a simple job number. Although the core only reaches down from job to phases, this can be customized to extend down to cost codes.",ジョブフェーズ,ジョブコード、フェーズ、活動。 簡単なジョブ番号より詳細な定義が可能。基本的には、ジョブからフェーズを導くのみだが、コストコードにまでいたるように拡張可能。,BU32-03,$.btx_BusinessTransactions.btx_TransactionHeader.btx_TransactionDetail.btx_DetailJob.bus_JobPhase,bus,Detail_ Job,jobPhase,/xbrli:xbrl/gl-btx:businessTransactions/gl-btx:transactionHeader/gl-btx:transactionDetail/gl-bus:detailJob/gl-bus:jobPhase
362,bus,5,A,,Job Phase Description,String,0..1,,"Description of Job code, phase, activity",ジョブフェーズ説明,ジョブコード、フェーズ、活動の説明。,BU32-04,$.btx_BusinessTransactions.btx_TransactionHeader.btx_TransactionDetail.btx_DetailJob.bus_JobPhaseDescription,bus,Detail_ Job,jobPhaseDescription,/xbrli:xbrl/gl-btx:businessTransactions/gl-btx:transactionHeader/gl-btx:transactionDetail/gl-bus:detailJob/gl-bus:jobPhaseDescription
363,bus,5,A,,Job Active,Boolean,0..1,,"Boolean to indicate whether the job is active (=""true"") or inactive (=""false"")",ジョブ有効性,ジョブが有効か無効かを示すブール値。,BU32-05,$.btx_BusinessTransactions.btx_TransactionHeader.btx_TransactionDetail.btx_DetailJob.bus_JobActive,bus,Detail_ Job,jobActive,/xbrli:xbrl/gl-btx:businessTransactions/gl-btx:transactionHeader/gl-btx:transactionDetail/gl-bus:detailJob/gl-bus:jobActive
364,bus,4,C,,Detail_ Depreciation Mortgage,,0..*,,"Parent for information related to depreciation, mortgages, etc.",【減価償却/抵当債務情報】,減価償却、抵当債務等に関連する情報の親タグ。,BT14-27,$.btx_BusinessTransactions.btx_TransactionHeader.btx_TransactionDetail.btx_DetailDepreciationMortgage,bus,Detail_ Depreciation Mortgage,detailDepreciationMortgage,/xbrli:xbrl/gl-btx:businessTransactions/gl-btx:transactionHeader/gl-btx:transactionDetail/gl-bus:detailDepreciationMortgage
365,bus,5,A,,Depreciation Mortgage Jurisdiction,Token,0..1,,"Jurisdiction (e.g. federal, state, local): e.g. US Federal, Province of Québec, other identifier. Enumerated as: F, federal, S, state, L, local, other.",抵当債務管轄,"管轄地区。（連邦、州、ローカル、等）。たとえば、米国連邦政府、ケベック州、その他の識別子。_x000D_
[設定値のリスト]_x000D_
(F)、(federal：連邦)、(S)、(state：州)、(L)、(local：地域)、(other：その他)",BU33-01,$.btx_BusinessTransactions.btx_TransactionHeader.btx_TransactionDetail.btx_DetailDepreciationMortgage.bus_DepreciationMortgageJurisdiction,bus,Detail_ Depreciation Mortgage,depreciationMortgageJurisdiction,/xbrli:xbrl/gl-btx:businessTransactions/gl-btx:transactionHeader/gl-btx:transactionDetail/gl-bus:detailDepreciationMortgage/gl-bus:depreciationMortgageJurisdiction
366,bus,5,A,,Depreciation Method,String,0..1,,"Type of depreciation method: used for information about the loan percentage for loan or the depreciation method. This is used for informational purposes only. Examples of entries are ""20%"", ""5 year DDB"" (Double Declining Balance).",減価償却方法,減価償却方法のタイプ。ローンのパーセンテージや減価償却方法に関する情報を含む。単なる情報提供を目的とする。たとえば、20%、5年、DDB(倍額定率)。,BU33-02,$.btx_BusinessTransactions.btx_TransactionHeader.btx_TransactionDetail.btx_DetailDepreciationMortgage.bus_DepreciationMethod,bus,Detail_ Depreciation Mortgage,depreciationMethod,/xbrli:xbrl/gl-btx:businessTransactions/gl-btx:transactionHeader/gl-btx:transactionDetail/gl-bus:detailDepreciationMortgage/gl-bus:depreciationMethod
367,bus,5,A,,Depreciation Mortgage Life,Decimal,0..1,,Length of life in number of periods.,抵当債務期間,存在する期間数。,BU33-03,$.btx_BusinessTransactions.btx_TransactionHeader.btx_TransactionDetail.btx_DetailDepreciationMortgage.bus_DepreciationMortgageLife,bus,Detail_ Depreciation Mortgage,depreciationMortgageLife,/xbrli:xbrl/gl-btx:businessTransactions/gl-btx:transactionHeader/gl-btx:transactionDetail/gl-bus:detailDepreciationMortgage/gl-bus:depreciationMortgageLife
368,bus,5,A,,Depreciation Mortgage Description,String,0..1,,"Description of each item related to depreciation, mortgage, loan, credit facility, etc.",債務説明,減価償却や債権債務、ローン、信用供与等に関する項目の説明。,BU33-04,$.btx_BusinessTransactions.btx_TransactionHeader.btx_TransactionDetail.btx_DetailDepreciationMortgage.bus_DepreciationMortgageDescription,bus,Detail_ Depreciation Mortgage,depreciationMortgageDescription,/xbrli:xbrl/gl-btx:businessTransactions/gl-btx:transactionHeader/gl-btx:transactionDetail/gl-bus:detailDepreciationMortgage/gl-bus:depreciationMortgageDescription
369,bus,5,A,,Depreciation Mortgage Start Date,Date Time,0..1,,"Start of the applicable period of each item related to depreciation, mortgage, loan, credit facility, etc.",開始日付,減価償却や債権債務、ローン、信用供与等に関する項目の、適用期間の開始日。,BU33-05,$.btx_BusinessTransactions.btx_TransactionHeader.btx_TransactionDetail.btx_DetailDepreciationMortgage.bus_DepreciationMortgageStartDate,bus,Detail_ Depreciation Mortgage,depreciationMortgageStartDate,/xbrli:xbrl/gl-btx:businessTransactions/gl-btx:transactionHeader/gl-btx:transactionDetail/gl-bus:detailDepreciationMortgage/gl-bus:depreciationMortgageStartDate
370,bus,5,A,,Depreciation Mortgage End Date,Date Time,0..1,,"End of the applicable period of each item related to depreciation, mortgage, loan, credit facility, etc.",終了日付,減価償却や債権債務、ローン、信用供与等に関する項目の、適用期間の終了日。,BU33-06,$.btx_BusinessTransactions.btx_TransactionHeader.btx_TransactionDetail.btx_DetailDepreciationMortgage.bus_DepreciationMortgageEndDate,bus,Detail_ Depreciation Mortgage,depreciationMortgageEndDate,/xbrli:xbrl/gl-btx:businessTransactions/gl-btx:transactionHeader/gl-btx:transactionDetail/gl-bus:detailDepreciationMortgage/gl-bus:depreciationMortgageEndDate
371,bus,5,A,,Depreciation Mortgage Amount,Monetary,0..1,,"Amount of a cost or fee charged for a mortgage, loan, credit facility, etc.",手数料,減価償却や債権債務、ローン、信用供与等で請求されるコストや手数料。,BU33-07,$.btx_BusinessTransactions.btx_TransactionHeader.btx_TransactionDetail.btx_DetailDepreciationMortgage.bus_DepreciationMortgageAmount,bus,Detail_ Depreciation Mortgage,depreciationMortgageAmount,/xbrli:xbrl/gl-btx:businessTransactions/gl-btx:transactionHeader/gl-btx:transactionDetail/gl-bus:detailDepreciationMortgage/gl-bus:depreciationMortgageAmount
372,ehm,4,C,,Detail_ Serial or Lot,,0..*,,"Class for holding information about serial numbers or lots (batches). As a class, this permits multiple serial numbers or multiple lot number batches within a single gl-cor:measurable class.",【シリアル番号・ロット情報】,シリアル番号やロット（バッチ）に関する情報を保持するタプル。単一の構造内に複数のシリアル番号やロット情報を保持可能。,BT14-28,$.btx_BusinessTransactions.btx_TransactionHeader.btx_TransactionDetail.btx_DetailSerialorLot,ehm,Detail_ Serial or Lot,detailSerialOrLot,/xbrli:xbrl/gl-btx:businessTransactions/gl-btx:transactionHeader/gl-btx:transactionDetail/gl-ehm:detailSerialOrLot
373,ehm,5,A,PK,Serial or Lot Code,Token,0..1,,"Is this item tracked by serial numbers or lot numbers? A serial number is usually a unique number assigned to a single; a lot or batch number is provided when a batch of items is fungible but must be differentiated from similar items from other batches. Enumerated indicator for serial or lot items. Enumeration are: serial, lot, other, neither. If not included within the class, neither is assumed.",シリアル・ロット識別コード,この項目はシリアル番号またはロット番号で管理されているか？シリアル番号は一意に付番されたもので、ロット番号は同一バッチの区別を目的に使用される。,EH01-01,$.btx_BusinessTransactions.btx_TransactionHeader.btx_TransactionDetail.btx_DetailSerialorLot.ehm_SerialorLotCode,ehm,Detail_ Serial or Lot,serialOrLotCode,/xbrli:xbrl/gl-btx:businessTransactions/gl-btx:transactionHeader/gl-btx:transactionDetail/gl-ehm:detailSerialOrLot/gl-ehm:serialOrLotCode
374,ehm,5,A,,Serial or Lot Description,String,0..1,,Free format description associated with gl-ehm:serialLotCode to provide specialization and especially to provide clarification for the enumerated value of other in serialLotCode. Examples might be “batch” or “group”.,シリアル・ロットの説明,gl-ehm:serialLotCode の「その他」の値のための自由記述の説明（例：バッチ、グループなど）。,EH01-02,$.btx_BusinessTransactions.btx_TransactionHeader.btx_TransactionDetail.btx_DetailSerialorLot.ehm_SerialorLotDescription,ehm,Detail_ Serial or Lot,serialOrLotDescription,/xbrli:xbrl/gl-btx:businessTransactions/gl-btx:transactionHeader/gl-btx:transactionDetail/gl-ehm:detailSerialOrLot/gl-ehm:serialOrLotDescription
375,ehm,5,A,,Serial or Lot Number,String,0..1,,The holder for that actual serial number or lot (batch) number/code assigned to an item or a batch of items.,シリアル番号・ロット番号,対象アイテムやロットに割り当てられた実際の番号／コードを保持する。,EH01-03,$.btx_BusinessTransactions.btx_TransactionHeader.btx_TransactionDetail.btx_DetailSerialorLot.ehm_SerialorLotNumber,ehm,Detail_ Serial or Lot,serialOrLotNumber,/xbrli:xbrl/gl-btx:businessTransactions/gl-btx:transactionHeader/gl-btx:transactionDetail/gl-ehm:detailSerialOrLot/gl-ehm:serialOrLotNumber
376,ehm,5,A,,Next Serial or Lot Number,String,0..1,,"A field for holding the next expected serial or lot number to be given to future assignments, or for chaining between already assigned items.",次のシリアル・ロット番号,今後割り当て予定の次のシリアル／ロット番号や、既に割り当てられたアイテムの連結に使用。,EH01-04,$.btx_BusinessTransactions.btx_TransactionHeader.btx_TransactionDetail.btx_DetailSerialorLot.ehm_NextSerialorLotNumber,ehm,Detail_ Serial or Lot,nextSerialOrLotNumber,/xbrli:xbrl/gl-btx:businessTransactions/gl-btx:transactionHeader/gl-btx:transactionDetail/gl-ehm:detailSerialOrLot/gl-ehm:nextSerialOrLotNumber
377,ehm,5,A,,Serial or Lot Quantity,Decimal,0..1,,The quantity of units in this particular batch. Unit of measure is the gl-bus:measurableUnitofMeasure.,シリアル・ロットの数量,該当ロット内の単位数。単位は gl-bus:measurableUnitofMeasure に基づく。,EH01-05,$.btx_BusinessTransactions.btx_TransactionHeader.btx_TransactionDetail.btx_DetailSerialorLot.ehm_SerialorLotQuantity,ehm,Detail_ Serial or Lot,serialOrLotQuantity,/xbrli:xbrl/gl-btx:businessTransactions/gl-btx:transactionHeader/gl-btx:transactionDetail/gl-ehm:detailSerialOrLot/gl-ehm:serialOrLotQuantity
378,ehm,5,A,,Serial or Lot Original Quantity,Decimal,0..1,,The quantity of units in this batch on inception.,シリアル・ロット元数量,このロットが生成された時点の元の数量。,EH01-06,$.btx_BusinessTransactions.btx_TransactionHeader.btx_TransactionDetail.btx_DetailSerialorLot.ehm_SerialorLotOriginalQuantity,ehm,Detail_ Serial or Lot,serialOrLotOriginalQuantity,/xbrli:xbrl/gl-btx:businessTransactions/gl-btx:transactionHeader/gl-btx:transactionDetail/gl-ehm:detailSerialOrLot/gl-ehm:serialOrLotOriginalQuantity
379,ehm,5,A,,Serial or Lot Remaining Quantity,Decimal,0..1,,The remaining quantity of units from the original batch; may be the same as the quantity in this batch or include other batches from the same original batch.,シリアル・ロット残数量,元ロットからの残りの数量。,EH01-07,$.btx_BusinessTransactions.btx_TransactionHeader.btx_TransactionDetail.btx_DetailSerialorLot.ehm_SerialorLotRemainingQuantity,ehm,Detail_ Serial or Lot,serialOrLotRemainingQuantity,/xbrli:xbrl/gl-btx:businessTransactions/gl-btx:transactionHeader/gl-btx:transactionDetail/gl-ehm:detailSerialOrLot/gl-ehm:serialOrLotRemainingQuantity
380,ehm,5,A,,Serial or Lot Origination,Date Time,0..1,,Date of manufacture or creation.,シリアル・ロット生成日,製造日または作成日。,EH01-08,$.btx_BusinessTransactions.btx_TransactionHeader.btx_TransactionDetail.btx_DetailSerialorLot.ehm_SerialorLotOrigination,ehm,Detail_ Serial or Lot,serialOrLotOrigination,/xbrli:xbrl/gl-btx:businessTransactions/gl-btx:transactionHeader/gl-btx:transactionDetail/gl-ehm:detailSerialOrLot/gl-ehm:serialOrLotOrigination
381,ehm,5,A,,Serial or Lot Expiration,Date Time,0..1,,Expiration date of the batch.,シリアル・ロット有効期限,ロットの有効期限。,EH01-09,$.btx_BusinessTransactions.btx_TransactionHeader.btx_TransactionDetail.btx_DetailSerialorLot.ehm_SerialorLotExpiration,ehm,Detail_ Serial or Lot,serialOrLotExpiration,/xbrli:xbrl/gl-btx:businessTransactions/gl-btx:transactionHeader/gl-btx:transactionDetail/gl-ehm:detailSerialOrLot/gl-ehm:serialOrLotExpiration
382,ehm,5,A,,Serial or Lot Manufacturer,String,0..1,,Manufacturer of the item (serial) or items (lot/batch).,シリアル・ロット製造元,シリアル番号またはロットの製造者。,EH01-10,$.btx_BusinessTransactions.btx_TransactionHeader.btx_TransactionDetail.btx_DetailSerialorLot.ehm_SerialorLotManufacturer,ehm,Detail_ Serial or Lot,serialOrLotManufacturer,/xbrli:xbrl/gl-btx:businessTransactions/gl-btx:transactionHeader/gl-btx:transactionDetail/gl-ehm:detailSerialOrLot/gl-ehm:serialOrLotManufacturer
383,ehm,5,A,,Serial or Lot Batch Description,String,0..1,,A name or description of the items in the lot or batch.,シリアル・ロットバッチの説明,ロットまたはバッチ内のアイテムの名称や説明。,EH01-11,$.btx_BusinessTransactions.btx_TransactionHeader.btx_TransactionDetail.btx_DetailSerialorLot.ehm_SerialorLotBatchDescription,ehm,Detail_ Serial or Lot,serialOrLotBatchDescription,/xbrli:xbrl/gl-btx:businessTransactions/gl-btx:transactionHeader/gl-btx:transactionDetail/gl-ehm:detailSerialOrLot/gl-ehm:serialOrLotBatchDescription
384,ehm,5,A,,Serial or Lot Warranty Start Date,Date Time,0..1,,"If the items are covered by warranty, when that warranty covered will begin or has begun.",保証開始日,保証対象となる場合の保証開始日。,EH01-12,$.btx_BusinessTransactions.btx_TransactionHeader.btx_TransactionDetail.btx_DetailSerialorLot.ehm_SerialorLotWarrantyStartDate,ehm,Detail_ Serial or Lot,serialOrLotWarrantyStartDate,/xbrli:xbrl/gl-btx:businessTransactions/gl-btx:transactionHeader/gl-btx:transactionDetail/gl-ehm:detailSerialOrLot/gl-ehm:serialOrLotWarrantyStartDate
385,ehm,5,A,,Serial or Lot Warranty End Date,Date Time,0..1,,"If the items are covered by warranty, when that warranty covered will end or ended.",保証終了日,保証対象となる場合の保証終了日。,EH01-13,$.btx_BusinessTransactions.btx_TransactionHeader.btx_TransactionDetail.btx_DetailSerialorLot.ehm_SerialorLotWarrantyEndDate,ehm,Detail_ Serial or Lot,serialOrLotWarrantyEndDate,/xbrli:xbrl/gl-btx:businessTransactions/gl-btx:transactionHeader/gl-btx:transactionDetail/gl-ehm:detailSerialOrLot/gl-ehm:serialOrLotWarrantyEndDate
386,ehm,5,A,,Serial or Lot Warranty Period,Decimal,0..1,,"Warranty period – numeric portion; for a 30 day warranty period, the 30 would go here, and the day would go in gl-ehm:serialLotWarrantyPeriodUnit.",保証期間（数値）,保証期間の数値部分（例：30日保証の場合は「30」）。,EH01-14,$.btx_BusinessTransactions.btx_TransactionHeader.btx_TransactionDetail.btx_DetailSerialorLot.ehm_SerialorLotWarrantyPeriod,ehm,Detail_ Serial or Lot,serialOrLotWarrantyPeriod,/xbrli:xbrl/gl-btx:businessTransactions/gl-btx:transactionHeader/gl-btx:transactionDetail/gl-ehm:detailSerialOrLot/gl-ehm:serialOrLotWarrantyPeriod
387,ehm,5,A,,Serial or Lot Warrant Period Unit,String,0..1,,"Warrant period – time or cycle unit portion. Values from the XBRL Unit Registry (www.xbrl.org/utr/utr.xml) are suggested where possible. Examples might include: H (hours), D (days), M (months), Y (years), machine cycles, km (kilometers).",保証期間（単位）,保証期間の単位（例：日、月、年、km、機械サイクルなど）。,EH01-15,$.btx_BusinessTransactions.btx_TransactionHeader.btx_TransactionDetail.btx_DetailSerialorLot.ehm_SerialorLotWarrantPeriodUnit,ehm,Detail_ Serial or Lot,serialOrLotWarrantPeriodUnit,/xbrli:xbrl/gl-btx:businessTransactions/gl-btx:transactionHeader/gl-btx:transactionDetail/gl-ehm:detailSerialOrLot/gl-ehm:serialOrLotWarrantPeriodUnit
388,ehm,5,A,,Warranty Vendor,String,0..1,,The vendor providing warranty; this may differ from the manufacturer.,保証提供業者,保証を提供するベンダー（製造者とは異なる可能性あり）。,EH01-16,$.btx_BusinessTransactions.btx_TransactionHeader.btx_TransactionDetail.btx_DetailSerialorLot.ehm_WarrantyVendor,ehm,Detail_ Serial or Lot,warrantyVendor,/xbrli:xbrl/gl-btx:businessTransactions/gl-btx:transactionHeader/gl-btx:transactionDetail/gl-ehm:detailSerialOrLot/gl-ehm:warrantyVendor
389,ehm,5,A,,Warranty Contract,String,0..1,,"Contract or document information related to the warranty, such as a contract number and date or a URL with more information.",保証契約情報,保証に関する契約番号、日付、URL などの情報。,EH01-17,$.btx_BusinessTransactions.btx_TransactionHeader.btx_TransactionDetail.btx_DetailSerialorLot.ehm_WarrantyContract,ehm,Detail_ Serial or Lot,warrantyContract,/xbrli:xbrl/gl-btx:businessTransactions/gl-btx:transactionHeader/gl-btx:transactionDetail/gl-ehm:detailSerialOrLot/gl-ehm:warrantyContract
390,ehm,5,A,,Serial or Lot Comment,String,0..1,,Free format text related to the serial number or lot.,シリアル・ロット備考,シリアルまたはロットに関する自由形式のテキスト。,EH01-18,$.btx_BusinessTransactions.btx_TransactionHeader.btx_TransactionDetail.btx_DetailSerialorLot.ehm_SerialorLotComment,ehm,Detail_ Serial or Lot,serialOrLotComment,/xbrli:xbrl/gl-btx:businessTransactions/gl-btx:transactionHeader/gl-btx:transactionDetail/gl-ehm:detailSerialOrLot/gl-ehm:serialOrLotComment
391,btx,4,C,,Detail_ Tax,,0..*,,Class for holding tax related information,【税情報】,税関連の情報のタプル。,BT14-29,$.btx_BusinessTransactions.btx_TransactionHeader.btx_TransactionDetail.btx_DetailTax,btx,Detail_ Tax,detailTax,/xbrli:xbrl/gl-btx:businessTransactions/gl-btx:transactionHeader/gl-btx:transactionDetail/gl-btx:detailTax
392,btx,5,A,,Tax Authority,String,0..1,,Name of the relevant tax authority,課税庁,関係する課税庁の名前。,BT16-01,$.btx_BusinessTransactions.btx_TransactionHeader.btx_TransactionDetail.btx_DetailTax.btx_TaxAuthority,btx,Detail_ Tax,taxAuthority,/xbrli:xbrl/gl-btx:businessTransactions/gl-btx:transactionHeader/gl-btx:transactionDetail/gl-btx:detailTax/gl-btx:taxAuthority
393,btx,5,A,,Tax Table Code,String,0..1,,Tax table code used by the relevant tax authority,税率表コード,関係する課税庁で使用される税率表のコード。,BT16-02,$.btx_BusinessTransactions.btx_TransactionHeader.btx_TransactionDetail.btx_DetailTax.btx_TaxTableCode,btx,Detail_ Tax,taxTableCode,/xbrli:xbrl/gl-btx:businessTransactions/gl-btx:transactionHeader/gl-btx:transactionDetail/gl-btx:detailTax/gl-btx:taxTableCode
394,btx,5,A,,Tax Description,String,0..1,,Description of tax authority,課税庁説明,課税庁の説明。,BT16-03,$.btx_BusinessTransactions.btx_TransactionHeader.btx_TransactionDetail.btx_DetailTax.btx_TaxDescription,btx,Detail_ Tax,taxDescription,/xbrli:xbrl/gl-btx:businessTransactions/gl-btx:transactionHeader/gl-btx:transactionDetail/gl-btx:detailTax/gl-btx:taxDescription
395,btx,5,A,,Amount of Taxes,Monetary,0..1,,Amount of taxes,税額,税額。,BT16-04,$.btx_BusinessTransactions.btx_TransactionHeader.btx_TransactionDetail.btx_DetailTax.btx_AmountofTaxes,btx,Detail_ Tax,amountOfTaxes,/xbrli:xbrl/gl-btx:businessTransactions/gl-btx:transactionHeader/gl-btx:transactionDetail/gl-btx:detailTax/gl-btx:amountOfTaxes
396,btx,5,A,,Basis for Taxation,Monetary,0..1,,Basis for taxation,課税基準,課税基準。,BT16-05,$.btx_BusinessTransactions.btx_TransactionHeader.btx_TransactionDetail.btx_DetailTax.btx_BasisforTaxation,btx,Detail_ Tax,basisForTaxation,/xbrli:xbrl/gl-btx:businessTransactions/gl-btx:transactionHeader/gl-btx:transactionDetail/gl-btx:detailTax/gl-btx:basisForTaxation
397,btx,5,A,,Tax Percentage Rate,Pure,0..1,,Percent rate for VAT or other taxes normally a number between 0 and 1.0 - e.g. 50% is represented as 0.5,税率,"VAT(物品税)またはその他の税のパーセント比率。_x000D_
0から1.0の間の値。たとえば50%は0.5とあらわす。",BT16-06,$.btx_BusinessTransactions.btx_TransactionHeader.btx_TransactionDetail.btx_DetailTax.btx_TaxPercentageRate,btx,Detail_ Tax,taxPercentageRate,/xbrli:xbrl/gl-btx:businessTransactions/gl-btx:transactionHeader/gl-btx:transactionDetail/gl-btx:detailTax/gl-btx:taxPercentageRate
398,btx,5,A,,Tax Category,String,0..1,,A class or category of taxes,税区分,税のクラス又はカテゴリ。,BT16-07,$.btx_BusinessTransactions.btx_TransactionHeader.btx_TransactionDetail.btx_DetailTax.btx_TaxCategory,btx,Detail_ Tax,taxCategory,/xbrli:xbrl/gl-btx:businessTransactions/gl-btx:transactionHeader/gl-btx:transactionDetail/gl-btx:detailTax/gl-btx:taxCategory
399,btx,5,A,,Tax Comment/Exemption Reason,String,0..1,,Additional text/code for exemption reasons or other comments.,税コメント/免税理由,免税理由やその他のコメントのための、追加の文またはコード。,BT16-08,$.btx_BusinessTransactions.btx_TransactionHeader.btx_TransactionDetail.btx_DetailTax.btx_TaxCommentExemptionReason,btx,Detail_ Tax,taxCommentExemptionReason,/xbrli:xbrl/gl-btx:businessTransactions/gl-btx:transactionHeader/gl-btx:transactionDetail/gl-btx:detailTax/gl-btx:taxCommentExemptionReason
400,btx,5,A,,Tax Amount in Foreign Currency,Monetary,0..1,,"If the tax is in a foreign currency, the amount of tax in that currency",外貨建税額,税が外貨建ての場合の、税額。,BT16-09,$.btx_BusinessTransactions.btx_TransactionHeader.btx_TransactionDetail.btx_DetailTax.btx_TaxAmountinForeignCurrency,btx,Detail_ Tax,taxAmountInForeignCurrency,/xbrli:xbrl/gl-btx:businessTransactions/gl-btx:transactionHeader/gl-btx:transactionDetail/gl-btx:detailTax/gl-btx:taxAmountInForeignCurrency
401,btx,5,A,,Tax Foreign Currency,QName,0..1,,"If the tax is in a foreign currency, that currency",外貨建税額通貨,税が外貨建ての場合の、通貨。,BT16-10,$.btx_BusinessTransactions.btx_TransactionHeader.btx_TransactionDetail.btx_DetailTax.btx_TaxForeignCurrency,btx,Detail_ Tax,taxForeignCurrency,/xbrli:xbrl/gl-btx:businessTransactions/gl-btx:transactionHeader/gl-btx:transactionDetail/gl-btx:detailTax/gl-btx:taxForeignCurrency
402,btx,5,A,,Tax Exchange Rate Date,Date Time,0..1,,"If the tax is in a foreign currency, the date or date and time of the exchange rate used",税額換算レート日付,税が外貨建ての場合の、換算レートの日付または日付/時刻。,BT16-11,$.btx_BusinessTransactions.btx_TransactionHeader.btx_TransactionDetail.btx_DetailTax.btx_TaxExchangeRateDate,btx,Detail_ Tax,taxExchangeRateDate,/xbrli:xbrl/gl-btx:businessTransactions/gl-btx:transactionHeader/gl-btx:transactionDetail/gl-btx:detailTax/gl-btx:taxExchangeRateDate
403,btx,5,A,,Tax Exchange Rate,Pure,0..1,,"If the tax is in a foreign currency, the exchange rate used expressed as national currency divided by foreign currency",税額換算レート,税が外貨建ての場合の、換算レート。自国通貨を外貨で割った値。,BT16-12,$.btx_BusinessTransactions.btx_TransactionHeader.btx_TransactionDetail.btx_DetailTax.btx_TaxExchangeRate,btx,Detail_ Tax,taxExchangeRate,/xbrli:xbrl/gl-btx:businessTransactions/gl-btx:transactionHeader/gl-btx:transactionDetail/gl-btx:detailTax/gl-btx:taxExchangeRate
404,btx,5,A,,Tax Exchange Rate Source,String,0..1,,"If the tax is in a foreign currency, source of exchange rate - for example, Reuters, Bloomberg",税額換算レート情報源,"税が外貨建ての場合の、換算レートの情報源。たとえば、Reuters, Bloomberg",BT16-13,$.btx_BusinessTransactions.btx_TransactionHeader.btx_TransactionDetail.btx_DetailTax.btx_TaxExchangeRateSource,btx,Detail_ Tax,taxExchangeRateSource,/xbrli:xbrl/gl-btx:businessTransactions/gl-btx:transactionHeader/gl-btx:transactionDetail/gl-btx:detailTax/gl-btx:taxExchangeRateSource
405,btx,5,A,,Tax Exchange Rate Type,String,0..1,,"If the tax is in a foreign currency, type of exchange rate - for example, spot rate, forward contract etc.",税額換算レート種別,税が外貨建ての場合の、換算レートの種別。たとえば、スポット・レート、先物など。,BT16-14,$.btx_BusinessTransactions.btx_TransactionHeader.btx_TransactionDetail.btx_DetailTax.btx_TaxExchangeRateType,btx,Detail_ Tax,taxExchangeRateType,/xbrli:xbrl/gl-btx:businessTransactions/gl-btx:transactionHeader/gl-btx:transactionDetail/gl-btx:detailTax/gl-btx:taxExchangeRateType
406,btx,5,A,,Tax Exchange Rate Comment,String,0..1,,"If the tax is in a foreign currency, comment about exchange rate used",税額換算レートコメント,税が外貨建ての場合の、換算レートに関するコメント。,BT16-15,$.btx_BusinessTransactions.btx_TransactionHeader.btx_TransactionDetail.btx_DetailTax.btx_TaxExchangeRateComment,btx,Detail_ Tax,taxExchangeRateComment,/xbrli:xbrl/gl-btx:businessTransactions/gl-btx:transactionHeader/gl-btx:transactionDetail/gl-btx:detailTax/gl-btx:taxExchangeRateComment
407,btx,5,A,,Tax Amount in Triangulation Currency,Monetary,0..1,,"If the tax is in a foreign currency and triangulation is used, the amount of that tax in the triangulation currency",税額トライアンギュレーション通貨換算額,税が外貨建てで、トライアンギュレーション取引の場合の、トライアンギュレーション通貨での税額。,BT16-16,$.btx_BusinessTransactions.btx_TransactionHeader.btx_TransactionDetail.btx_DetailTax.btx_TaxAmountinTriangulationCurrency,btx,Detail_ Tax,taxAmountInTriangulationCurrency,/xbrli:xbrl/gl-btx:businessTransactions/gl-btx:transactionHeader/gl-btx:transactionDetail/gl-btx:detailTax/gl-btx:taxAmountInTriangulationCurrency
408,btx,5,A,,Tax Triangulation Currency,QName,0..1,,"If the tax is in a foreign currency and triangulation is used, the triangulation currency",税額換算トライアンギュレーション通貨,税が外貨建てで、トライアンギュレーション取引の場合の、トライアンギュレーション通貨。,BT16-17,$.btx_BusinessTransactions.btx_TransactionHeader.btx_TransactionDetail.btx_DetailTax.btx_TaxTriangulationCurrency,btx,Detail_ Tax,taxTriangulationCurrency,/xbrli:xbrl/gl-btx:businessTransactions/gl-btx:transactionHeader/gl-btx:transactionDetail/gl-btx:detailTax/gl-btx:taxTriangulationCurrency
409,btx,5,A,,Tax Triangulation Currency Exchange Rate,Pure,0..1,,"If the tax is in a foreign currency and triangulation is used, the exchange rate used expressed as national currency divided by triangulation currency",税額トライアンギュレーション通貨換算レート,税が外貨建てで、トライアンギュレーション取引の場合の、換算レート。自国通貨をトライアンギュレーション通貨で割った値。,BT16-18,$.btx_BusinessTransactions.btx_TransactionHeader.btx_TransactionDetail.btx_DetailTax.btx_TaxTriangulationCurrencyExchangeRate,btx,Detail_ Tax,taxTriangulationCurrencyExchangeRate,/xbrli:xbrl/gl-btx:businessTransactions/gl-btx:transactionHeader/gl-btx:transactionDetail/gl-btx:detailTax/gl-btx:taxTriangulationCurrencyExchangeRate
410,btx,5,A,,Tax Triangulation Currency Exchange Rate Source,String,0..1,,"If the tax is in a foreign currency and triangulation is used, source of exchange rate - for example, Reuters, Bloomberg",税額トライアンギュレーション通貨換算レート情報源,"税が外貨建てで、トライアンギュレーション取引の場合の、換算レートの情報源。たとえば、Reuters, Bloomberg",BT16-19,$.btx_BusinessTransactions.btx_TransactionHeader.btx_TransactionDetail.btx_DetailTax.btx_TaxTriangulationCurrencyExchangeRateSource,btx,Detail_ Tax,taxTriangulationCurrencyExchangeRateSource,/xbrli:xbrl/gl-btx:businessTransactions/gl-btx:transactionHeader/gl-btx:transactionDetail/gl-btx:detailTax/gl-btx:taxTriangulationCurrencyExchangeRateSource
411,btx,5,A,,Tax Triangulation Currency Exchange Rate Type,String,0..1,,"If the tax is in a foreign currency and triangulation is used, type of exchange rate - for example, spot rate, forward contract etc.",税額トライアンギュレーション通貨換算レート種別,税が外貨建てで、トライアンギュレーション取引の場合の、換算レートの種別。たとえば、スポット・レート、先物など,BT16-20,$.btx_BusinessTransactions.btx_TransactionHeader.btx_TransactionDetail.btx_DetailTax.btx_TaxTriangulationCurrencyExchangeRateType,btx,Detail_ Tax,taxTriangulationCurrencyExchangeRateType,/xbrli:xbrl/gl-btx:businessTransactions/gl-btx:transactionHeader/gl-btx:transactionDetail/gl-btx:detailTax/gl-btx:taxTriangulationCurrencyExchangeRateType
412,btx,5,A,,Tax Foreign to Triangulation Currency Exchange Rate,Pure,0..1,,"If the tax is in a foreign currency and triangulation is used,  the exchange rate used expressed as foreign currency divided by triangulation currency",税額外貨トライアンギュレーション通貨換算レート,税が外貨建てで、トライアンギュレーション取引の場合の、換算レート。外貨をトライアンギュレーション通貨で割った値。,BT16-21,$.btx_BusinessTransactions.btx_TransactionHeader.btx_TransactionDetail.btx_DetailTax.btx_TaxForeigntoTriangulationCurrencyExchangeRate,btx,Detail_ Tax,taxForeignToTriangulationCurrencyExchangeRate,/xbrli:xbrl/gl-btx:businessTransactions/gl-btx:transactionHeader/gl-btx:transactionDetail/gl-btx:detailTax/gl-btx:taxForeignToTriangulationCurrencyExchangeRate
413,btx,5,A,,Tax Foreign to Triangulation Currency Exchange Rate Source,String,0..1,,"If the tax is in a foreign currency and triangulation is used, source of exchange rate - for example, Reuters, Bloomberg",税額外貨トライアンギュレーション通貨換算レート情報源,"税が外貨建てで、トライアンギュレーション取引の場合の、換算レートの情報源。たとえば、Reuters, Bloomberg",BT16-22,$.btx_BusinessTransactions.btx_TransactionHeader.btx_TransactionDetail.btx_DetailTax.btx_TaxForeigntoTriangulationCurrencyExchangeRateSource,btx,Detail_ Tax,taxForeignToTriangulationCurrencyExchangeRateSource,/xbrli:xbrl/gl-btx:businessTransactions/gl-btx:transactionHeader/gl-btx:transactionDetail/gl-btx:detailTax/gl-btx:taxForeignToTriangulationCurrencyExchangeRateSource
414,btx,5,A,,Tax Foreign to Triangulation Currency Exchange Rate Type,String,0..1,,"If the tax is in a foreign currency and triangulation is used, type of exchange rate - for example, spot rate, forward contract etc.",税額外貨トライアンギュレーション通貨換算レート種別,税が外貨建てで、トライアンギュレーション取引の場合の、換算レートの種別。たとえば、スポット・レート、先物など。,BT16-23,$.btx_BusinessTransactions.btx_TransactionHeader.btx_TransactionDetail.btx_DetailTax.btx_TaxForeigntoTriangulationCurrencyExchangeRateType,btx,Detail_ Tax,taxForeignToTriangulationCurrencyExchangeRateType,/xbrli:xbrl/gl-btx:businessTransactions/gl-btx:transactionHeader/gl-btx:transactionDetail/gl-btx:detailTax/gl-btx:taxForeignToTriangulationCurrencyExchangeRateType
415,btx,5,A,,Tax Type,Token,0..1,,"Type of tax regime or tax family applicable to this detail tax occurrence, distinct from its tax category.",明細税種別,この明細税出現に適用される税制又は税体系の種別。税区分とは異なる。,BT16-24,$.btx_BusinessTransactions.btx_TransactionHeader.btx_TransactionDetail.btx_DetailTax.btx_TaxType,btx,Detail_ Tax,detailTaxType,/xbrli:xbrl/gl-btx:businessTransactions/gl-btx:transactionHeader/gl-btx:transactionDetail/gl-btx:detailTax/gl-btx:detailTaxType
416,btx,5,A,,Tax Exemption Reason Code,Token,0..1,,Code identifying the exemption reason for this detail tax occurrence.,明細免税理由コード,この明細税出現の免税理由を識別するコード。,BT16-25,$.btx_BusinessTransactions.btx_TransactionHeader.btx_TransactionDetail.btx_DetailTax.btx_TaxExemptionReasonCode,btx,Detail_ Tax,detailTaxExemptionReasonCode,/xbrli:xbrl/gl-btx:businessTransactions/gl-btx:transactionHeader/gl-btx:transactionDetail/gl-btx:detailTax/gl-btx:detailTaxExemptionReasonCode
417,btx,5,A,,Tax Exemption Reason Text,String,0..1,,Human-readable text describing the exemption reason for this detail tax occurrence.,明細免税理由テキスト,この明細税出現の免税理由を説明する可読テキスト。,BT16-26,$.btx_BusinessTransactions.btx_TransactionHeader.btx_TransactionDetail.btx_DetailTax.btx_TaxExemptionReasonText,btx,Detail_ Tax,detailTaxExemptionReasonText,/xbrli:xbrl/gl-btx:businessTransactions/gl-btx:transactionHeader/gl-btx:transactionDetail/gl-btx:detailTax/gl-btx:detailTaxExemptionReasonText
418,lnk,4,C,,Detail_ Rich Text Comment,,0..*,,"Accepts text in rich text format, including XHTML. It can be used for different purposes, such as to create footnotes in XBRL instances or to create a comment for a document or an entry.",【リッチテキストコメント】,XHTMLを含む、リッチテキスト形式のテキストを受け入れる。XBRLインスタンスのフットノートの生成や、文書や伝票のコメントの生成などの、さまざまな目的で利用可能。,BT14-30,$.btx_BusinessTransactions.btx_TransactionHeader.btx_TransactionDetail.btx_DetailRichTextComment,lnk,Detail_ Rich Text Comment,detailRichTextComment,/xbrli:xbrl/gl-btx:businessTransactions/gl-btx:transactionHeader/gl-btx:transactionDetail/gl-lnk:detailRichTextComment
419,lnk,5,A,,Comment Code,String,0..1,,"An enumerated code that identifies the purpose of the rich text comment. Enumerated values: link_footnote, footnote, source_document, source_journal, batch, other.",リッチテキストコメントコード,"リッチテキストコメントの用途を識別する、列挙コード。_x000D_
[設定値のリスト]_x000D_
link_footnote：リンクフットノート、footnote：フットノート、source_document：元文書、source_journal：元仕訳帳、batch：仕訳の束、other：その他",LN01-01,$.btx_BusinessTransactions.btx_TransactionHeader.btx_TransactionDetail.btx_DetailRichTextComment.lnk_CommentCode,lnk,Detail_ Rich Text Comment,detailRitchTextCommentCode,/xbrli:xbrl/gl-btx:businessTransactions/gl-btx:transactionHeader/gl-btx:transactionDetail/gl-lnk:detailRichTextComment/gl-lnk:detailRitchTextCommentCode
420,lnk,5,A,,Comment Description,String,0..1,,Free format description of the Rich text Comment Code.,リッチテキストコメント説明,リッチテキストコメントコードの説明。,LN01-02,$.btx_BusinessTransactions.btx_TransactionHeader.btx_TransactionDetail.btx_DetailRichTextComment.lnk_CommentDescription,lnk,Detail_ Rich Text Comment,detailRitchTextCommentDescription,/xbrli:xbrl/gl-btx:businessTransactions/gl-btx:transactionHeader/gl-btx:transactionDetail/gl-lnk:detailRichTextComment/gl-lnk:detailRitchTextCommentDescription
421,lnk,5,A,,Comment Content,String,0..1,,Content of the Rich Text Comment.,リッチテキストコメント内容,リッチテキストコメントの内容。,LN01-03,$.btx_BusinessTransactions.btx_TransactionHeader.btx_TransactionDetail.btx_DetailRichTextComment.lnk_CommentContent,lnk,Detail_ Rich Text Comment,detailRitchTextCommentContent,/xbrli:xbrl/gl-btx:businessTransactions/gl-btx:transactionHeader/gl-btx:transactionDetail/gl-lnk:detailRichTextComment/gl-lnk:detailRitchTextCommentContent
422,lnk,5,A,,Comment Locator,String,0..1,,An XPath expression that identifies the item that the comment relates to.,リッチテキストコメントロケータ,コメントが関係する項目を識別する、XPath表現。,LN01-04,$.btx_BusinessTransactions.btx_TransactionHeader.btx_TransactionDetail.btx_DetailRichTextComment.lnk_CommentLocator,lnk,Detail_ Rich Text Comment,detailRitchTextCommentLocator,/xbrli:xbrl/gl-btx:businessTransactions/gl-btx:transactionHeader/gl-btx:transactionDetail/gl-lnk:detailRichTextComment/gl-lnk:detailRitchTextCommentLocator
423,btx,4,C,,Detail_ Amount Structure,,0..*,,"Structure representing monetary amounts and currency information applicable to an individual line, such as line-level net amounts, tax calculation bases, allowances, or charges.",【行金額構造】,個々の明細行に適用される金額や通貨情報（行レベルの正味金額、税計算基礎額、値引または追加請求など）を表現する構造。,BT14-31,$.btx_BusinessTransactions.btx_TransactionHeader.btx_TransactionDetail.btx_DetailAmountStructure,btx,Detail_ Amount Structure,detailAmountStructure,/xbrli:xbrl/gl-btx:businessTransactions/gl-btx:transactionHeader/gl-btx:transactionDetail/gl-btx:detailAmountStructure
424,btx,5,A,,Amount,Monetary,1,,Numeric value of the monetary amount expressed in the specified currency.,金額,指定された通貨で表現された金額の数値。,BT02-01,$.btx_BusinessTransactions.btx_TransactionHeader.btx_TransactionDetail.btx_DetailAmountStructure.btx_Amount,btx,Detail_ Amount Structure,amount,/xbrli:xbrl/gl-btx:businessTransactions/gl-btx:transactionHeader/gl-btx:transactionDetail/gl-btx:detailAmountStructure/gl-btx:amount
425,btx,5,A,,Amount Type,Token,0..1,,"Code or text specifying the type or role of the amount, such as tax amount, tax base amount, allowance amount, or charge amount.",金額種別,税額、課税標準額、値引金額、追加請求金額など、金額の種類または役割を指定するコードまたはテキスト。,BT02-02,$.btx_BusinessTransactions.btx_TransactionHeader.btx_TransactionDetail.btx_DetailAmountStructure.btx_AmountType,btx,Detail_ Amount Structure,detailAmountStructureAmountType,/xbrli:xbrl/gl-btx:businessTransactions/gl-btx:transactionHeader/gl-btx:transactionDetail/gl-btx:detailAmountStructure/gl-btx:detailAmountStructureAmountType
426,btx,5,A,,Currency Code,Token,0..1,,"Code specifying the currency in which the amount is expressed, typically an ISO 4217 currency code.",通貨コード,金額が表現される通貨を指定するコード。通常は ISO 4217 通貨コードを用いる。,BT02-03,$.btx_BusinessTransactions.btx_TransactionHeader.btx_TransactionDetail.btx_DetailAmountStructure.btx_CurrencyCode,btx,Detail_ Amount Structure,currencyCode,/xbrli:xbrl/gl-btx:businessTransactions/gl-btx:transactionHeader/gl-btx:transactionDetail/gl-btx:detailAmountStructure/gl-btx:currencyCode
427,btx,5,A,,Currency Code Type,Token,0..1,,"Code specifying the role of the currency used for the amount, such as functional currency, local currency, reporting currency, or transaction currency.",通貨コード種別,金額に対する通貨の役割（機能通貨、ローカル通貨、報告通貨、取引通貨など）を指定するコード。,BT02-04,$.btx_BusinessTransactions.btx_TransactionHeader.btx_TransactionDetail.btx_DetailAmountStructure.btx_CurrencyCodeType,btx,Detail_ Amount Structure,currencyCodeType,/xbrli:xbrl/gl-btx:businessTransactions/gl-btx:transactionHeader/gl-btx:transactionDetail/gl-btx:detailAmountStructure/gl-btx:currencyCodeType
428,btx,5,A,,Detail_ Amount Type,String,0..1,,"Code or text specifying the type or role of the amount, such as tax amount, tax base amount, allowance amount, or charge amount.",金額種別,税額、課税標準額、値引金額、追加請求金額など、金額の種類または役割を指定するコードまたはテキスト。,BT02-05,$.btx_BusinessTransactions.btx_TransactionHeader.btx_TransactionDetail.btx_DetailAmountStructure.btx_DetailAmountType,btx,Detail_ Amount Structure,amountType,/xbrli:xbrl/gl-btx:businessTransactions/gl-btx:transactionHeader/gl-btx:transactionDetail/gl-btx:detailAmountStructure/gl-btx:amountType
429,btx,4,C,,Detail_ Adjustment,,0..*,Detail,Line-level allowance or charge adjustment.,【明細調整】,明細レベルの値引又は追加請求の調整。,BT14-32,$.btx_BusinessTransactions.btx_TransactionHeader.btx_TransactionDetail.btx_DetailAdjustment,btx,Adjustment,detailAdjustment,/xbrli:xbrl/gl-btx:businessTransactions/gl-btx:transactionHeader/gl-btx:transactionDetail/gl-btx:detailAdjustment
430,btx,5,A,,Adjustment Type,Token,0..1,,"Type of adjustment, such as an allowance or charge; literal values are defined outside this FSM change.",調整種別,値引又は追加請求などの調整種別。具体的な値はこのFSM変更では定義しない。,BT19-01,$.btx_BusinessTransactions.btx_TransactionHeader.btx_TransactionDetail.btx_DetailAdjustment.btx_AdjustmentType,btx,Adjustment,detailAdjustmentType,/xbrli:xbrl/gl-btx:businessTransactions/gl-btx:transactionHeader/gl-btx:transactionDetail/gl-btx:detailAdjustment/gl-btx:detailAdjustmentType
431,btx,5,A,,Amount,Monetary,1,,Monetary amount of the adjustment.,調整金額,調整の金額。,BT19-02,$.btx_BusinessTransactions.btx_TransactionHeader.btx_TransactionDetail.btx_DetailAdjustment.btx_Amount,btx,Adjustment,detailAdjustmentAmount,/xbrli:xbrl/gl-btx:businessTransactions/gl-btx:transactionHeader/gl-btx:transactionDetail/gl-btx:detailAdjustment/gl-btx:detailAdjustmentAmount
432,btx,5,A,,Base Amount,Monetary,0..1,,Monetary base amount used to calculate the adjustment.,調整基礎金額,調整の計算に用いる基礎金額。,BT19-03,$.btx_BusinessTransactions.btx_TransactionHeader.btx_TransactionDetail.btx_DetailAdjustment.btx_BaseAmount,btx,Adjustment,detailAdjustmentBaseAmount,/xbrli:xbrl/gl-btx:businessTransactions/gl-btx:transactionHeader/gl-btx:transactionDetail/gl-btx:detailAdjustment/gl-btx:detailAdjustmentBaseAmount
433,btx,5,A,,Percentage,Pure,0..1,,"Percentage rate used to calculate the adjustment, represented as a pure numeric value.",調整率,調整の計算に用いる比率。純粋数値として表現する。,BT19-04,$.btx_BusinessTransactions.btx_TransactionHeader.btx_TransactionDetail.btx_DetailAdjustment.btx_Percentage,btx,Adjustment,detailAdjustmentPercentage,/xbrli:xbrl/gl-btx:businessTransactions/gl-btx:transactionHeader/gl-btx:transactionDetail/gl-btx:detailAdjustment/gl-btx:detailAdjustmentPercentage
434,btx,5,A,,Reason,String,0..1,,Human-readable reason for the adjustment.,調整理由,調整理由の可読テキスト。,BT19-05,$.btx_BusinessTransactions.btx_TransactionHeader.btx_TransactionDetail.btx_DetailAdjustment.btx_Reason,btx,Adjustment,detailAdjustmentReason,/xbrli:xbrl/gl-btx:businessTransactions/gl-btx:transactionHeader/gl-btx:transactionDetail/gl-btx:detailAdjustment/gl-btx:detailAdjustmentReason
435,btx,5,A,,Reason Code,Token,0..1,,Code identifying the reason for the adjustment.,調整理由コード,調整理由を識別するコード。,BT19-06,$.btx_BusinessTransactions.btx_TransactionHeader.btx_TransactionDetail.btx_DetailAdjustment.btx_ReasonCode,btx,Adjustment,detailAdjustmentReasonCode,/xbrli:xbrl/gl-btx:businessTransactions/gl-btx:transactionHeader/gl-btx:transactionDetail/gl-btx:detailAdjustment/gl-btx:detailAdjustmentReasonCode
436,btx,5,A,,Tax Category,Token,0..1,,Tax category applicable to the adjustment.,調整税区分,調整に適用される税区分。,BT19-07,$.btx_BusinessTransactions.btx_TransactionHeader.btx_TransactionDetail.btx_DetailAdjustment.btx_TaxCategory,btx,Adjustment,detailAdjustmentTaxCategory,/xbrli:xbrl/gl-btx:businessTransactions/gl-btx:transactionHeader/gl-btx:transactionDetail/gl-btx:detailAdjustment/gl-btx:detailAdjustmentTaxCategory
437,btx,5,A,,Tax Rate,Pure,0..1,,Tax percentage rate applicable to the adjustment.,調整税率,調整に適用される税率。,BT19-08,$.btx_BusinessTransactions.btx_TransactionHeader.btx_TransactionDetail.btx_DetailAdjustment.btx_TaxRate,btx,Adjustment,detailAdjustmentTaxRate,/xbrli:xbrl/gl-btx:businessTransactions/gl-btx:transactionHeader/gl-btx:transactionDetail/gl-btx:detailAdjustment/gl-btx:detailAdjustmentTaxRate
438,btx,3,C,,Header_ Rich Text Comment,,0..*,,Repeatable header note or comment occurrence.,【ヘッダーノート】,反復可能なヘッダーノート又はコメントの出現。,BT13-47,$.btx_BusinessTransactions.btx_TransactionHeader.btx_HeaderRichTextComment,btx,Header_ Rich Text Comment,headerRichTextComment,/xbrli:xbrl/gl-btx:businessTransactions/gl-btx:transactionHeader/gl-btx:headerRichTextComment
439,btx,4,A,,Comment Code,String,0..1,,"An enumerated code that identifies the purpose of the rich text comment. Enumerated values: link_footnote, footnote, source_document, source_journal, batch, other.",リッチテキストコメントコード,"リッチテキストコメントの用途を識別する、列挙コード。_x000D_
[設定値のリスト]_x000D_
link_footnote：リンクフットノート、footnote：フットノート、source_document：元文書、source_journal：元仕訳帳、batch：仕訳の束、other：その他",BT18-01,$.btx_BusinessTransactions.btx_TransactionHeader.btx_HeaderRichTextComment.btx_CommentCode,btx,Header_ Rich Text Comment,commentCode,/xbrli:xbrl/gl-btx:businessTransactions/gl-btx:transactionHeader/gl-btx:headerRichTextComment/gl-btx:commentCode
440,btx,4,A,,Comment Description,String,0..1,,Free format description of the Rich text Comment Code.,リッチテキストコメント説明,リッチテキストコメントコードの説明。,BT18-02,$.btx_BusinessTransactions.btx_TransactionHeader.btx_HeaderRichTextComment.btx_CommentDescription,btx,Header_ Rich Text Comment,commentDescription,/xbrli:xbrl/gl-btx:businessTransactions/gl-btx:transactionHeader/gl-btx:headerRichTextComment/gl-btx:commentDescription
441,btx,4,A,,Comment Content,String,0..1,,Content of the Rich Text Comment.,リッチテキストコメント内容,リッチテキストコメントの内容。,BT18-03,$.btx_BusinessTransactions.btx_TransactionHeader.btx_HeaderRichTextComment.btx_CommentContent,btx,Header_ Rich Text Comment,commentContent,/xbrli:xbrl/gl-btx:businessTransactions/gl-btx:transactionHeader/gl-btx:headerRichTextComment/gl-btx:commentContent
442,btx,4,A,,Comment Locator,String,0..1,,An XPath expression that identifies the item that the comment relates to.,リッチテキストコメントロケータ,コメントが関係する項目を識別する、XPath表現。,BT18-04,$.btx_BusinessTransactions.btx_TransactionHeader.btx_HeaderRichTextComment.btx_CommentLocator,btx,Header_ Rich Text Comment,commentLocator,/xbrli:xbrl/gl-btx:businessTransactions/gl-btx:transactionHeader/gl-btx:headerRichTextComment/gl-btx:commentLocator
443,btx,3,C,,Header_ Adjustment,,0..*,Header,Document-level allowance or charge adjustment.,【ヘッダー調整】,文書レベルの値引又は追加請求の調整。,BT13-48,$.btx_BusinessTransactions.btx_TransactionHeader.btx_HeaderAdjustment,btx,Adjustment,headerAdjustment,/xbrli:xbrl/gl-btx:businessTransactions/gl-btx:transactionHeader/gl-btx:headerAdjustment
444,btx,4,A,,Adjustment Type,Token,0..1,,"Type of adjustment, such as an allowance or charge; literal values are defined outside this FSM change.",調整種別,値引又は追加請求などの調整種別。具体的な値はこのFSM変更では定義しない。,BT19-01,$.btx_BusinessTransactions.btx_TransactionHeader.btx_HeaderAdjustment.btx_AdjustmentType,btx,Adjustment,headerAdjustmentType,/xbrli:xbrl/gl-btx:businessTransactions/gl-btx:transactionHeader/gl-btx:headerAdjustment/gl-btx:headerAdjustmentType
445,btx,4,A,,Amount,Monetary,1,,Monetary amount of the adjustment.,調整金額,調整の金額。,BT19-02,$.btx_BusinessTransactions.btx_TransactionHeader.btx_HeaderAdjustment.btx_Amount,btx,Adjustment,headerAdjustmentAmount,/xbrli:xbrl/gl-btx:businessTransactions/gl-btx:transactionHeader/gl-btx:headerAdjustment/gl-btx:headerAdjustmentAmount
446,btx,4,A,,Base Amount,Monetary,0..1,,Monetary base amount used to calculate the adjustment.,調整基礎金額,調整の計算に用いる基礎金額。,BT19-03,$.btx_BusinessTransactions.btx_TransactionHeader.btx_HeaderAdjustment.btx_BaseAmount,btx,Adjustment,headerAdjustmentBaseAmount,/xbrli:xbrl/gl-btx:businessTransactions/gl-btx:transactionHeader/gl-btx:headerAdjustment/gl-btx:headerAdjustmentBaseAmount
447,btx,4,A,,Percentage,Pure,0..1,,"Percentage rate used to calculate the adjustment, represented as a pure numeric value.",調整率,調整の計算に用いる比率。純粋数値として表現する。,BT19-04,$.btx_BusinessTransactions.btx_TransactionHeader.btx_HeaderAdjustment.btx_Percentage,btx,Adjustment,headerAdjustmentPercentage,/xbrli:xbrl/gl-btx:businessTransactions/gl-btx:transactionHeader/gl-btx:headerAdjustment/gl-btx:headerAdjustmentPercentage
448,btx,4,A,,Reason,String,0..1,,Human-readable reason for the adjustment.,調整理由,調整理由の可読テキスト。,BT19-05,$.btx_BusinessTransactions.btx_TransactionHeader.btx_HeaderAdjustment.btx_Reason,btx,Adjustment,headerAdjustmentReason,/xbrli:xbrl/gl-btx:businessTransactions/gl-btx:transactionHeader/gl-btx:headerAdjustment/gl-btx:headerAdjustmentReason
449,btx,4,A,,Reason Code,Token,0..1,,Code identifying the reason for the adjustment.,調整理由コード,調整理由を識別するコード。,BT19-06,$.btx_BusinessTransactions.btx_TransactionHeader.btx_HeaderAdjustment.btx_ReasonCode,btx,Adjustment,headerAdjustmentReasonCode,/xbrli:xbrl/gl-btx:businessTransactions/gl-btx:transactionHeader/gl-btx:headerAdjustment/gl-btx:headerAdjustmentReasonCode
450,btx,4,A,,Tax Category,Token,0..1,,Tax category applicable to the adjustment.,調整税区分,調整に適用される税区分。,BT19-07,$.btx_BusinessTransactions.btx_TransactionHeader.btx_HeaderAdjustment.btx_TaxCategory,btx,Adjustment,headerAdjustmentTaxCategory,/xbrli:xbrl/gl-btx:businessTransactions/gl-btx:transactionHeader/gl-btx:headerAdjustment/gl-btx:headerAdjustmentTaxCategory
451,btx,4,A,,Tax Rate,Pure,0..1,,Tax percentage rate applicable to the adjustment.,調整税率,調整に適用される税率。,BT19-08,$.btx_BusinessTransactions.btx_TransactionHeader.btx_HeaderAdjustment.btx_TaxRate,btx,Adjustment,headerAdjustmentTaxRate,/xbrli:xbrl/gl-btx:businessTransactions/gl-btx:transactionHeader/gl-btx:headerAdjustment/gl-btx:headerAdjustmentTaxRate
