sequence,module,level,type,identifier,name,datatype,multiplicity,domain_name,definition,label_local,definition_local,element,id,semantic_path,associated_module,class_term
1,cor,1,C,,Accounting Entries,,1..*,,Root for XBRL GL. No entry made here.,【会計仕訳】,XBRL GLのルート要素。 この要素にはデータは登録されない。,accountingEntries,CO23,$.Accounting Entries,cor,Accounting Entries
2,cor,2,C,,Document Information,,1..1,,Parent for descriptive information about the accountingEntries Class in which it is contained.,【文書情報】,この会計仕訳に関する情報の親タグ。,accountingEntriesDocumentInformation,CO23-01,$.Accounting Entries.Document Information,cor,Document Information
3,cor,3,A,,Document Type,Token,1..1,,"account: information to fill in a chart of accounts file.  
balance: the results of accumulation of a complete and validated list of entries for an account (or a list of account) in a specific period - sometimes called general ledger  
entries: a list of individual accounting entries, which might be posted/validated or nonposted/validated   
journal: a self-balancing (Dr = Cr) list of entries for a specific period including beginning balance for that period.  
ledger: a complete list of entries for a specific account (or list of accounts) for a specific period; note - debits do not have to equal credits.   
assets: a listing of open receivables, payables, inventory, fixed assets or other information that can be extracted from but are not necessarily included as part of a journal entry.  
trialBalance: the self-balancing (Dr = Cr) result of accumulation of a complete and validated list of entries for the entity in a complete list of accounts in a specific period. 
taxtables: aids automated interpretation of instances that represent tax tables; Tax table are defined by using multiple [taxes] classs to gather the population of codes, authorities and rates; through [taxTableCode] cross-references in the [taxes] class, these ""master file"" tax tables can be referenced. 
mapping: a collection of mappings between interrelated data sets, such as a local and related corporate standard chart of accounts or detail data mapped to summarized end reporting concepts.   
versioning: a collection of changes between two versions of the same class of information, such as updates to a master file like a chart of accounts.   
master_file: a collection of master files, such as the customer or inventory master file.   
trade_documents: a collection of trade/transactional documents, such as vendor invoices or customer orders.   
profile_compliant: the meaning of this collection of information can be determined by understanding an established profile and especially an XBRL GL Profile. Profiles are determined through namespace declarations, schemaRef and conventions of those profiles.   
other: for all other types of representations.

Often sorted by date or by account, these terms have specific, and sometimes different, meanings in different areas. Common practice will drive accounting method/term matches.",文書種別,・科目:科目体系ファイルの情報。_x000D_ ・残高:特定の期間について、勘定科目(または勘定科目リスト)の、完了し検証された仕訳リストの累算結果。時に総勘定元帳と呼ばれる。_x000D_ ・仕訳:個々の勘定記入のリスト。転記/検証されていることもあり、されていないこともある。_x000D_ ・仕訳帳:特定の期間における、その期間の開始残高を含む貸借が一致(Dr=Cr)した仕訳のリスト 。_x000D_ ・元帳:特定の期間における特定の勘定科目(または勘定科目リスト)についての、仕訳の全リスト 。注意－貸借が一致する必要はない。_x000D_ ・資産:仕訳記入の一部として必ずしも含まれていないが、そこから抽出可能な売掛金、買掛金、在庫、固定資産、その他の情報のリスト。_x000D_ ・試算表:事業体に対する、特定期間の全勘定科目リストでの、完了し検証された仕訳リストの、貸借が一致（Dr=Cr)した累算結果。_x000D_ ・税率表:税率表をあらわすデータを自動的に解釈できるようにする。税率表は、コード、税務当局情報、レートをあらわす複数のtaxes構造データを使って定義される。taxTableCodeはtaxes構造データ内で相互に参照されるが、これらのマスタファイルが参照可能。_x000D_ ・マッピング情報:互いに関係があるデータセットの間の対応関係を集めたもの。例えば、企業グループ内の各会社で使用する勘定科目と全社勘定科目との対応付け、または明細データと最終的な報告書上の要約された科目への対応付け。 ・差分情報:同じクラス（種類）で異なるバージョンを持つ項目の変更・差分情報。例えば、勘定科目一覧のようなマスタファイルの特定科目の更新情報など。  ・マスターファイル:マスタファイルの一覧。例えば、顧客マスタ又は在庫/棚卸マスタなど。  ・取引伝票:取引に用いる情報の集合。例えば、納入業者からのインボイス 又は顧客からの受注情報など。  ・プロファイル情報:確立された文書説明情報及び特にXBRL GLプロファイルを理解し決定するこの情報の集合の意味を示す。説明情報は、名前空間宣言、スキーマ参照及びこれらの規約を通して決定する。  ・その他：その他のすべての表現形式  多くの場合、日付または科目によりソートされる。会計処理方法や用語は慣行により適合させる。_x000D_ [設定値のリスト]_x000D_ (account：科目)、(balance：残高)、(entries：仕訳)、(journal：仕訳帳)、(ledger：元帳)、(assets：資産)、(trialbalance：試算表)、(taxtables：税率表)、(other：その他)_x000D_、(Mapping：マッピング情報)、(versioning：差分情報)、(master_file：マスターファイル)、(trade_documents：取引伝票)、(profile_compliant：プロファイル情報)、(other：その他),accountingEntriesDocumentInformationDocumentType,CO10-01,$.Accounting Entries.Document Information.Document Type,cor,Document Information
4,cor,3,A,PK,Audit Number,String,0..1,,Unique identifier for this file.,監査番号,このファイルの一意識別子。,accountingEntriesDocumentInformationAuditNumber,CO10-02,$.Accounting Entries.Document Information.Audit Number,cor,Document Information
5,cor,3,A,,Revises Audit Number,String,0..1,,"If this batch of information revises a previous batch of information, this field identifies the previous batch that is being revised. 'uniqueID' of the previous batch goes here. Developers should consider exception reporting.",改訂前監査番号,この仕訳の束が以前の仕訳の束を改訂する場合に、以前の束を示す。元の文書のuniqueIDが指定される。開発者は、例外報告を考慮すべきである。,accountingEntriesDocumentInformationRevisesAuditNumber,CO10-03,$.Accounting Entries.Document Information.Revises Audit Number,cor,Document Information
6,cor,3,A,,Action to Take with Previous Data,Token,0..1,,Provides guidance on action to take with previous set of data: supersedes - old data should be considered as obsolete/overwritten; supplements - belongs with that data as if it was included with it.,改訂前データ処置,"以前のデータの束に対する操作のガイダンス。 取替え-古いデータを無効にし上書きする。_x000D_
補完-元々含まれていたかのように、そのデータに所属させる。_x000D_
[設定値のリスト]_x000D_
(supplement：補完)、(supersede：取替え)",accountingEntriesDocumentInformationActionToTakeWithPreviousData,CO10-04,$.Accounting Entries.Document Information.Action to Take with Previous Data,cor,Document Information
7,cor,3,A,,Language,QName,0..1,,"Primary language of the intellectual content. Where practical, the content of this field should coincide with ISO 639-1988 language codes.",言語,主要言語。 実用的には、このフィールドの内容はISO639-1988言語コードに一致すべきである。,accountingEntriesDocumentInformationLanguage,CO10-05,$.Accounting Entries.Document Information.Language,cor,Document Information
8,cor,3,A,,Creation Date,Date Time,0..1,,Date/time file was created.,作成日付,ファイルが作成された日付/時間。,accountingEntriesDocumentInformationCreationDate,CO10-06,$.Accounting Entries.Document Information.Creation Date,cor,Document Information
9,cor,3,A,,Creator,String,0..1,,Identifies the creator of the XBRL instance.,作成者,ファイルの作成者の識別子。,accountingEntriesDocumentInformationCreator,CO10-07,$.Accounting Entries.Document Information.Creator,cor,Document Information
10,cor,3,A,,Document Comment,String,0..1,,Text for entire document.,文書コメント,文書全体に対する説明文。,accountingEntriesDocumentInformationDocumentComment,CO10-08,$.Accounting Entries.Document Information.Document Comment,cor,Document Information
11,cor,3,A,,Period Covered Start,Date Time,0..1,,"Start of date range for contents. Used as basis for many assumptions about data, including the date as of which open balances are open.",対象期間開始日付,内容の日付範囲の開始日。 残高の開始日付などの、データに関する多くの仮定の基礎として使用される。,accountingEntriesDocumentInformationPeriodCoveredStart,CO10-09,$.Accounting Entries.Document Information.Period Covered Start,cor,Document Information
12,cor,3,A,,Period Covered End,Date Time,0..1,,"End of date range for contents. Used as basis for many assumptions about data, including the date as of which open balances are open.",対象期間終了日付,内容の日付範囲の終了日。 残高の開始日付などの、データに関する多くの仮定の基礎として使用される。,accountingEntriesDocumentInformationPeriodCoveredEnd,CO10-10,$.Accounting Entries.Document Information.Period Covered End,cor,Document Information
13,cor,3,A,,Period Count,Decimal,0..1,,"Number of periods or buckets, used by postingCode. Used to interpret posting date. It may be preferable to limit entries by period covered to be by individual reporting period.",期間数,postingCodeで使用される期間又はバケットの数。 転記日付を説明するために使用される。対象期間の仕訳を個々の報告期間に限定することが望ましいかもしれない。,accountingEntriesDocumentInformationPeriodCount,CO10-11,$.Accounting Entries.Document Information.Period Count,cor,Document Information
14,cor,3,A,,Period Unit,Token,0..1,,"Type of periods covered by periodCount. Enumerated as: daily, weekly, bi-weekly, semi-monthly, monthly, quarterly, thirdly, semiannual, annual, ad-hoc, current-period-only, other.",期間単位,"periodCountで対象とする期間の種別。_x000D_
[設定値のリスト]_x000D_
(daily：日次)、(weekly：週次)、(bi-weekly：隔週)、(semi-monthly：半月ごと)、(monthly：月次)、(quarterly：四半期ごと)、(thirdly：年3回)、(semiannual：半年ごと)、(annual：年次)、(ad-hoc：随時)、(current-period-only：当期)、(other：その他)",accountingEntriesDocumentInformationPeriodUnit,CO10-12,$.Accounting Entries.Document Information.Period Unit,cor,Document Information
15,cor,3,A,,Period Unit Description,String,0..1,,Free format description of the period unit,期間単位説明,対象期間単位の説明。,accountingEntriesDocumentInformationPeriodUnitDescription,CO10-13,$.Accounting Entries.Document Information.Period Unit Description,cor,Document Information
16,cor,3,A,,Source Application,String,0..1,,"Product or service that produced this file. Used by many systems (e.g., VAT). Version number can be included or extended.",作成元アプリケーション,このファイルを作り出した製品又はサービス。 多くのシステム(例えば、VATなど)で、使用される。 バージョン番号を含むことも可能。,accountingEntriesDocumentInformationSourceApplication,CO10-14,$.Accounting Entries.Document Information.Source Application,cor,Document Information
17,cor,3,A,,Target Application,String,0..1,,Particular use for which file was generated.,対象アプリケーション,ファイルが作成された用途。,accountingEntriesDocumentInformationTargetApplication,CO10-15,$.Accounting Entries.Document Information.Target Application,cor,Document Information
18,cor,3,A,,Default Currency,QName,0..1,,"The default currency related to the amount can be entered here instead of the XBRL instance specified way, especially important in multi-currency situations. Recommend ISO 4217 coding",既定通貨,XBRLインスタンス内に指定する方法のかわりに、金額の既定の通貨を指定可能。多通貨環境で特に重要。ISO4217コード体系を推奨。,accountingEntriesDocumentInformationDefaultCurrency,CO10-16,$.Accounting Entries.Document Information.Default Currency,cor,Document Information
19,lnk,3,C,,Summary Reporting Taxonomies,,0..*,,Identifies and provides information about one or more target reporting taxonomies to which the data represented in the document rolls up to.,【集約報告タクソノミ】,この文書で示されたデータのロールアップ先となる、1つ以上の報告タクソノミの情報を、識別し提供する。,accountingEntriesDocumentInformationSummaryReportingTaxonomies,CO10-17,$.Accounting Entries.Document Information.Summary Reporting Taxonomies,lnk,Summary Reporting Taxonomies
20,lnk,4,A,,Summary Reporting Taxonomy ID,String,0..1,,"Identifies a target reporting taxonomy so that, for example, it can be referenced in the [summaryReportingTaxonomyIDRef] data field at [xbrlInfo] level.",集約報告タクソノミ識別子,たとえばxbrlInfo内のsummaryReportingTaxonomyIDRefで参照できるように、報告タクソノミを識別する。,accountingEntriesDocumentInformationSummaryReportingTaxonomiesSummaryReportingTaxonomyId,LN02-01,$.Accounting Entries.Document Information.Summary Reporting Taxonomies.Summary Reporting Taxonomy ID,lnk,Summary Reporting Taxonomies
21,lnk,4,A,,Summary Reporting Taxonomy Schema Reference Href Attribute,String,0..1,,Value of the href attribute of schemaRef in the target reporting taxonomy.,集約報告タクソノミスキーマ参照情報,報告タクソノミ内の、schemaRef要素のhref属性の値。,accountingEntriesDocumentInformationSummaryReportingTaxonomiesSummaryReportingTaxonomySchemaReferenceHrefAttribute,LN02-02,$.Accounting Entries.Document Information.Summary Reporting Taxonomies.Summary Reporting Taxonomy Schema Reference Href Attribute,lnk,Summary Reporting Taxonomies
22,lnk,4,A,,Summary Reporting Taxonomy Header,String,0..1,,An all-purpose data field where all the information necessary when it is too complex to be defined otherwise.,集約報告タクソノミヘッダ,必要なすべての情報が、複雑すぎて他の方法では定義できないときに、それらを記述する汎用的なデータ域。,accountingEntriesDocumentInformationSummaryReportingTaxonomiesSummaryReportingTaxonomyHeader,LN02-03,$.Accounting Entries.Document Information.Summary Reporting Taxonomies.Summary Reporting Taxonomy Header,lnk,Summary Reporting Taxonomies
23,lnk,4,A,,Summary Reporting Taxonomy Description,String,0..1,,A description of the taxonomy for human use.,集約報告タクソノミ説明,人が利用するための、タクソノミの説明文。,accountingEntriesDocumentInformationSummaryReportingTaxonomiesSummaryReportingTaxonomyDescription,LN02-04,$.Accounting Entries.Document Information.Summary Reporting Taxonomies.Summary Reporting Taxonomy Description,lnk,Summary Reporting Taxonomies
24,cor,2,C,,Entity_ Party,,0..1,,Holder for entity information - information about the reporting organization.,【事業体情報】,事業体情報（報告組織に関する情報）の入れ物。,accountingEntriesEntityParty,CO23-02,$.Accounting Entries.Entity_ Party,cor,Entity_ Party
25,cor,3,A,,Party Name,String,0..1,,Name of the party,,,accountingEntriesEntityPartyName,CO14-01,$.Accounting Entries.Entity_ Party.Party Name,cor,Entity_ Party
26,cor,3,A,,Party ID,String,0..1,,ID Number of the party,,,accountingEntriesEntityPartyId,CO14-02,$.Accounting Entries.Entity_ Party.Party ID,cor,Entity_ Party
27,cor,3,A,,Party Business Description,String,0..1,,Description of the nature of the business of the party.,業種説明,事業体の事業の種類についての説明。,accountingEntriesEntityPartyBusinessDescription,CO14-03,$.Accounting Entries.Entity_ Party.Party Business Description,cor,Entity_ Party
28,bus,3,C,,Party_ Phone,,0..*,,Primary phone number of the party.,【事業体電話番号】,事業体の主要電話番号情報。,accountingEntriesEntityPartyPhone,CO14-04,$.Accounting Entries.Entity_ Party.Party_ Phone,bus,Party_ Phone
29,bus,4,A,PK,Phone Number,String,0..1,,Phone number referred to in Phone Number Description'\.,電話番号,電話番号用途で示される電話番号。,accountingEntriesEntityPartyPhoneNumber,BU01-01,$.Accounting Entries.Entity_ Party.Party_ Phone.Phone Number,bus,Party_ Phone
30,bus,4,A,,Phone Number Description,String,0..1,,"Entity Phone Number Description such as Main, Investor relations. Enumerated as: bookkeeper, controller, direct, fax, investor-relations, main, switchboard, other.",電話番号用途,"代表、IR用などの、電話番号の用途。
[設定値のリスト]
(bookkeeper：記帳係)、(controller：会計責任者)、(direct：直通)、(fax：FAX)、(investor-relations：IR窓口)、(main：代表)、(switchboard：交換台)、(other：その他)",accountingEntriesEntityPartyPhoneNumberDescription,BU01-02,$.Accounting Entries.Entity_ Party.Party_ Phone.Phone Number Description,bus,Party_ Phone
31,bus,3,C,,Party_ Fax,,0..*,,Class for holding company fax information.,【事業体FAX番号】,事業体のFAX番号情報のタプル。,accountingEntriesEntityPartyFax,CO14-05,$.Accounting Entries.Entity_ Party.Party_ Fax,bus,Party_ Fax
32,bus,4,A,PK,Fax Number,String,0..1,,Fax Number,FAX番号,FAX番号。,accountingEntriesEntityPartyFaxNumber,BU06-01,$.Accounting Entries.Entity_ Party.Party_ Fax.Fax Number,bus,Party_ Fax
33,bus,4,A,,Fax Number Usage,String,0..1,,"Fax number usage (e.g. orders, head office, IR)",FAX番号用途,FAX番号の用途。(注文、本社、IRなど),accountingEntriesEntityPartyFaxNumberUsage,BU06-02,$.Accounting Entries.Entity_ Party.Party_ Fax.Fax Number Usage,bus,Party_ Fax
34,bus,3,C,,Party_ Email,,0..*,,Class for holding company email information.,【事業体Eメールアドレス】,事業体のEメールアドレス情報のタプル。,accountingEntriesEntityPartyEmail,CO14-06,$.Accounting Entries.Entity_ Party.Party_ Email,bus,Party_ Email
35,bus,4,A,PK,Email Address,String,0..1,,Email Address,Eメールアドレス,Eメールアドレス。,accountingEntriesEntityPartyEmailAddress,BU11-01,$.Accounting Entries.Entity_ Party.Party_ Email.Email Address,bus,Party_ Email
36,bus,4,A,,Email Address Usage,String,0..1,,"Email address usage (e.g. orders, head office, IR)",Eメールアドレス用途,Eメールアドレスの用途。(注文、本社、IRなど),accountingEntriesEntityPartyEmailAddressUsage,BU11-02,$.Accounting Entries.Entity_ Party.Party_ Email.Email Address Usage,bus,Party_ Email
37,bus,3,C,,Registered_ Organization Identifier,,0..*,,Class which contains various identifiers for theparty.,【識別子】,組織に関する様々な識別子を含むセクション。,accountingEntriesEntityPartyRegisteredOrganizationIdentifier,CO14-07,$.Accounting Entries.Entity_ Party.Registered_ Organization Identifier,bus,Organization Identifier
38,bus,4,A,PK,Organization Identifier Code,String,0..1,,"Code representing the company or organization whose data this file represents: used for situations where one user (e.g., a CPA) needs to keep track of multiple organizations' files (e.g., multiple clients). Can be EIN#, client #, internal/external identifier, SIC code. Codes which identifies the entity. Includes the code identifier of the authority issuing the code, a colon, and the code itself. For example, CIK:01234567 for the CIK number issued by SEC EDGAR.",事業体識別子,このファイルでデータを表現している会社や組織のコード。ひとりのユーザ(例えば、公認会計士)が複数の組織(例えば、複数の顧客)のファイルを把握する必要がある場合に使用される。 EIN番号、顧客番号、内部/外部識別子、SICコードであってよい。事業体の識別子をコード化する。コードを発行する権威ある組織のコード識別子、コロン、およびコードそのものを含む。 例えば、SEC　EDGARが発行したCIK番号　CIK: 01234567。,accountingEntriesEntityPartyRegisteredOrganizationIdentifierOrganizationIdentifierCode,BU30-01,$.Accounting Entries.Entity_ Party.Registered_ Organization Identifier.Organization Identifier Code,bus,Organization Identifier
39,bus,4,A,,Organization Identifier Description,String,0..1,,Text describing the organization identified by the organization identifier. Includes any relevant information about the code itself (e.g. issuing authority).,事業体説明,事業体識別子によって特定された組織の説明文。 コードに関するなんらかの記述情報。,accountingEntriesEntityPartyRegisteredOrganizationIdentifierOrganizationIdentifierDescription,BU30-02,$.Accounting Entries.Entity_ Party.Registered_ Organization Identifier.Organization Identifier Description,bus,Organization Identifier
40,bus,3,C,,Party_ Address,,0..*,,Address class for the party,【住所】,報告事業体の住所構造体。,accountingEntriesEntityPartyAddress,CO14-08,$.Accounting Entries.Entity_ Party.Party_ Address,bus,Party_ Address
41,bus,4,A,,Name,String,0..1,,Address Name,住所名,住所の名前。,accountingEntriesEntityPartyAddressName,BU21-01,$.Accounting Entries.Entity_ Party.Party_ Address.Name,bus,Party_ Address
42,bus,4,A,,Description,String,0..1,,Address Description,住所説明,住所の説明。,accountingEntriesEntityPartyAddressDescription,BU21-02,$.Accounting Entries.Entity_ Party.Party_ Address.Description,bus,Party_ Address
43,bus,4,A,,Purpose,String,0..1,,Address Purpose,住所目的,住所の目的。,accountingEntriesEntityPartyAddressPurpose,BU21-03,$.Accounting Entries.Entity_ Party.Party_ Address.Purpose,bus,Party_ Address
44,bus,4,A,,Location ID,String,0..1,,A code used to identify the location and to associate it with contacts and transactions,所在地識別子,所在地を識別したり、窓口や取引と関係付けるコード。,accountingEntriesEntityPartyAddressLocationId,BU21-04,$.Accounting Entries.Entity_ Party.Party_ Address.Location ID,bus,Party_ Address
45,bus,4,A,,Building Number,String,0..1,,Building Number,住所建物番号,建物番号。,accountingEntriesEntityPartyAddressBuildingNumber,BU21-05,$.Accounting Entries.Entity_ Party.Party_ Address.Building Number,bus,Party_ Address
46,bus,4,A,,Street,String,0..1,,Street address,住所通り,住所の通り。,accountingEntriesEntityPartyAddressStreet,BU21-06,$.Accounting Entries.Entity_ Party.Party_ Address.Street,bus,Party_ Address
47,bus,4,A,,Address Detail,String,0..1,,Address Detail,住所詳細,住所詳細。,accountingEntriesEntityPartyAddressDetail,BU21-07,$.Accounting Entries.Entity_ Party.Party_ Address.Address Detail,bus,Party_ Address
48,bus,4,A,,City,String,0..1,,City,住所都市,住所の都市。,accountingEntriesEntityPartyAddressCity,BU21-08,$.Accounting Entries.Entity_ Party.Party_ Address.City,bus,Party_ Address
49,bus,4,A,,State or Province,String,0..1,,"State, province or region",住所州,住所の州や地方。,accountingEntriesEntityPartyAddressStateOrProvince,BU21-09,$.Accounting Entries.Entity_ Party.Party_ Address.State or Province,bus,Party_ Address
50,bus,4,A,,Country,String,0..1,,Country,住所国,住所の国。,accountingEntriesEntityPartyAddressCountry,BU21-10,$.Accounting Entries.Entity_ Party.Party_ Address.Country,bus,Party_ Address
51,bus,4,A,,Zip or Postal Code,String,0..1,,Zip or other postal code,住所郵便番号,住所の郵便番号。,accountingEntriesEntityPartyAddressZipOrPostalCode,BU21-11,$.Accounting Entries.Entity_ Party.Party_ Address.Zip or Postal Code,bus,Party_ Address
52,bus,4,A,,Active Indicator,Boolean,0..1,,"Boolean to indicate whether the address is active (=""true"") or inactive (=""false"")",住所有効性,住所が有効か無効かを示すブール値。,accountingEntriesEntityPartyAddressActiveIndicator,BU21-12,$.Accounting Entries.Entity_ Party.Party_ Address.Active Indicator,bus,Party_ Address
53,bus,3,C,,Party_ Web Site,,0..*,,Primary web site of the party.,【事業体Webサイト】,事業体の代表ウェブサイト。,accountingEntriesEntityPartyWebSite,CO14-09,$.Accounting Entries.Entity_ Party.Party_ Web Site,bus,Party_ Web Site
54,bus,4,A,PK,Web Site URL,anyURI,0..1,,Valid URL of the web site. Should be full URL.,WebサイトURL,ウェブサイトの有効なURL。 完全なURLであるべき。,accountingEntriesEntityPartyWebSiteWebSiteUrl,BU16-01,$.Accounting Entries.Entity_ Party.Party_ Web Site.Web Site URL,bus,Party_ Web Site
55,bus,4,A,,Web Site Description,String,0..1,,Description of the web site.,Webサイト説明,ウェブサイトの説明。,accountingEntriesEntityPartyWebSiteWebSiteDescription,BU16-02,$.Accounting Entries.Entity_ Party.Party_ Web Site.Web Site Description,bus,Party_ Web Site
56,bus,3,C,,Party_ Contact,,0..*,,Information about contacts.,【担当者情報】,担当者に関する情報。,accountingEntriesEntityPartyContact,CO14-10,$.Accounting Entries.Entity_ Party.Party_ Contact,bus,Party_ Contact
57,bus,4,A,,Contact Prefix,String,0..1,,"Prefix (e.g. Dr., Mr., Mrs.)",敬称,敬称(Dr.、Mr.、Mrs.など),accountingEntriesEntityPartyContactPrefix,BU22-01,$.Accounting Entries.Entity_ Party.Party_ Contact.Contact Prefix,bus,Party_ Contact
58,bus,4,A,,Contact Last Name,String,0..1,,Last or family name,姓,姓,accountingEntriesEntityPartyContactLastName,BU22-02,$.Accounting Entries.Entity_ Party.Party_ Contact.Contact Last Name,bus,Party_ Contact
59,bus,4,A,,Contact First Name,String,0..1,,First or given name,名,名、クリスチャンネーム,accountingEntriesEntityPartyContactFirstName,BU22-03,$.Accounting Entries.Entity_ Party.Party_ Contact.Contact First Name,bus,Party_ Contact
60,bus,4,A,,Contact Suffix,String,0..1,,"Suffix (e.g. MD, CPA, Jr.)",付加名称,付加名称(MD、CPA、Jr.など),accountingEntriesEntityPartyContactSuffix,BU22-04,$.Accounting Entries.Entity_ Party.Party_ Contact.Contact Suffix,bus,Party_ Contact
61,bus,4,A,,Contact Attention Line,String,0..1,,Attention Line,アテンションライン,アテンションライン,accountingEntriesEntityPartyContactAttentionLine,BU22-05,$.Accounting Entries.Entity_ Party.Party_ Contact.Contact Attention Line,bus,Party_ Contact
62,bus,4,A,,Contact Position Role,String,0..1,,Position or role,地位/役職,地位や役職。,accountingEntriesEntityPartyContactPositionRole,BU22-06,$.Accounting Entries.Entity_ Party.Party_ Contact.Contact Position Role,bus,Party_ Contact
63,bus,4,A,,Contact Contact Type,String,0..1,,"Role of contact. Examples include: Source Service, Sender, Recipient, Invoicer, Auditor, Accountant",担当者役割,担当者の役割。例：ソースサービス、送付元、受取人、請求先、監査人、会計事務所。,accountingEntriesEntityPartyContactContactType,BU22-07,$.Accounting Entries.Entity_ Party.Party_ Contact.Contact Contact Type,bus,Party_ Contact
64,bus,4,A,,Contact Location ID cross reference,String,0..1,,This code is used to associate the contact with a specific location for the Entity. Its value should be the same as that of the organizationAddressLocationIdentifier,所在地相互参照情報,担当者と事業体の位置情報を関係付けるためのコード。organizationAddressLocationIdentifierと同じ値であるべき。,accountingEntriesEntityPartyContactLocationIdCrossReference,BU22-08,$.Accounting Entries.Entity_ Party.Party_ Contact.Contact Location ID cross reference,bus,Party_ Contact
65,bus,4,A,,Contact Active,Boolean,0..1,,"Boolean to indicate whether the contact is active (=""true"") or inactive (=""false"")",担当者有効性,担当者が有効か無効かを示すブール値。,accountingEntriesEntityPartyContactActive,BU22-09,$.Accounting Entries.Entity_ Party.Party_ Contact.Contact Active,bus,Party_ Contact
66,bus,4,C,,Contact_ Phone,,0..*,,Contact Phone Number,【担当者電話番号】,担当者の電話番号。,accountingEntriesEntityPartyContactPhone,BU22-10,$.Accounting Entries.Entity_ Party.Party_ Contact.Contact_ Phone,bus,Contact_ Phone
67,bus,5,A,PK,Phone Number,String,0..1,,Phone number referred to in Phone Number Description'\.,電話番号,電話番号用途で示される電話番号。,accountingEntriesEntityPartyContactPhoneNumber,BU03-01,$.Accounting Entries.Entity_ Party.Party_ Contact.Contact_ Phone.Phone Number,bus,Contact_ Phone
68,bus,5,A,,Phone Number Description,String,0..1,,"Entity Phone Number Description such as Main, Investor relations. Enumerated as: bookkeeper, controller, direct, fax, investor-relations, main, switchboard, other.",電話番号用途,"代表、IR用などの、電話番号の用途。
[設定値のリスト]
(bookkeeper：記帳係)、(controller：会計責任者)、(direct：直通)、(fax：FAX)、(investor-relations：IR窓口)、(main：代表)、(switchboard：交換台)、(other：その他)",accountingEntriesEntityPartyContactPhoneNumberDescription,BU03-02,$.Accounting Entries.Entity_ Party.Party_ Contact.Contact_ Phone.Phone Number Description,bus,Contact_ Phone
69,bus,4,C,,Contact_ Fax,,0..*,,Contact Fax Number Class,【担当者FAX番号】,担当者のFAX番号の構造体。,accountingEntriesEntityPartyContactFax,BU22-11,$.Accounting Entries.Entity_ Party.Party_ Contact.Contact_ Fax,bus,Contact_ Fax
70,bus,5,A,PK,Fax Number,String,0..1,,Fax Number,FAX番号,FAX番号。,accountingEntriesEntityPartyContactFaxNumber,BU08-01,$.Accounting Entries.Entity_ Party.Party_ Contact.Contact_ Fax.Fax Number,bus,Contact_ Fax
71,bus,5,A,,Fax Number Usage,String,0..1,,"Fax number usage (e.g. orders, head office, IR)",FAX番号用途,FAX番号の用途。(注文、本社、IRなど),accountingEntriesEntityPartyContactFaxNumberUsage,BU08-02,$.Accounting Entries.Entity_ Party.Party_ Contact.Contact_ Fax.Fax Number Usage,bus,Contact_ Fax
72,bus,4,C,,Contact_ Email,,0..*,,Contact E-mail address class,【担当者Eメールアドレス】,担当者のEメールアドレスの構造体。,accountingEntriesEntityPartyContactEmail,BU22-12,$.Accounting Entries.Entity_ Party.Party_ Contact.Contact_ Email,bus,Contact_ Email
73,bus,5,A,PK,Email Address,String,0..1,,Email Address,Eメールアドレス,Eメールアドレス。,accountingEntriesEntityPartyContactEmailAddress,BU13-01,$.Accounting Entries.Entity_ Party.Party_ Contact.Contact_ Email.Email Address,bus,Contact_ Email
74,bus,5,A,,Email Address Usage,String,0..1,,"Email address usage (e.g. orders, head office, IR)",Eメールアドレス用途,Eメールアドレスの用途。(注文、本社、IRなど),accountingEntriesEntityPartyContactEmailAddressUsage,BU13-02,$.Accounting Entries.Entity_ Party.Party_ Contact.Contact_ Email.Email Address Usage,bus,Contact_ Email
75,cor,3,A,,Default Accounting Method Purpose,Token,0..1,,"If not stated explicitly at the line level, the default reporting purpose - from book, tax, management, statutory, other",既定会計処理方法目的,"明細レベルで明確に指定しない場合の、既定の報告目的を表す。帳簿、税、管理、スタチュトリ、その他から選択する。_x000D_
[設定値のリスト]_x000D_
(book：帳簿)、(tax：税)、(management：管理)、(statutory：スタチュトリ)、(other：その他)",accountingEntriesEntityPartyDefaultAccountingMethodPurpose,CO14-11,$.Accounting Entries.Entity_ Party.Default Accounting Method Purpose,cor,Entity_ Party
76,cor,3,A,,Default Accounting Method Purpose Description,String,0..1,,Free format description of the default accounting method purpose,既定会計処理方法目的説明,既定の会計処理方法目的の説明。,accountingEntriesEntityPartyDefaultAccountingMethodPurposeDescription,CO14-12,$.Accounting Entries.Entity_ Party.Default Accounting Method Purpose Description,cor,Entity_ Party
77,cor,3,A,,Fiscal Year Start,Date,0..1,,"Start of fiscal year. Where appropriate, corporate year period representation permits non-365 or 366 day years (more appropriate for internal sharing than data from external sources), In Europe, some jurisdictions allow 2 year minus 1 day fiscal years.",会計年度開始日付,会計年度の開始日。妥当であれば、企業の会計年度表示において、366日や365日でない年も許可する（外部ソースからのデータより内部共有のための方が適している）。ヨーロッパでは、2年マイナス1日の会計年度を許可するところもある。,accountingEntriesEntityPartyFiscalYearStart,CO14-13,$.Accounting Entries.Entity_ Party.Fiscal Year Start,cor,Entity_ Party
78,cor,3,A,,Fiscal Year End,Date,0..1,,"End of fiscal year. Where appropriate, corporate year period representation permits non-365 or 366 day years (more appropriate for internal sharing than data from external sources), In Europe, some jurisdictions allow 2 year minus 1 day fiscal years.",会計年度終了日付,会計年度の終了日。妥当であれば、企業の会計年度表示において、366日や365日でない年も許可する（外部ソースからのデータより内部共有のための方が適している）。ヨーロッパでは、2年マイナス1日の会計年度を許可するところもある。,accountingEntriesEntityPartyFiscalYearEnd,CO14-14,$.Accounting Entries.Entity_ Party.Fiscal Year End,cor,Entity_ Party
79,bus,3,C,,Specified_ Accounting Method Structure,,0..*,,Class for identifying the methods of accounting used by the entity for different reporting purposes,【会計処理方法】,異なる報告目的に応じて事業体が使用する会計処理方法を識別するためのセクション。,accountingEntriesEntityPartySpecifiedAccountingMethodStructure,CO14-15,$.Accounting Entries.Entity_ Party.Specified_ Accounting Method Structure,bus,Accounting Method Structure
80,bus,4,A,,Accounting Method,Token,0..1,,"For this entity, the method of accounting represented - from: accrual, cash, modified cash, modified accrual, encumbrance, special methods, hybrid methods, other",会計処理方法,"事業体の会計処理方法を表す。発生基準、現金基準、修正現金基準、修正発生基準、債務基準、特別な方法、混合方法、その他_x000D_
[設定値のリスト]_x000D_
(accrual：発生基準)、(cash：現金基準)、(modified cash：修正現金基準)、(modified accrual：修正発生基準)、(encumbrance：債務基準)、(special methods：特別な方法)、(hybrid methods：混合方法)、(other：その他)",accountingEntriesEntityPartySpecifiedAccountingMethodStructureAccountingMethod,BU25-01,$.Accounting Entries.Entity_ Party.Specified_ Accounting Method Structure.Accounting Method,bus,Accounting Method Structure
81,bus,4,A,,Accounting Method Description,String,0..1,,Free format description of the accounting method,会計処理方法説明,会計処理方法の説明。,accountingEntriesEntityPartySpecifiedAccountingMethodStructureAccountingMethodDescription,BU25-02,$.Accounting Entries.Entity_ Party.Specified_ Accounting Method Structure.Accounting Method Description,bus,Accounting Method Structure
82,bus,4,A,,Accounting Method Purpose,Token,0..1,,"For this entity, the reporting purpose represented - from book, tax, management, statutory, other",会計処理方法目的,"事業体の報告の目的を表す。帳簿、税、管理、スタチュトリ、その他から選択する。_x000D_
[設定値のリスト]_x000D_
(book：帳簿)、(tax：税)、(management：管理)、(statutory：スタチュトリ)、(other：その他)",accountingEntriesEntityPartySpecifiedAccountingMethodStructureAccountingMethodPurpose,BU25-03,$.Accounting Entries.Entity_ Party.Specified_ Accounting Method Structure.Accounting Method Purpose,bus,Accounting Method Structure
83,bus,4,A,,Accounting Method Purpose Description,String,0..1,,Free format description of the accounting method purpose,会計処理方法目的説明,会計処理方法の目的の説明。,accountingEntriesEntityPartySpecifiedAccountingMethodStructureAccountingMethodPurposeDescription,BU25-04,$.Accounting Entries.Entity_ Party.Specified_ Accounting Method Structure.Accounting Method Purpose Description,bus,Accounting Method Structure
84,bus,4,A,,Accounting Method Start Date,Date Time,0..1,,Accounting Method Start Date,会計処理方法開始日付,会計処理方法の開始日。,accountingEntriesEntityPartySpecifiedAccountingMethodStructureAccountingMethodStartDate,BU25-05,$.Accounting Entries.Entity_ Party.Specified_ Accounting Method Structure.Accounting Method Start Date,bus,Accounting Method Structure
85,bus,4,A,,Accounting Method End Date,Date Time,0..1,,Accounting Method End Date,会計処理方法終了日付,会計処理方法の終了日。,accountingEntriesEntityPartySpecifiedAccountingMethodStructureAccountingMethodEndDate,BU25-06,$.Accounting Entries.Entity_ Party.Specified_ Accounting Method Structure.Accounting Method End Date,bus,Accounting Method Structure
86,bus,3,C,,Assigned_ Accountant,,0..*,,Information about the relevant external accountant,【会計事務所情報】,関連する外部会計事務所に関する情報。,accountingEntriesEntityPartyAssignedAccountant,CO14-16,$.Accounting Entries.Entity_ Party.Assigned_ Accountant,bus,Accountant
87,bus,4,A,,Accountant Name,String,0..1,,Name of the accountant,会計事務所名,会計事務所の名前。,accountingEntriesEntityPartyAssignedAccountantName,BU26-01,$.Accounting Entries.Entity_ Party.Assigned_ Accountant.Accountant Name,bus,Accountant
88,bus,4,A,,Accountant Type of Engagement,Token,0..1,,"Type of engagement being performed by external accountant. Enumerated as: audit, review, compilation, tax, other.",契約種別,"外部会計事務所によって実行される契約の種別。_x000D_
[設定値のリスト]_x000D_
(audit：監査)、(review：検査)、(compilation：帳簿作成)、(tax：税)、(other：その他)",accountingEntriesEntityPartyAssignedAccountantTypeOfEngagement,BU26-02,$.Accounting Entries.Entity_ Party.Assigned_ Accountant.Accountant Type of Engagement,bus,Accountant
89,bus,4,A,,Accountant Type of Engagement Description,String,0..1,,Free format description of the type of engagement,契約種別説明,契約種別の説明。,accountingEntriesEntityPartyAssignedAccountantTypeOfEngagementDescription,BU26-03,$.Accounting Entries.Entity_ Party.Assigned_ Accountant.Accountant Type of Engagement Description,bus,Accountant
90,bus,4,C,,Accountant_ Address,,0..*,,Class which contains accountant address information.,【会計事務所住所】,会計事務所の住所情報を含むセクション。,accountingEntriesEntityPartyAssignedAccountantAddress,BU26-04,$.Accounting Entries.Entity_ Party.Assigned_ Accountant.Accountant_ Address,bus,Accountant_ Address
91,bus,5,A,,Name,String,0..1,,Address Name,住所名,住所の名前。,accountingEntriesEntityPartyAssignedAccountantAddressName,BU19-01,$.Accounting Entries.Entity_ Party.Assigned_ Accountant.Accountant_ Address.Name,bus,Accountant_ Address
92,bus,5,A,,Description,String,0..1,,Address Description,住所説明,住所の説明。,accountingEntriesEntityPartyAssignedAccountantAddressDescription,BU19-02,$.Accounting Entries.Entity_ Party.Assigned_ Accountant.Accountant_ Address.Description,bus,Accountant_ Address
93,bus,5,A,,Purpose,String,0..1,,Address Purpose,住所目的,住所の目的。,accountingEntriesEntityPartyAssignedAccountantAddressPurpose,BU19-03,$.Accounting Entries.Entity_ Party.Assigned_ Accountant.Accountant_ Address.Purpose,bus,Accountant_ Address
94,bus,5,A,,Location ID,String,0..1,,A code used to identify the location and to associate it with contacts and transactions,所在地識別子,所在地を識別したり、窓口や取引と関係付けるコード。,accountingEntriesEntityPartyAssignedAccountantAddressLocationId,BU19-04,$.Accounting Entries.Entity_ Party.Assigned_ Accountant.Accountant_ Address.Location ID,bus,Accountant_ Address
95,bus,5,A,,Building Number,String,0..1,,Building Number,住所建物番号,建物番号。,accountingEntriesEntityPartyAssignedAccountantAddressBuildingNumber,BU19-05,$.Accounting Entries.Entity_ Party.Assigned_ Accountant.Accountant_ Address.Building Number,bus,Accountant_ Address
96,bus,5,A,,Street,String,0..1,,Street address,住所通り,住所の通り。,accountingEntriesEntityPartyAssignedAccountantAddressStreet,BU19-06,$.Accounting Entries.Entity_ Party.Assigned_ Accountant.Accountant_ Address.Street,bus,Accountant_ Address
97,bus,5,A,,Address Detail,String,0..1,,Address Detail,住所詳細,住所詳細。,accountingEntriesEntityPartyAssignedAccountantAddressDetail,BU19-07,$.Accounting Entries.Entity_ Party.Assigned_ Accountant.Accountant_ Address.Address Detail,bus,Accountant_ Address
98,bus,5,A,,City,String,0..1,,City,住所都市,住所の都市。,accountingEntriesEntityPartyAssignedAccountantAddressCity,BU19-08,$.Accounting Entries.Entity_ Party.Assigned_ Accountant.Accountant_ Address.City,bus,Accountant_ Address
99,bus,5,A,,State or Province,String,0..1,,"State, province or region",住所州,住所の州や地方。,accountingEntriesEntityPartyAssignedAccountantAddressStateOrProvince,BU19-09,$.Accounting Entries.Entity_ Party.Assigned_ Accountant.Accountant_ Address.State or Province,bus,Accountant_ Address
100,bus,5,A,,Country,String,0..1,,Country,住所国,住所の国。,accountingEntriesEntityPartyAssignedAccountantAddressCountry,BU19-10,$.Accounting Entries.Entity_ Party.Assigned_ Accountant.Accountant_ Address.Country,bus,Accountant_ Address
101,bus,5,A,,Zip or Postal Code,String,0..1,,Zip or other postal code,住所郵便番号,住所の郵便番号。,accountingEntriesEntityPartyAssignedAccountantAddressZipOrPostalCode,BU19-11,$.Accounting Entries.Entity_ Party.Assigned_ Accountant.Accountant_ Address.Zip or Postal Code,bus,Accountant_ Address
102,bus,5,A,,Active Indicator,Boolean,0..1,,"Boolean to indicate whether the address is active (=""true"") or inactive (=""false"")",住所有効性,住所が有効か無効かを示すブール値。,accountingEntriesEntityPartyAssignedAccountantAddressActiveIndicator,BU19-12,$.Accounting Entries.Entity_ Party.Assigned_ Accountant.Accountant_ Address.Active Indicator,bus,Accountant_ Address
103,bus,4,C,,Accountant_ Contact,,0..*,,Accountant Contact Information Class,【会計事務所担当者情報】,会計事務所の担当者情報の構造体。,accountingEntriesEntityPartyAssignedAccountantContact,BU26-05,$.Accounting Entries.Entity_ Party.Assigned_ Accountant.Accountant_ Contact,bus,Accountant_ Contact
104,bus,5,A,,Contact Prefix,String,0..1,,"Prefix (e.g. Dr., Mr., Mrs.)",敬称,敬称(Dr.、Mr.、Mrs.など),accountingEntriesEntityPartyAssignedAccountantContactPrefix,BU24-01,$.Accounting Entries.Entity_ Party.Assigned_ Accountant.Accountant_ Contact.Contact Prefix,bus,Accountant_ Contact
105,bus,5,A,,Contact Last Name,String,0..1,,Last or family name,姓,姓,accountingEntriesEntityPartyAssignedAccountantContactLastName,BU24-02,$.Accounting Entries.Entity_ Party.Assigned_ Accountant.Accountant_ Contact.Contact Last Name,bus,Accountant_ Contact
106,bus,5,A,,Contact First Name,String,0..1,,First or given name,名,名、クリスチャンネーム,accountingEntriesEntityPartyAssignedAccountantContactFirstName,BU24-03,$.Accounting Entries.Entity_ Party.Assigned_ Accountant.Accountant_ Contact.Contact First Name,bus,Accountant_ Contact
107,bus,5,A,,Contact Suffix,String,0..1,,"Suffix (e.g. MD, CPA, Jr.)",付加名称,付加名称(MD、CPA、Jr.など),accountingEntriesEntityPartyAssignedAccountantContactSuffix,BU24-04,$.Accounting Entries.Entity_ Party.Assigned_ Accountant.Accountant_ Contact.Contact Suffix,bus,Accountant_ Contact
108,bus,5,A,,Contact Attention Line,String,0..1,,Attention Line,アテンションライン,アテンションライン,accountingEntriesEntityPartyAssignedAccountantContactAttentionLine,BU24-05,$.Accounting Entries.Entity_ Party.Assigned_ Accountant.Accountant_ Contact.Contact Attention Line,bus,Accountant_ Contact
109,bus,5,A,,Contact Position Role,String,0..1,,Position or role,地位/役職,地位や役職。,accountingEntriesEntityPartyAssignedAccountantContactPositionRole,BU24-06,$.Accounting Entries.Entity_ Party.Assigned_ Accountant.Accountant_ Contact.Contact Position Role,bus,Accountant_ Contact
110,bus,5,A,,Contact Contact Type,String,0..1,,"Role of contact. Examples include: Source Service, Sender, Recipient, Invoicer, Auditor, Accountant",担当者役割,担当者の役割。例：ソースサービス、送付元、受取人、請求先、監査人、会計事務所。,accountingEntriesEntityPartyAssignedAccountantContactContactType,BU24-07,$.Accounting Entries.Entity_ Party.Assigned_ Accountant.Accountant_ Contact.Contact Contact Type,bus,Accountant_ Contact
111,bus,5,A,,Contact Location ID cross reference,String,0..1,,This code is used to associate the contact with a specific location for the Entity. Its value should be the same as that of the organizationAddressLocationIdentifier,所在地相互参照情報,担当者と事業体の位置情報を関係付けるためのコード。organizationAddressLocationIdentifierと同じ値であるべき。,accountingEntriesEntityPartyAssignedAccountantContactLocationIdCrossReference,BU24-08,$.Accounting Entries.Entity_ Party.Assigned_ Accountant.Accountant_ Contact.Contact Location ID cross reference,bus,Accountant_ Contact
112,bus,5,A,,Contact Active,Boolean,0..1,,"Boolean to indicate whether the contact is active (=""true"") or inactive (=""false"")",担当者有効性,担当者が有効か無効かを示すブール値。,accountingEntriesEntityPartyAssignedAccountantContactActive,BU24-09,$.Accounting Entries.Entity_ Party.Assigned_ Accountant.Accountant_ Contact.Contact Active,bus,Accountant_ Contact
113,bus,5,C,,Contact_ Phone,,0..*,,Contact Phone Number,【担当者電話番号】,担当者の電話番号。,accountingEntriesEntityPartyAssignedAccountantContactPhone,BU24-10,$.Accounting Entries.Entity_ Party.Assigned_ Accountant.Accountant_ Contact.Contact_ Phone,bus,Contact_ Phone
114,bus,6,A,PK,Phone Number,String,0..1,,Phone number referred to in Phone Number Description'\.,電話番号,電話番号用途で示される電話番号。,accountingEntriesEntityPartyAssignedAccountantContactPhoneNumber,BU03-01,$.Accounting Entries.Entity_ Party.Assigned_ Accountant.Accountant_ Contact.Contact_ Phone.Phone Number,bus,Contact_ Phone
115,bus,6,A,,Phone Number Description,String,0..1,,"Entity Phone Number Description such as Main, Investor relations. Enumerated as: bookkeeper, controller, direct, fax, investor-relations, main, switchboard, other.",電話番号用途,"代表、IR用などの、電話番号の用途。
[設定値のリスト]
(bookkeeper：記帳係)、(controller：会計責任者)、(direct：直通)、(fax：FAX)、(investor-relations：IR窓口)、(main：代表)、(switchboard：交換台)、(other：その他)",accountingEntriesEntityPartyAssignedAccountantContactPhoneNumberDescription,BU03-02,$.Accounting Entries.Entity_ Party.Assigned_ Accountant.Accountant_ Contact.Contact_ Phone.Phone Number Description,bus,Contact_ Phone
116,bus,5,C,,Contact_ Fax,,0..*,,Contact Fax Number Class,【担当者FAX番号】,担当者のFAX番号の構造体。,accountingEntriesEntityPartyAssignedAccountantContactFax,BU24-11,$.Accounting Entries.Entity_ Party.Assigned_ Accountant.Accountant_ Contact.Contact_ Fax,bus,Contact_ Fax
117,bus,6,A,PK,Fax Number,String,0..1,,Fax Number,FAX番号,FAX番号。,accountingEntriesEntityPartyAssignedAccountantContactFaxNumber,BU08-01,$.Accounting Entries.Entity_ Party.Assigned_ Accountant.Accountant_ Contact.Contact_ Fax.Fax Number,bus,Contact_ Fax
118,bus,6,A,,Fax Number Usage,String,0..1,,"Fax number usage (e.g. orders, head office, IR)",FAX番号用途,FAX番号の用途。(注文、本社、IRなど),accountingEntriesEntityPartyAssignedAccountantContactFaxNumberUsage,BU08-02,$.Accounting Entries.Entity_ Party.Assigned_ Accountant.Accountant_ Contact.Contact_ Fax.Fax Number Usage,bus,Contact_ Fax
119,bus,5,C,,Contact_ Email,,0..*,,Contact E-mail address class,【担当者Eメールアドレス】,担当者のEメールアドレスの構造体。,accountingEntriesEntityPartyAssignedAccountantContactEmail,BU24-12,$.Accounting Entries.Entity_ Party.Assigned_ Accountant.Accountant_ Contact.Contact_ Email,bus,Contact_ Email
120,bus,6,A,PK,Email Address,String,0..1,,Email Address,Eメールアドレス,Eメールアドレス。,accountingEntriesEntityPartyAssignedAccountantContactEmailAddress,BU13-01,$.Accounting Entries.Entity_ Party.Assigned_ Accountant.Accountant_ Contact.Contact_ Email.Email Address,bus,Contact_ Email
121,bus,6,A,,Email Address Usage,String,0..1,,"Email address usage (e.g. orders, head office, IR)",Eメールアドレス用途,Eメールアドレスの用途。(注文、本社、IRなど),accountingEntriesEntityPartyAssignedAccountantContactEmailAddressUsage,BU13-02,$.Accounting Entries.Entity_ Party.Assigned_ Accountant.Accountant_ Contact.Contact_ Email.Email Address Usage,bus,Contact_ Email
122,bus,3,C,,Specified_ Reporting Calendar,,0..*,,A tool to collect the periods used to summarise results from transactions.,【報告カレンダー】,取引の結果をまとめるための期間を集めるもの。,accountingEntriesEntityPartySpecifiedReportingCalendar,CO14-17,$.Accounting Entries.Entity_ Party.Specified_ Reporting Calendar,bus,Reporting Calendar
123,bus,4,A,PK,Reporting Calendar Code,String,0..1,,"The code used to identify this specific reporting calendar, unique across periods",報告カレンダーコード,この報告カレンダーを識別するコード。複数期間にわたって一意。,accountingEntriesEntityPartySpecifiedReportingCalendarReportingCalendarCode,BU29-01,$.Accounting Entries.Entity_ Party.Specified_ Reporting Calendar.Reporting Calendar Code,bus,Reporting Calendar
124,bus,4,A,,Reporting Calendar Description,String,0..1,,A description of the reporting calendar (associated with the reportingCalendarCode given),報告カレンダー説明,報告カレンダーの説明（reportingCalendarCodeと関係付けられる）。,accountingEntriesEntityPartySpecifiedReportingCalendarReportingCalendarDescription,BU29-02,$.Accounting Entries.Entity_ Party.Specified_ Reporting Calendar.Reporting Calendar Description,bus,Reporting Calendar
125,bus,4,A,,Reporting Calendar Title,String,0..1,,A description of the reporting period. The actual beginning and ending dates are found within the 'reportingCalendarPeriod' class,報告カレンダータイトル,報告期間の説明。実際の開始日及び終了日はreportingCalendarPeriodに記述する。,accountingEntriesEntityPartySpecifiedReportingCalendarReportingCalendarTitle,BU29-03,$.Accounting Entries.Entity_ Party.Specified_ Reporting Calendar.Reporting Calendar Title,bus,Reporting Calendar
126,bus,4,A,,Reporting Calendar Period Type,Token,0..1,,"A code for the type of period involved. Enumerated as: monthly, quarterly, semi-annually, 4-5-4, ad-hoc, other.",期間種別コード,"報告期間の種別コード。月次、四半期ごと、半期ごと、4-5-4、随時、その他_x000D_
[設定値のリスト]_x000D_
(monthly：月次)、(quarterly：四半期ごと)、(semi-annually：半期ごと)、(4-5-4：4-5-4)、(ad-hoc：随時)、(other：その他)",accountingEntriesEntityPartySpecifiedReportingCalendarReportingCalendarPeriodType,BU29-04,$.Accounting Entries.Entity_ Party.Specified_ Reporting Calendar.Reporting Calendar Period Type,bus,Reporting Calendar
127,bus,4,A,,Reporting Calendar Period Type Description,String,0..1,,A description of the type of period involved.,期間種別説明,報告期間の種別の説明。,accountingEntriesEntityPartySpecifiedReportingCalendarReportingCalendarPeriodTypeDescription,BU29-05,$.Accounting Entries.Entity_ Party.Specified_ Reporting Calendar.Reporting Calendar Period Type Description,bus,Reporting Calendar
128,bus,4,A,,Reporting Calendar Closed Status,Token,0..1,,"An identifier on whether the reporting calendar is still open for activity. enumerated, ""open"", ""closed"", ""pending""",締状態,"報告カレンダーがオープンかどうかを示す識別子。オープン、締切り済み、保留中_x000D_
[設定値のリスト]_x000D_
(open：オープン)、(closed：締切り済み)、(pending：保留中)",accountingEntriesEntityPartySpecifiedReportingCalendarReportingCalendarClosedStatus,BU29-06,$.Accounting Entries.Entity_ Party.Specified_ Reporting Calendar.Reporting Calendar Closed Status,bus,Reporting Calendar
129,bus,4,A,,Reporting Calendar Purpose,Token,0..1,,A description of the accounting set of books involved. Uses enumeration from accounting method purpose.,報告目的,"帳簿の集合の説明。会計処理方法の目的の列挙値を使用する。_x000D_
[設定値のリスト]_x000D_
(book：帳簿)、(tax：税)、(management：管理)、(statutory：スタチュトリ)、(other：その他)",accountingEntriesEntityPartySpecifiedReportingCalendarReportingCalendarPurpose,BU29-07,$.Accounting Entries.Entity_ Party.Specified_ Reporting Calendar.Reporting Calendar Purpose,bus,Reporting Calendar
130,bus,4,A,,Reporting Calendar Purpose Description,String,0..1,,Free format description of the reporting purpose,報告目的説明,報告目的の説明。,accountingEntriesEntityPartySpecifiedReportingCalendarReportingCalendarPurposeDescription,BU29-08,$.Accounting Entries.Entity_ Party.Specified_ Reporting Calendar.Reporting Calendar Purpose Description,bus,Reporting Calendar
131,bus,4,C,,Reporting Calendar_ Period,,0..*,,A tool to collect a specific set of periods used to summarize results from transactions.,【報告カレンダー期間】,取引の結果をまとめるための特定の期間を集めるもの。,accountingEntriesEntityPartySpecifiedReportingCalendarReportingCalendarPeriod,BU29-09,$.Accounting Entries.Entity_ Party.Specified_ Reporting Calendar.Reporting Calendar_ Period,bus,Reporting Calendar_ Period
132,bus,5,A,PK,Period ID,String,0..1,,An identifier for this period in this calendar,報告期間識別子,このカレンダーにおけるこの期間の識別子。,accountingEntriesEntityPartySpecifiedReportingCalendarReportingCalendarPeriodId,BU28-01,$.Accounting Entries.Entity_ Party.Specified_ Reporting Calendar.Reporting Calendar_ Period.Period ID,bus,Reporting Calendar_ Period
133,bus,5,A,,Period Description,String,0..1,,A description of this specific reporting period in this calendar.,期間説明,このカレンダーにおけるこの特定の期間の説明。,accountingEntriesEntityPartySpecifiedReportingCalendarReportingCalendarPeriodDescription,BU28-02,$.Accounting Entries.Entity_ Party.Specified_ Reporting Calendar.Reporting Calendar_ Period.Period Description,bus,Reporting Calendar_ Period
134,bus,5,A,,Period Start Date,Date Time,0..1,,The beginning date/time of a period,期間開始日付,期間の開始日付/時刻,accountingEntriesEntityPartySpecifiedReportingCalendarReportingCalendarPeriodStartDate,BU28-03,$.Accounting Entries.Entity_ Party.Specified_ Reporting Calendar.Reporting Calendar_ Period.Period Start Date,bus,Reporting Calendar_ Period
135,bus,5,A,,Period End Date,Date Time,0..1,,The ending date/time of a period,期間終了日付,期間の終了日付/時刻,accountingEntriesEntityPartySpecifiedReportingCalendarReportingCalendarPeriodEndDate,BU28-04,$.Accounting Entries.Entity_ Party.Specified_ Reporting Calendar.Reporting Calendar_ Period.Period End Date,bus,Reporting Calendar_ Period
136,bus,5,A,,Reporting Calendar_ Period Closed Date,Date Time,0..1,,"The date/time a period has been closed for activity. If this is present with a nill value (xsi:nill=""true"") then the period is not closed.",期間締日付,"この期間の活動が締め切られた日付/時刻。この値がニル値(xsi:nill=""true"")であれば、この期間は、締め切られていない。",accountingEntriesEntityPartySpecifiedReportingCalendarReportingCalendarPeriodReportingCalendarPeriodClosedDate,BU28-05,$.Accounting Entries.Entity_ Party.Specified_ Reporting Calendar.Reporting Calendar_ Period.Reporting Calendar_ Period Closed Date,bus,Reporting Calendar_ Period
137,cor,2,C,,Entry_ Header,,0..*,,Parent for entry headers/journal entry headers.,【仕訳情報】,エントリヘッダー/仕訳記入ヘッダーの親タグ。,entryHeader,CO23-03,$.Accounting Entries.Entry_ Header,cor,Entry_ Header
138,cor,3,A,,Date Posted,Date Time,0..1,,Date this entry was posted (validated) to the general ledger. May not represent the date of accounting significance which is represented by 'postingDate'.,転記済日付,この仕訳が総勘定元帳に転記された(検証された)日付。 postingDateで示されるような会計上意味のある日付を表さないかもしれない。,datePosted,CO22-01,$.Accounting Entries.Entry_ Header.Date Posted,cor,Entry_ Header
139,cor,3,A,,Creator,String,0..1,,Initials/name of operator originally entering.,仕訳作成者,最初に入力したオペレータのイニシャル/名前。,entryHeaderCreator,CO22-02,$.Accounting Entries.Entry_ Header.Creator,cor,Entry_ Header
140,cor,3,A,,Last Modifier,String,0..1,,Identification for the last person modifying this entry before posting.,仕訳最終更新者,転記前に最後にこの仕訳を修正した者の識別子。,lastModifier,CO22-03,$.Accounting Entries.Entry_ Header.Last Modifier,cor,Entry_ Header
141,cor,3,A,,Responsible Person,String,0..1,,Identifier of person who created or originated or is otherwise responsible for the entry.,責任者,仕訳を作成したか、仕訳に責任を持つ者の識別子。,responsiblePerson,CO22-04,$.Accounting Entries.Entry_ Header.Responsible Person,cor,Entry_ Header
142,cor,3,A,,Type Code,Token,0..1,,"One of the following enumerated list: adjusting, budget, comparative, external-accountant, standard, passed-adjusting, eliminating, proposed, recurring, reclassifying, simulated, tax, other",種別識別子,"以下の値のうちのひとつ。_x000D_
整理、予算、比較、外部会計事務所、通常、無視、消去、提案、反復、組替、シミュレーション、税、その他_x000D_
[設定値のリスト]_x000D_
(adjusting：整理)、(budget：予算)、(comparative：比較)、(external-accountant：外部会計事務所)、(standard：通常)、(passed-adjusting：無視)、(eliminating：消去)、(proposed：提案)、(recurring：反復)、(reclassifying：組替)、(simulated：シミュレーション)、(tax：税)、(other：その他)",typeCode,CO22-05,$.Accounting Entries.Entry_ Header.Type Code,cor,Entry_ Header
143,cor,3,A,,Posting Code,String,0..1,,"Code for posting to period, e.g., period 1-13, based on codes in an accounting period file. We do not recommend that software vendors export here, but suggest providing period end numbers for the buckets. Possibilities W1 through W53, M1 through M13, Q1-Q4. Developers and others creating output files are encouraged to supply an actual end date.",転記コード,転記の期間を表すコード。例えば、会計期間ファイルのコードにもとづく期間１～１３。ソフトウエアベンダーが、この値をエクスポートすることは推奨しない。期間の最終番号を提供することを勧める。可能な値としては、W1からW53、M1からM13、Q1からQ4など。開発者や出力ファイルの作成者には、実際の終了日付を提供することを勧める。,postingCode,CO22-06,$.Accounting Entries.Entry_ Header.Posting Code,cor,Entry_ Header
144,cor,3,A,,Number of Entries,Integer,0..1,,The total number of entries.,仕訳総数,仕訳の総数。,numberOfEntries,CO22-07,$.Accounting Entries.Entry_ Header.Number of Entries,cor,Entry_ Header
145,cor,3,A,,Comment,String,0..1,,Comment of the entry,仕訳摘要,仕訳の摘要,comment,CO22-08,$.Accounting Entries.Entry_ Header.Comment,cor,Entry_ Header
146,cor,3,A,,Header_ Entry Date,Date Time,0..1,,"Represents the actual date/time of entry into computer (automated from system date, often misrepresented by changing system clock). Posting dates are maintained separately.",入力日付,コンピュータへ入力した実際の日付/時刻(システム日付から自動的に与えられ、システム時計の変更により、しばしば誤った値になる)を示す。 転記日付とは別に管理される。,headerEntryDate,CO22-09,$.Accounting Entries.Entry_ Header.Header_ Entry Date,cor,Entry_ Header
147,cor,3,A,,Source Journal,Token,0..1,,"Source journal. The code of the journal in which the entry is processed. The code must be a unique indication for a journal and is selected from the following enumerated list:

cd      cash disbursements (sending cheques to vendors)
cr      cash receipts (receiving cheques from others)
fa      fixed assets
gi      giro/other bank adjustments
gj      general journal
im      inventory management
jc      job cost
pj      purchase journal (liabilities from purchases)
pl      payroll journal
sj      sales journal
se      standard entries
ud      user defined
ot      other sources of entries",元仕訳帳種別,"元仕訳帳。仕訳が処理される仕訳帳のコード。コードは仕訳帳に一意な指標であり、以下から選択する。_x000D_
出金(仕入先への小切手送付)、入金(他者からの小切手受領)、固定資産、振替、一般仕訳帳、在庫管理、個別原価、仕入帳(仕入による負債)、賃金台帳、売上台帳、通常仕訳、ユーザ定義、その他_x000D_
[設定値のリスト]_x000D_
(cd：出金)、(cr：入金)、(fa：固定資産)、(gi：振替)、(gj：一般仕訳帳)、(im：在庫管理)、(jc：個別原価)、(pj：仕入帳)、(pl：賃金台帳)、(sj：売上台帳)、(se：通常仕訳)、(ud：ユーザ定義)、(ot：その他)",sourceJournal,CO22-10,$.Accounting Entries.Entry_ Header.Source Journal,cor,Entry_ Header
148,cor,3,A,,Journal Description,String,0..1,,"Source journal (full description of general journal, payroll journal, accountant entries). A more easily readable journal indication. The most common journals are: Purchases, Sales, Cash, and General Journal.",元仕訳帳説明,元仕訳帳(一般仕訳、給与台帳、会計事務所入力の完全な説明)。 よりわかりやすい仕訳帳の指標。 最も一般的な仕訳帳は、次の通り。 仕入、売上、現金、一般仕訳。,journalDescription,CO22-11,$.Accounting Entries.Entry_ Header.Journal Description,cor,Entry_ Header
149,cor,3,A,,Entry Origin,String,0..1,,"Origin of entry: accrual, manual entry, imported entry, exchange gain or loss",仕訳起源,仕訳の起源。発生、手入力、インポート入力、為替換算による損益。,entryOrigin,CO22-12,$.Accounting Entries.Entry_ Header.Entry Origin,cor,Entry_ Header
150,cor,3,A,,Entry ID,String,0..1,,Identifier within source journal,仕訳識別子,元仕訳帳中の識別子。,entryId,CO22-13,$.Accounting Entries.Entry_ Header.Entry ID,cor,Entry_ Header
151,cor,3,A,,Entry Description,String,0..1,,Description of entry described by this entry header (e.g. Opening Balance),仕訳説明,このエントリヘッダーによって説明された仕訳の説明(例えば、期首残高),entryDescription,CO22-14,$.Accounting Entries.Entry_ Header.Entry Description,cor,Entry_ Header
152,cor,3,A,,Entry Qualifier,Token,0..1,,"Entry Qualifier - An enumerated field that qualifies the type of entry, specifically useful for general ledger and trial balance environments when it is important to state the values represented are summarized as of the reporting date - opening or closing balances. In accounting systems, this is often known as BBF (balance brought forward.) Permitted values are: standard, balance-brought-forward and other.",仕訳修飾子,"仕訳の修飾子。総勘定元帳や試算表で、開始残高や決算残高のように、記された値が報告日で集約されていることを明示することが重要なときに有用な、仕訳の種別を修飾するもの。会計システムにおいて、BBF（繰越残高）として知られるもの。指定可能な値は以下。標準、繰越残高、その他_x000D_
[設定値のリスト]_x000D_
(standard：標準)、(balance-brought-forward：繰越残高)、(other：その他)",entryQualifier,CO22-15,$.Accounting Entries.Entry_ Header.Entry Qualifier,cor,Entry_ Header
153,cor,3,A,,Entry Qualifier Description,String,0..1,,Free format description of the entry qualifier,仕訳修飾子説明,仕訳の修飾子の説明。,entryQualifierDescription,CO22-16,$.Accounting Entries.Entry_ Header.Entry Qualifier Description,cor,Entry_ Header
154,cor,3,A,,Batch ID for Entry Group,String,0..1,,ID for a batch for this group of entries,仕訳グループ識別子,この仕訳の集合に付ける、束の識別子。,batchIdForEntryGroup,CO22-17,$.Accounting Entries.Entry_ Header.Batch ID for Entry Group,cor,Entry_ Header
155,cor,3,A,,Batch Description,String,0..1,,Description of this batch,仕訳グループ説明,この仕訳の束の説明。,batchDescription,CO22-18,$.Accounting Entries.Entry_ Header.Batch Description,cor,Entry_ Header
156,cor,3,A,,Total Debits,Monetary,0..1,,The total of all debit amounts.,借方合計,借方金額の合計値。,totalDebits,CO22-19,$.Accounting Entries.Entry_ Header.Total Debits,cor,Entry_ Header
157,cor,3,A,,Total Credits,Monetary,0..1,,The total of all credit amounts.,貸方合計,貸方金額の合計値。,totalCredits,CO22-20,$.Accounting Entries.Entry_ Header.Total Credits,cor,Entry_ Header
158,cor,3,A,,Type of Difference Between Book and Tax,Token,0..1,,"Enumerated field with possible values of permanent, temporary or none indicating the type of difference between book and tax accounting methods. Omission of this field is equivalent to ""none""",帳簿価税務簿価差異種別,"帳簿と税務会計処理方法との差異の種別を示す値。永久か一時的かまたは無し。値の省略時は「無し」と同じ。_x000D_
[設定値のリスト]_x000D_
(permanent：永久)、(temporary：一時的)、(none：無し)",typeOfDifferenceBetweenBookAndTax,CO22-21,$.Accounting Entries.Entry_ Header.Type of Difference Between Book and Tax,cor,Entry_ Header
159,cor,3,A,,Elimination Code,String,0..1,,Informs destination ledger this is an intracompany entry which eliminates in consolidation,相殺消去コード,連結決算時に消去される連結会社間仕訳であることを、受取側の元帳に通知する。,eliminationCode,CO22-22,$.Accounting Entries.Entry_ Header.Elimination Code,cor,Entry_ Header
160,cor,3,A,,Budget Scenario Period Start,Date Time,0..1,,Start of period covered by associated budgetScenario,予算シナリオ期間開始日付,関係付けられたbudgetScenarioがカバーする期間の開始日。,budgetScenarioPeriodStart,CO22-23,$.Accounting Entries.Entry_ Header.Budget Scenario Period Start,cor,Entry_ Header
161,cor,3,A,,Budget Scenario Period End,Date Time,0..1,,End of period covered by associated budgetScenario,予算シナリオ期間終了日付,関係付けられたbudgetScenarioがカバーする期間の終了日。,budgetScenarioPeriodEnd,CO22-24,$.Accounting Entries.Entry_ Header.Budget Scenario Period End,cor,Entry_ Header
162,cor,3,A,,Scenario Description,String,0..1,,Text related to budgetScenario,シナリオ説明,budgetScenarioに関する記述。,scenarioDescription,CO22-25,$.Accounting Entries.Entry_ Header.Scenario Description,cor,Entry_ Header
163,cor,3,A,,Scenario Code,String,0..1,,"Code for a budget scenario identifier (such as PB for 'preliminary budget', or RB for 'revised budget', or other identifier for entryType)",シナリオコード,予算シナリオの識別コード。例えば、「PB」（予備予算）、「RB」（補正予算）、または他の仕訳種別の識別子。,scenarioCode,CO22-26,$.Accounting Entries.Entry_ Header.Scenario Code,cor,Entry_ Header
164,cor,3,A,,Budget Allocation Code,Token,0..1,,"Code associated with the calculation formula: e.g. (D)ivide by number of periods, (T)otal for period given",予算配分コード,"計算式に関係付けられたコード。例えば、期間数での分割、与えられた期間の合計_x000D_
[設定値のリスト]_x000D_
(D：期間数での分割)、(T：与えられた期間の合計)",budgetAllocationCode,CO22-27,$.Accounting Entries.Entry_ Header.Budget Allocation Code,cor,Entry_ Header
165,cor,3,A,,"ID for Reversing, Standard or Master Entry",String,0..1,,"For standard, reversing, master, cancelling or other entries an ID associated with those entries.",反対/通常/マスタ仕訳識別子,通常、反対、マスタ、取消または他の仕訳のための、それらの仕訳を関連付けるID。,idForReversingStandardOrMasterEntry,CO22-28,"$.Accounting Entries.Entry_ Header.ID for Reversing, Standard or Master Entry",cor,Entry_ Header
166,cor,3,A,,Recurring Standard Description,String,0..1,,Description to accompany standard or recurring ID,反復通常仕訳説明,通常仕訳または反復仕訳のIDの説明。,recurringStandardDescription,CO22-29,$.Accounting Entries.Entry_ Header.Recurring Standard Description,cor,Entry_ Header
167,cor,3,A,,Frequency Interval,Decimal,0..1,,"For standard or recurring journals, how often entry may be made: every frequencyInterval frequencyUnit, such as every 7 (interval) days (unit) or every 1 (interval) quarter (unit). This field represents the interval.",頻度間隔,通常または反復仕訳において、仕訳が記入される頻度。frequencyInterval、frequencyUnitごと、たとえば7(interval)日(unit)ごと、1(interval)四半期(unit)ごとなどにおける、intervalを示す。,frequencyInterval,CO22-30,$.Accounting Entries.Entry_ Header.Frequency Interval,cor,Entry_ Header
168,cor,3,A,,Frequency Unit,String,0..1,,"For standard or recurring journals, how often entry may be made: every frequencyInterval frequencyUnit, such as every 7 (interval) days (unit) or every 1 (interval) quarter (unit). This field represents the unit.",頻度単位,通常または反復仕訳において、仕訳が記入される頻度。frequencyInterval、frequencyUnitごと、たとえば7(interval)日(unit)ごと、1(interval)四半期(unit)ごとなどにおける、unitを示す。,frequencyUnit,CO22-31,$.Accounting Entries.Entry_ Header.Frequency Unit,cor,Entry_ Header
169,cor,3,A,,Repetitions Remaining,Integer,0..1,,Number of times that the recurring entry will repeat,反復残回数,反復仕訳の繰り返し予定数。,repetitionsRemaining,CO22-32,$.Accounting Entries.Entry_ Header.Repetitions Remaining,cor,Entry_ Header
170,cor,3,A,,Next Date Repeat,Date Time,0..1,,Date next repeated or standard posted,次回反復日付,次回の反復あるいは通常の転記日。,nextDateRepeat,CO22-33,$.Accounting Entries.Entry_ Header.Next Date Repeat,cor,Entry_ Header
171,cor,3,A,,Last Date Repeat,Date Time,0..1,,Date last repeated or standard posted,前回反復日付,前回の反復あるいは通常の転記日。,lastDateRepeat,CO22-34,$.Accounting Entries.Entry_ Header.Last Date Repeat,cor,Entry_ Header
172,cor,3,A,,End Date of Repeating Entry,Date Time,0..1,,"For standard or recurring journals, stop date/time for repetitive entry.",反復仕訳終了日付,通常仕訳または反復仕訳のための、反復入力の終了日付/時刻。,endDateOfRepeatingEntry,CO22-35,$.Accounting Entries.Entry_ Header.End Date of Repeating Entry,cor,Entry_ Header
173,cor,3,A,,Reverse,Boolean,0..1,,Should entry be reversed?,反対仕訳要否,仕訳が取り消されるべきか。,reverse,CO22-36,$.Accounting Entries.Entry_ Header.Reverse,cor,Entry_ Header
174,cor,3,A,,Reversing Date,Date Time,0..1,,Date this entry should be reversed,反対仕訳日付,この仕訳が取り消されるべき日付。,reversingDate,CO22-37,$.Accounting Entries.Entry_ Header.Reversing Date,cor,Entry_ Header
175,cor,3,A,,Entry Number Counter,Decimal,0..1,,Unique reference for the entry - a numeric counter,仕訳番号カウンタ,仕訳の一意なリファレンス　　カウンタ,entryNumberCounter,CO22-38,$.Accounting Entries.Entry_ Header.Entry Number Counter,cor,Entry_ Header
176,cor,3,C,,Entry_ Detail,,0..*,,Parent for entry detail,【仕訳明細】,仕訳明細の親タグ。,entryDetail,CO22-39,$.Accounting Entries.Entry_ Header.Entry_ Detail,cor,Entry_ Detail
177,cor,4,A,PK,Line Number,String,0..1,,Identifier for a particular entry detail,明細行番号,仕訳明細の識別子。,lineNumber,CO21-01,$.Accounting Entries.Entry_ Header.Entry_ Detail.Line Number,cor,Entry_ Detail
178,cor,4,A,,Line Number Counter,Decimal,0..1,,Unique reference for the line - a numeric counter,明細行番号カウンタ,明細行の一意なリファレンス　　カウンタ,lineNumberCounter,CO21-02,$.Accounting Entries.Entry_ Header.Entry_ Detail.Line Number Counter,cor,Entry_ Detail
179,cor,4,A,,Posting Date,Date Time,0..1,,"At the detail level, this represents the accounting significance date. No matter what date the document is received, entered, or posted, this signifies the accounting date of the entry. If you want to see the financial results for March 5, 2002 and this entry is given that date, the entry will be part of the results for March 5, 2002. This is different from the postedDate found at the entryHeader level. If you want the accounting significance to be a particular date, it goes here. A single entry could represent multiple dates, but would only be posted on one date.",転記日付,明細レベルで、会計上意義のある日付を示す。ドキュメントの受領、入力、転記の日付に関わらず、仕訳が会計処理された日付を示す。2002.03.05の財務結果を見たいときに、ここにその日付がある場合は、この明細は2002.03.05の結果の一部である。これは、entryHeaderにあるpostedDateとは異なる。特定の日付を会計上意義のある日付にしたいなら、ここに記述する。ひとつの仕訳が複数の日付をあらわせるが、ひとつの日でのみ転記される。,postingDate,CO21-03,$.Accounting Entries.Entry_ Header.Entry_ Detail.Posting Date,cor,Entry_ Detail
180,cor,4,A,,Memo Line,Boolean,0..1,,A boolean like entry that indicates whether an entryDetail line has been provided solely to provide additional details and that tools should not consider the amount in postings.,メモ行フラグ,明細行が単に追加の詳細を与えるものであり、転記金額に含めるべきでないことを示すブール値。,memoLine,CO21-04,$.Accounting Entries.Entry_ Header.Entry_ Detail.Memo Line,cor,Entry_ Detail
181,cor,4,A,,Document Type,Token,0..1,,"An enumerated field describing the original source document, with check, debit-memo, credit-memo, finance-charge, invoice, order-customer, order-vendor, payment-other, reminder, tegata, voucher, shipment, receipt, manual-adjustment, other.",元文書種別,小切手、借方メモ、貸方メモ、財務費用、顧客への請求書、顧客オーダー、仕入先オーダー、その他支払い、督促状、手形、ベンダからの請求書、出荷票、受領票、手修正、その他の列挙値による、元文書の説明。[設定値のリスト]_x000D_ (check：小切手)、(debit-memo：借方メモ)、(credit-memo：貸方メモ)、(finance-charge：財務費用)、(invoice：顧客への請求書)、(order-customer：顧客オーダ)、(order-vendor：仕入先オーダ)、(payment-other：その他支払い)、(reminder：督促状)、(tegata：手形)、(voucher：ベンダからの請求書)、(shipment：出荷票)、(receipt：受領票)、(manual-adjustment：手修正)、(other：その他),entryDetailDocumentType,CO21-05,$.Accounting Entries.Entry_ Header.Entry_ Detail.Document Type,cor,Entry_ Detail
182,cor,4,A,,Document Type Description,String,0..1,,Free format description of the document type,元文書種別説明,元文書の種別の説明。,documentTypeDescription,CO21-06,$.Accounting Entries.Entry_ Header.Entry_ Detail.Document Type Description,cor,Entry_ Detail
183,cor,4,R,,Document,,0..1,,"Invoice, check, voucher, or other source document identifier",元文書番号,請求書、小切手、証憑、その他の元文書の識別子。,,CO21-07,$.Accounting Entries.Entry_ Header.Entry_ Detail.Document,cor,Document
184,cor,5,A,REF,Document Number,String,0..1,,Document number,発生元文書番号,発生元文書の番号。,entryDetailDocumentNumber,CO20-02,$.Accounting Entries.Entry_ Header.Entry_ Detail.Document.Document Number,cor,Document
185,cor,4,A,,Document Date,Date Time,0..1,,"Date (and less likely in the paper world but possible in the e-world, time) on actual document (invoice, voucher, check date). Other dates control posting information.",元文書日付,実際の文書（請求書、証憑、小切手）の日付（および、紙の世界ではありそうにないが、電子的には時刻）。 転記の情報は別の日付で管理する。,documentDate,CO21-08,$.Accounting Entries.Entry_ Header.Entry_ Detail.Document Date,cor,Entry_ Detail
186,cor,4,A,,Received Date,Date Time,0..1,,Date/time document was noted as received (if necessary). Represents actual date received. Posting dates are maintained separately.,元文書受領日付,（必要であれば）文書の受領が記録された日付/時刻。実際に受領された日付をあらわす。転記日付は別に管理される。,receivedDate,CO21-09,$.Accounting Entries.Entry_ Header.Entry_ Detail.Received Date,cor,Entry_ Detail
187,cor,4,A,,Document Location,String,0..1,,"Document location as URI, file name or other reference. Alternatively, text of document can be placed here.",元文書格納場所,文書の格納場所である、URI、ファイル名またはその他の参照情報。代わりに、文書のテキストも記述可能。,documentLocation,CO21-10,$.Accounting Entries.Entry_ Header.Entry_ Detail.Document Location,cor,Entry_ Detail
188,cor,4,A,,Posting Status,Token,0..1,,"deferred: although entered, it cannot be posted until a later time
posted: already posted
proposed: a proposed item that must be approved
simulated: a simulated item, for what-if
tax: a tax-specific entry
unposted:entered but not yet posted or validated
cancelled:entered and later cancelled
other:other status - should be described in postingStatusDescription",転記状態,"・据置：入力されたが、まだ転記できない。_x000D_
・転記済：転記済み。_x000D_
・提案済：検証が必要な項目。_x000D_
・シミュレーション：仮定のためにシミュレートされた項目。_x000D_
・税：税項目。_x000D_
・未転記：入力されたが、まだ検証も転記もされていない。_x000D_
・取消済：入力されたが、取り消された。_x000D_
・その他：その他の状態。postingStatusDescriptionで説明されるべき。_x000D_
[設定値のリスト]_x000D_
(deferred：据置)、(posted：転記済)、(proposed：提案済)、(simulated：シミュレーション)、(tax：税)、(unposted：未転記)、(cancelled：取消済)、(other：その他)",postingStatus,CO21-11,$.Accounting Entries.Entry_ Header.Entry_ Detail.Posting Status,cor,Entry_ Detail
189,cor,4,A,,Posting Status Description,String,0..1,,Free format description of the posting status,転記状態説明,転記状態の説明。,postingStatusDescription,CO21-12,$.Accounting Entries.Entry_ Header.Entry_ Detail.Posting Status Description,cor,Entry_ Detail
190,cor,4,A,,Description,String,0..1,,Description of this line of detail only,説明,この明細行のみに対する説明。,entryDetailDescription,CO21-13,$.Accounting Entries.Entry_ Header.Entry_ Detail.Description,cor,Entry_ Detail
191,cor,4,A,,Acknowledgement Date,Date Time,0..1,,Date of acknowledgement of goods/services shipped/received.,承認日付,出荷/受領済みの物品/サービスを承認した日付。,acknowledgementDate,CO21-14,$.Accounting Entries.Entry_ Header.Entry_ Detail.Acknowledgement Date,cor,Entry_ Detail
192,cor,4,A,,Confirmation Date,Date Time,0..1,,Date of confirmation of shipment/receipt.,確認日付,出荷/受領を確認した日付。,confirmationDate,CO21-15,$.Accounting Entries.Entry_ Header.Entry_ Detail.Confirmation Date,cor,Entry_ Detail
193,cor,4,A,,Measurable Class ID,Token,0..1,,"An enumerated code to identify the inventory, fixed asset or other measurable class. Enumerated as: raw material, work-in-process, finished goods, assemblies, supplies, land, building, machinery, furniture, vehicles, other.",測定可能分類コード,在庫、固定資産、その他の測定可能な分類を識別するための列挙コード。列挙例：原材料、仕掛品、製品、組立品、備品、土地、建物、機械、家具、車両、その他。,measurableClassId,CO21-16,$.Accounting Entries.Entry_ Header.Entry_ Detail.Measurable Class ID,cor,Entry_ Detail
194,cor,4,A,,Measurable Class Description,String,0..1,,Free format description associated with gl-ehm:measurableClassID to provide specialization or clarification for the enumerated value of other.,測定可能分類の説明,「その他」の列挙値を補足・特定するための自由記述形式の説明。,measurableClassDescription,CO21-17,$.Accounting Entries.Entry_ Header.Entry_ Detail.Measurable Class Description,cor,Entry_ Detail
195,cor,4,A,,Geospatial Coordinate,String,0..1,,"Enter a relevant location for this item. Format can be either:
- Degrees, minutes, and seconds (DMS): 41°24'12.2""N 2°10'26.5""E
- Degrees and decimal minutes (DMM): 41 24.2028, 2 10.4418
- Decimal degrees (DD): 41.40338, 2.17403",地理座標,"本項目の関連位置を入力。形式は以下のいずれか：
・度分秒 (DMS): 41°24'12.2""N 2°10'26.5""E
・度と小数分 (DMM): 41 24.2028, 2 10.4418
・10進度 (DD): 41.40338, 2.17403",geospatialCoordinate,CO21-18,$.Accounting Entries.Entry_ Header.Entry_ Detail.Geospatial Coordinate,cor,Entry_ Detail
196,taf,4,C,,Originating Document,,0..*,,"A tool to capture the flow of related documents in the business process. Some needs of end users require a greater history of the documents that are associated with a transaction, especially in the VAT audit area. Contains a repetitive class of related documents.",【発生元文書情報】,業務プロセス上の、関連文書の流れを捕捉するためのもの。特にVAT監査では、エンドユーザの要求として、取引に関係する文書の履歴が必要とされる。関連文書情報の構造の繰り返しを含む。,entryDetailOriginatingDocument,CO21-19,$.Accounting Entries.Entry_ Header.Entry_ Detail.Originating Document,taf,Originating Document
197,taf,5,A,,Document Type,Token,0..1,,"Document type  check, debit-memo, credit-memo, finance-charge, invoice, order-customer, order-vendor, payment-other, reminder, tegata, voucher, shipment, receipt, manual-adjustment, other.",発生元文書種別,発生元文書の種別。小切手(check)、借方メモ(debit-memo)、貸方メモ(credit-memo)、財務費用(finance-charge)、顧客への請求書(invoice)、顧客オーダ(order-customer)、仕入先オーダ(order-vendor)、その他支払い(payment-other)、督促状(reminder)、手形(tegata)、ベンダからの請求書(voucher)、出荷票(shipment)、受領票(receipt)、手修正(manual-adjustment)、その他(other),entryDetailOriginatingDocumentType,TA01-01,$.Accounting Entries.Entry_ Header.Entry_ Detail.Originating Document.Document Type,taf,Originating Document
198,taf,5,A,PK,Document Number,String,0..1,,Document number,発生元文書番号,発生元文書の番号。,entryDetailOriginatingDocumentNumber,TA01-02,$.Accounting Entries.Entry_ Header.Entry_ Detail.Originating Document.Document Number,taf,Originating Document
199,taf,5,A,,Document Date,Date,0..1,,Document date,発生元文書日付,発生元文書の日付。,entryDetailOriginatingDocumentDate,TA01-03,$.Accounting Entries.Entry_ Header.Entry_ Detail.Originating Document.Document Date,taf,Originating Document
200,taf,5,A,,Document Identifier Type,Token,0..1,,"Document identifier type. Enumerated as: C, customer, E, employee, V, vendor, O, other, I, salesperson-internal, X, salesperson-external, N, contractor.",発生元文書対象CVE種別,発生元文書の対象となるCVEの種別。_x000D_ [設定値のリスト]_x000D_ (C)、(customer：顧客)、(E)、(employee：従業員)、(V)、(vendor：仕入先)、(O)、(other：その他)、(I)、(salesperson-internal：店舗内販売員)、(X)、(salesperson-external：外交販売員)、(N)、(contractor：請負者),entryDetailOriginatingDocumentIdentifierType,TA01-04,$.Accounting Entries.Entry_ Header.Entry_ Detail.Originating Document.Document Identifier Type,taf,Originating Document
201,taf,5,A,,Document Identifier Code,String,0..1,,Document identifier code,発生元文書対象CVEコード,発生元文書の対象となるCVEのコード。,entryDetailOriginatingDocumentIdentifierCode,TA01-05,$.Accounting Entries.Entry_ Header.Entry_ Detail.Originating Document.Document Identifier Code,taf,Originating Document
202,taf,5,A,,Document Identifier Tax Code,Token,0..1,,Originating document identifier tax code,発生元文書対象CVE納税者コード,発生元文書の対象となるCVEの納税者コード。,entryDetailOriginatingDocumentIdentifierTaxCode,TA01-06,$.Accounting Entries.Entry_ Header.Entry_ Detail.Originating Document.Document Identifier Tax Code,taf,Originating Document
203,cor,4,A,,Detail_ Description,String,0..1,,Description of this line of detail only,説明,この明細行のみに対する説明。,detailDescription,CO21-20,$.Accounting Entries.Entry_ Header.Entry_ Detail.Detail_ Description,cor,Entry_ Detail
204,cor,4,A,,Monetary Amount,Monetary,0..1,,"This field (amount) represents the primary monetary amount related to the  subject of the entryDetail line. There is one primary monetary amount per entryDetail class. It may, for example, represent the amount of one line of a journal entry, the balance on a document, or the extended amount of a line item on an invoice. Amount is not required if detailed entry is used for non-financial work and other elements are populated, in particular measurableQuantity. The amount field is a signed number (either positive or negative itself) and used in conjunction with a separate signOfAmount and a separate debitCreditCode, which together are considered for understanding the monetary amount. The unit of measure is determined by amountCurrency if present, and by the default or home currency if amountCurrency is not present.",金額,entryDetailの代表的な金額を示す。entryDetailごとにひとつの値を持つ。たとえば、仕訳帳の行、残高、請求書の行の金額。明細が会計業務用でなく、measurableQuantityなどの他の要素が設定されている場合は不要。符号付数値であり、金額を解釈するために用意されたsignOfAmountおよびdebitCreditCodeとあわせて使用される。通貨単位はamountCurrencyで決定される。amountCurrencyが指定されない場合は、既定または自国の通貨単位となる。,monetaryAmount,CO21-21,$.Accounting Entries.Entry_ Header.Entry_ Detail.Monetary Amount,cor,Entry_ Detail
205,cor,4,A,,Currency,QName,0..1,,"The currency related to the amount can be entered here instead of the XBRL instance specified way, especially important in multi-currency situations. Recommend ISO 4217 coding.",通貨,XBRLインスタンス内に指定する方法のかわりに、金額の通貨を指定可能。多通貨環境で特に重要。ISO4217コード体系を推奨。,currency,CO21-22,$.Accounting Entries.Entry_ Header.Entry_ Detail.Currency,cor,Entry_ Detail
206,cor,4,A,,Sign Indication for Amount,Token,0..1,,Sign of amount; provides 4 possible fields only when used in conjunction with debitCreditCode; primarily used for correcting entries so total debits and credits after an entry error are not inflated. D + increase DebitsD - decrease debitsC + decreases creditC - increases credit,金額符号,"金額の符号。貸借識別子と関連して使用される場合にだけ、4つの可能なフィールドを提供する。記入エラー後の総貸借が膨張しないように、おもに仕訳の訂正に使用される。 D+は借方を増加させる。D-は借方を減少させる。C+は貸方を減少させる。C-は貸方を増加させる。_x000D_
[設定値のリスト]_x000D_
(+)、(-)、(plus：プラス)、(minus：マイナス)",signIndicationForAmount,CO21-23,$.Accounting Entries.Entry_ Header.Entry_ Detail.Sign Indication for Amount,cor,Entry_ Detail
207,cor,4,A,,Debit/Credit Indicator,Token,0..1,,"Optional identifier of whether the amount is a (D)ebit, a (C)redit or Undefined",貸借区分コード,"金額が借方か貸方か不定かを示す識別子。_x000D_
[設定値のリスト]_x000D_
(D)、(C)、(debit：借方)、(credit：貸方)、(undefined：不定)",debitCreditIndicator,CO21-24,$.Accounting Entries.Entry_ Header.Entry_ Detail.Debit/Credit Indicator,cor,Entry_ Detail
208,cor,4,A,,Allocation Code,String,0..1,,A code that is tied to the Enterprise's allocation system.,配分コード,配賦システムに結びつけるコード。,allocationCode,CO21-25,$.Accounting Entries.Entry_ Header.Entry_ Detail.Allocation Code,cor,Entry_ Detail
209,cor,4,A,,Invoice Type,Token,0..1,,"Invoice Type  (self-billed, ePoS enumerated values)",請求書種別,"請求書の種別。(self-billed、ePoS)_x000D_
[設定値のリスト]_x000D_
(ePos：POSシステムからの発行)、(self-billed：手動発行)",invoiceType,CO21-26,$.Accounting Entries.Entry_ Header.Entry_ Detail.Invoice Type,cor,Entry_ Detail
210,cor,4,A,,Chargeable or Reimbursable,String,0..1,,"Is this entry chargeable to client, reimbursable? Used by some systems to indicate that account on posting/validation should be posted to a customer or vendor's account.",請求支払可能フラグ,この仕訳は顧客に請求、支払可能か。いくつかのシステムでは転記/検証対象の科目が顧客や仕入先の科目に転記されるべきかどうかを示すために使用される。,chargeableOrReimbursable,CO21-27,$.Accounting Entries.Entry_ Header.Entry_ Detail.Chargeable or Reimbursable,cor,Entry_ Detail
211,cor,4,A,,Payment Method,String,0..1,,Method used or to be used to make the payment,支払方法,支払いのために使用された、または使用される方法。,paymentMethod,CO21-28,$.Accounting Entries.Entry_ Header.Entry_ Detail.Payment Method,cor,Entry_ Detail
212,cor,4,A,,Ship From,String,0..1,,References organizationAddressLocationIdentifier where used. Otherwise freeform.,出荷元,organizationAddressLocationIdentifierの参照情報。または自由記述。,shipFrom,CO21-29,$.Accounting Entries.Entry_ Header.Entry_ Detail.Ship From,cor,Entry_ Detail
213,cor,4,A,,Date Shipped/Received,Date Time,0..1,,Date goods/services are shipped/received.,出荷/受領日付,物品/サービスを出荷/受領した日付。,dateShippedReceived,CO21-30,$.Accounting Entries.Entry_ Header.Entry_ Detail.Date Shipped/Received,cor,Entry_ Detail
214,cor,4,A,,Maturity Date or Date Due,Date Time,0..1,,Due date or other maturity date.,支払期日,支払期日やその他の期日。,maturityDateOrDateDue,CO21-31,$.Accounting Entries.Entry_ Header.Entry_ Detail.Maturity Date or Date Due,cor,Entry_ Detail
215,cor,4,A,,Payment Terms,String,0..1,,Discount/payment terms.,支払条件,割引/支払い条件。,paymentTerms,CO21-32,$.Accounting Entries.Entry_ Header.Entry_ Detail.Payment Terms,cor,Entry_ Detail
216,cor,4,A,,Costing Method Code,Token,0..1,,"An enumerated code for the inventory (or other measurable) costing method. Enumerated as: LIFO, FIFO, average, weighted-average, standard-cost, tax-basis, book-basis, other.",原価計算方法コード,在庫または他の測定可能な対象の原価計算方法を示す列挙コード。列挙例：LIFO、FIFO、平均法、加重平均法、標準原価法、税基準、帳簿基準、その他。,costingMethodCode,CO21-33,$.Accounting Entries.Entry_ Header.Entry_ Detail.Costing Method Code,cor,Entry_ Detail
217,cor,4,A,,Costing Method Description,String,0..1,,Free format description associated with gl-ehm:costingMethodCode to provide specialization of clarification for the enumerated value of other.,原価計算方法の説明,「その他」の列挙値に関する補足説明または特定のための自由記述形式。,costingMethodDescription,CO21-34,$.Accounting Entries.Entry_ Header.Entry_ Detail.Costing Method Description,cor,Entry_ Detail
218,cor,4,A,,Ticking Field,Boolean,0..1,,"Signifies that an item has been cleared, finished, finalized. When checking accounts are called for, the tick or letter showing this was done appears in this field. Can also be used for identifying that the
original document against which a payment or DR/CR memo applies has been reconciled.",チェック欄,項目が消去または完了されたことを示す。勘定のチェックが要求される場合、処理済を示すチェックマークまたは文字が指定される。支払またはDR/CRのメモに対する元文書が、消し込まれたことを確認するためにも使用可能。,tickingField,CO21-35,$.Accounting Entries.Entry_ Header.Entry_ Detail.Ticking Field,cor,Entry_ Detail
219,cor,4,A,,Document Remaining Balance,Monetary,0..1,,Balance remaining on the document,文書上残高,文書上の残高。,documentRemainingBalance,CO21-36,$.Accounting Entries.Entry_ Header.Entry_ Detail.Document Remaining Balance,cor,Entry_ Detail
220,cor,4,A,,UCR,String,0..1,,"Unique Consignment Reference or UCR. An ""origin to destination"" reference code for international consignments, developed in cooperation with the World Customs Organization and EAN International (EAN). (http://www.wcoomd.org/ie/EN/press/UCR_new_e.pdf)",UCRコード,"Unique Consignment ReferenceまたはUCR。国際委託販売のための""origin to destination""参照コード。World Customs OrganizationとEAN International (EAN)が共同で開発している。_x000D_
(http://www.wcoomd.org/ie/EN/press/UCR_new_e.pdf)",ucr,CO21-37,$.Accounting Entries.Entry_ Header.Entry_ Detail.UCR,cor,Entry_ Detail
221,btx,1,C,,Business Transactions,,1..*,,"Economic event represented by one or more business documents and corresponding accounting entries, such as orders, shipments, invoices, and journal entries.",【ビジネス取引】,XBRL GLのルート要素。 注文、出荷、請求書およびそれに対応する仕訳など、1つまたは複数の業務文書と会計仕訳によって表現される経済事象。,businessTransactions,BT09,$.Business Transactions,btx,Business Transactions
222,cor,2,C,,Document Information,,1..1,,Parent for descriptive information about the Transaction Entries Class in which it is contained.,【文書情報】,この取引文書に関する情報の親タグ。,businessTransactionsDocumentInformation,BT09-01,$.Business Transactions.Document Information,cor,Document Information
223,cor,3,A,,Document Type,Token,1..1,,"account: information to fill in a chart of accounts file.  
balance: the results of accumulation of a complete and validated list of entries for an account (or a list of account) in a specific period - sometimes called general ledger  
entries: a list of individual accounting entries, which might be posted/validated or nonposted/validated   
journal: a self-balancing (Dr = Cr) list of entries for a specific period including beginning balance for that period.  
ledger: a complete list of entries for a specific account (or list of accounts) for a specific period; note - debits do not have to equal credits.   
assets: a listing of open receivables, payables, inventory, fixed assets or other information that can be extracted from but are not necessarily included as part of a journal entry.  
trialBalance: the self-balancing (Dr = Cr) result of accumulation of a complete and validated list of entries for the entity in a complete list of accounts in a specific period. 
taxtables: aids automated interpretation of instances that represent tax tables; Tax table are defined by using multiple [taxes] classs to gather the population of codes, authorities and rates; through [taxTableCode] cross-references in the [taxes] class, these ""master file"" tax tables can be referenced. 
mapping: a collection of mappings between interrelated data sets, such as a local and related corporate standard chart of accounts or detail data mapped to summarized end reporting concepts.   
versioning: a collection of changes between two versions of the same class of information, such as updates to a master file like a chart of accounts.   
master_file: a collection of master files, such as the customer or inventory master file.   
trade_documents: a collection of trade/transactional documents, such as vendor invoices or customer orders.   
profile_compliant: the meaning of this collection of information can be determined by understanding an established profile and especially an XBRL GL Profile. Profiles are determined through namespace declarations, schemaRef and conventions of those profiles.   
other: for all other types of representations.

Often sorted by date or by account, these terms have specific, and sometimes different, meanings in different areas. Common practice will drive accounting method/term matches.",文書種別,・科目:科目体系ファイルの情報。_x000D_ ・残高:特定の期間について、勘定科目(または勘定科目リスト)の、完了し検証された仕訳リストの累算結果。時に総勘定元帳と呼ばれる。_x000D_ ・仕訳:個々の勘定記入のリスト。転記/検証されていることもあり、されていないこともある。_x000D_ ・仕訳帳:特定の期間における、その期間の開始残高を含む貸借が一致(Dr=Cr)した仕訳のリスト 。_x000D_ ・元帳:特定の期間における特定の勘定科目(または勘定科目リスト)についての、仕訳の全リスト 。注意－貸借が一致する必要はない。_x000D_ ・資産:仕訳記入の一部として必ずしも含まれていないが、そこから抽出可能な売掛金、買掛金、在庫、固定資産、その他の情報のリスト。_x000D_ ・試算表:事業体に対する、特定期間の全勘定科目リストでの、完了し検証された仕訳リストの、貸借が一致（Dr=Cr)した累算結果。_x000D_ ・税率表:税率表をあらわすデータを自動的に解釈できるようにする。税率表は、コード、税務当局情報、レートをあらわす複数のtaxes構造データを使って定義される。taxTableCodeはtaxes構造データ内で相互に参照されるが、これらのマスタファイルが参照可能。_x000D_ ・マッピング情報:互いに関係があるデータセットの間の対応関係を集めたもの。例えば、企業グループ内の各会社で使用する勘定科目と全社勘定科目との対応付け、または明細データと最終的な報告書上の要約された科目への対応付け。 ・差分情報:同じクラス（種類）で異なるバージョンを持つ項目の変更・差分情報。例えば、勘定科目一覧のようなマスタファイルの特定科目の更新情報など。  ・マスターファイル:マスタファイルの一覧。例えば、顧客マスタ又は在庫/棚卸マスタなど。  ・取引伝票:取引に用いる情報の集合。例えば、納入業者からのインボイス 又は顧客からの受注情報など。  ・プロファイル情報:確立された文書説明情報及び特にXBRL GLプロファイルを理解し決定するこの情報の集合の意味を示す。説明情報は、名前空間宣言、スキーマ参照及びこれらの規約を通して決定する。  ・その他：その他のすべての表現形式  多くの場合、日付または科目によりソートされる。会計処理方法や用語は慣行により適合させる。_x000D_ [設定値のリスト]_x000D_ (account：科目)、(balance：残高)、(entries：仕訳)、(journal：仕訳帳)、(ledger：元帳)、(assets：資産)、(trialbalance：試算表)、(taxtables：税率表)、(other：その他)_x000D_、(Mapping：マッピング情報)、(versioning：差分情報)、(master_file：マスターファイル)、(trade_documents：取引伝票)、(profile_compliant：プロファイル情報)、(other：その他),businessTransactionsDocumentInformationDocumentType,CO10-01,$.Business Transactions.Document Information.Document Type,cor,Document Information
224,cor,3,A,PK,Audit Number,String,0..1,,Unique identifier for this file.,監査番号,このファイルの一意識別子。,businessTransactionsDocumentInformationAuditNumber,CO10-02,$.Business Transactions.Document Information.Audit Number,cor,Document Information
225,cor,3,A,,Revises Audit Number,String,0..1,,"If this batch of information revises a previous batch of information, this field identifies the previous batch that is being revised. 'uniqueID' of the previous batch goes here. Developers should consider exception reporting.",改訂前監査番号,この仕訳の束が以前の仕訳の束を改訂する場合に、以前の束を示す。元の文書のuniqueIDが指定される。開発者は、例外報告を考慮すべきである。,businessTransactionsDocumentInformationRevisesAuditNumber,CO10-03,$.Business Transactions.Document Information.Revises Audit Number,cor,Document Information
226,cor,3,A,,Action to Take with Previous Data,Token,0..1,,Provides guidance on action to take with previous set of data: supersedes - old data should be considered as obsolete/overwritten; supplements - belongs with that data as if it was included with it.,改訂前データ処置,"以前のデータの束に対する操作のガイダンス。 取替え-古いデータを無効にし上書きする。_x000D_
補完-元々含まれていたかのように、そのデータに所属させる。_x000D_
[設定値のリスト]_x000D_
(supplement：補完)、(supersede：取替え)",businessTransactionsDocumentInformationActionToTakeWithPreviousData,CO10-04,$.Business Transactions.Document Information.Action to Take with Previous Data,cor,Document Information
227,cor,3,A,,Language,QName,0..1,,"Primary language of the intellectual content. Where practical, the content of this field should coincide with ISO 639-1988 language codes.",言語,主要言語。 実用的には、このフィールドの内容はISO639-1988言語コードに一致すべきである。,businessTransactionsDocumentInformationLanguage,CO10-05,$.Business Transactions.Document Information.Language,cor,Document Information
228,cor,3,A,,Creation Date,Date Time,0..1,,Date/time file was created.,作成日付,ファイルが作成された日付/時間。,businessTransactionsDocumentInformationCreationDate,CO10-06,$.Business Transactions.Document Information.Creation Date,cor,Document Information
229,cor,3,A,,Creator,String,0..1,,Identifies the creator of the XBRL instance.,作成者,ファイルの作成者の識別子。,businessTransactionsDocumentInformationCreator,CO10-07,$.Business Transactions.Document Information.Creator,cor,Document Information
230,cor,3,A,,Document Comment,String,0..1,,Text for entire document.,文書コメント,文書全体に対する説明文。,businessTransactionsDocumentInformationDocumentComment,CO10-08,$.Business Transactions.Document Information.Document Comment,cor,Document Information
231,cor,3,A,,Period Covered Start,Date Time,0..1,,"Start of date range for contents. Used as basis for many assumptions about data, including the date as of which open balances are open.",対象期間開始日付,内容の日付範囲の開始日。 残高の開始日付などの、データに関する多くの仮定の基礎として使用される。,businessTransactionsDocumentInformationPeriodCoveredStart,CO10-09,$.Business Transactions.Document Information.Period Covered Start,cor,Document Information
232,cor,3,A,,Period Covered End,Date Time,0..1,,"End of date range for contents. Used as basis for many assumptions about data, including the date as of which open balances are open.",対象期間終了日付,内容の日付範囲の終了日。 残高の開始日付などの、データに関する多くの仮定の基礎として使用される。,businessTransactionsDocumentInformationPeriodCoveredEnd,CO10-10,$.Business Transactions.Document Information.Period Covered End,cor,Document Information
233,cor,3,A,,Period Count,Decimal,0..1,,"Number of periods or buckets, used by postingCode. Used to interpret posting date. It may be preferable to limit entries by period covered to be by individual reporting period.",期間数,postingCodeで使用される期間又はバケットの数。 転記日付を説明するために使用される。対象期間の仕訳を個々の報告期間に限定することが望ましいかもしれない。,businessTransactionsDocumentInformationPeriodCount,CO10-11,$.Business Transactions.Document Information.Period Count,cor,Document Information
234,cor,3,A,,Period Unit,Token,0..1,,"Type of periods covered by periodCount. Enumerated as: daily, weekly, bi-weekly, semi-monthly, monthly, quarterly, thirdly, semiannual, annual, ad-hoc, current-period-only, other.",期間単位,"periodCountで対象とする期間の種別。_x000D_
[設定値のリスト]_x000D_
(daily：日次)、(weekly：週次)、(bi-weekly：隔週)、(semi-monthly：半月ごと)、(monthly：月次)、(quarterly：四半期ごと)、(thirdly：年3回)、(semiannual：半年ごと)、(annual：年次)、(ad-hoc：随時)、(current-period-only：当期)、(other：その他)",businessTransactionsDocumentInformationPeriodUnit,CO10-12,$.Business Transactions.Document Information.Period Unit,cor,Document Information
235,cor,3,A,,Period Unit Description,String,0..1,,Free format description of the period unit,期間単位説明,対象期間単位の説明。,businessTransactionsDocumentInformationPeriodUnitDescription,CO10-13,$.Business Transactions.Document Information.Period Unit Description,cor,Document Information
236,cor,3,A,,Source Application,String,0..1,,"Product or service that produced this file. Used by many systems (e.g., VAT). Version number can be included or extended.",作成元アプリケーション,このファイルを作り出した製品又はサービス。 多くのシステム(例えば、VATなど)で、使用される。 バージョン番号を含むことも可能。,businessTransactionsDocumentInformationSourceApplication,CO10-14,$.Business Transactions.Document Information.Source Application,cor,Document Information
237,cor,3,A,,Target Application,String,0..1,,Particular use for which file was generated.,対象アプリケーション,ファイルが作成された用途。,businessTransactionsDocumentInformationTargetApplication,CO10-15,$.Business Transactions.Document Information.Target Application,cor,Document Information
238,cor,3,A,,Default Currency,QName,0..1,,"The default currency related to the amount can be entered here instead of the XBRL instance specified way, especially important in multi-currency situations. Recommend ISO 4217 coding",既定通貨,XBRLインスタンス内に指定する方法のかわりに、金額の既定の通貨を指定可能。多通貨環境で特に重要。ISO4217コード体系を推奨。,businessTransactionsDocumentInformationDefaultCurrency,CO10-16,$.Business Transactions.Document Information.Default Currency,cor,Document Information
239,lnk,3,C,,Summary Reporting Taxonomies,,0..*,,Identifies and provides information about one or more target reporting taxonomies to which the data represented in the document rolls up to.,【集約報告タクソノミ】,この文書で示されたデータのロールアップ先となる、1つ以上の報告タクソノミの情報を、識別し提供する。,businessTransactionsDocumentInformationSummaryReportingTaxonomies,CO10-17,$.Business Transactions.Document Information.Summary Reporting Taxonomies,lnk,Summary Reporting Taxonomies
240,lnk,4,A,,Summary Reporting Taxonomy ID,String,0..1,,"Identifies a target reporting taxonomy so that, for example, it can be referenced in the [summaryReportingTaxonomyIDRef] data field at [xbrlInfo] level.",集約報告タクソノミ識別子,たとえばxbrlInfo内のsummaryReportingTaxonomyIDRefで参照できるように、報告タクソノミを識別する。,businessTransactionsDocumentInformationSummaryReportingTaxonomiesSummaryReportingTaxonomyId,LN02-01,$.Business Transactions.Document Information.Summary Reporting Taxonomies.Summary Reporting Taxonomy ID,lnk,Summary Reporting Taxonomies
241,lnk,4,A,,Summary Reporting Taxonomy Schema Reference Href Attribute,String,0..1,,Value of the href attribute of schemaRef in the target reporting taxonomy.,集約報告タクソノミスキーマ参照情報,報告タクソノミ内の、schemaRef要素のhref属性の値。,businessTransactionsDocumentInformationSummaryReportingTaxonomiesSummaryReportingTaxonomySchemaReferenceHrefAttribute,LN02-02,$.Business Transactions.Document Information.Summary Reporting Taxonomies.Summary Reporting Taxonomy Schema Reference Href Attribute,lnk,Summary Reporting Taxonomies
242,lnk,4,A,,Summary Reporting Taxonomy Header,String,0..1,,An all-purpose data field where all the information necessary when it is too complex to be defined otherwise.,集約報告タクソノミヘッダ,必要なすべての情報が、複雑すぎて他の方法では定義できないときに、それらを記述する汎用的なデータ域。,businessTransactionsDocumentInformationSummaryReportingTaxonomiesSummaryReportingTaxonomyHeader,LN02-03,$.Business Transactions.Document Information.Summary Reporting Taxonomies.Summary Reporting Taxonomy Header,lnk,Summary Reporting Taxonomies
243,lnk,4,A,,Summary Reporting Taxonomy Description,String,0..1,,A description of the taxonomy for human use.,集約報告タクソノミ説明,人が利用するための、タクソノミの説明文。,businessTransactionsDocumentInformationSummaryReportingTaxonomiesSummaryReportingTaxonomyDescription,LN02-04,$.Business Transactions.Document Information.Summary Reporting Taxonomies.Summary Reporting Taxonomy Description,lnk,Summary Reporting Taxonomies
244,cor,2,C,,Entity_ Party,,0..1,,Holder for entity information - information about the reporting organization.,【事業体情報】,事業体情報（報告組織に関する情報）の入れ物。,businessTransactionsEntityParty,BT09-02,$.Business Transactions.Entity_ Party,cor,Entity_ Party
245,cor,3,A,,Party Name,String,0..1,,Name of the party,,,businessTransactionsEntityPartyName,CO14-01,$.Business Transactions.Entity_ Party.Party Name,cor,Entity_ Party
246,cor,3,A,,Party ID,String,0..1,,ID Number of the party,,,businessTransactionsEntityPartyId,CO14-02,$.Business Transactions.Entity_ Party.Party ID,cor,Entity_ Party
247,cor,3,A,,Party Business Description,String,0..1,,Description of the nature of the business of the party.,業種説明,事業体の事業の種類についての説明。,businessTransactionsEntityPartyBusinessDescription,CO14-03,$.Business Transactions.Entity_ Party.Party Business Description,cor,Entity_ Party
248,bus,3,C,,Party_ Phone,,0..*,,Primary phone number of the party.,【事業体電話番号】,事業体の主要電話番号情報。,businessTransactionsEntityPartyPhone,CO14-04,$.Business Transactions.Entity_ Party.Party_ Phone,bus,Party_ Phone
249,bus,4,A,PK,Phone Number,String,0..1,,Phone number referred to in Phone Number Description'\.,電話番号,電話番号用途で示される電話番号。,businessTransactionsEntityPartyPhoneNumber,BU01-01,$.Business Transactions.Entity_ Party.Party_ Phone.Phone Number,bus,Party_ Phone
250,bus,4,A,,Phone Number Description,String,0..1,,"Entity Phone Number Description such as Main, Investor relations. Enumerated as: bookkeeper, controller, direct, fax, investor-relations, main, switchboard, other.",電話番号用途,"代表、IR用などの、電話番号の用途。
[設定値のリスト]
(bookkeeper：記帳係)、(controller：会計責任者)、(direct：直通)、(fax：FAX)、(investor-relations：IR窓口)、(main：代表)、(switchboard：交換台)、(other：その他)",businessTransactionsEntityPartyPhoneNumberDescription,BU01-02,$.Business Transactions.Entity_ Party.Party_ Phone.Phone Number Description,bus,Party_ Phone
251,bus,3,C,,Party_ Fax,,0..*,,Class for holding company fax information.,【事業体FAX番号】,事業体のFAX番号情報のタプル。,businessTransactionsEntityPartyFax,CO14-05,$.Business Transactions.Entity_ Party.Party_ Fax,bus,Party_ Fax
252,bus,4,A,PK,Fax Number,String,0..1,,Fax Number,FAX番号,FAX番号。,businessTransactionsEntityPartyFaxNumber,BU06-01,$.Business Transactions.Entity_ Party.Party_ Fax.Fax Number,bus,Party_ Fax
253,bus,4,A,,Fax Number Usage,String,0..1,,"Fax number usage (e.g. orders, head office, IR)",FAX番号用途,FAX番号の用途。(注文、本社、IRなど),businessTransactionsEntityPartyFaxNumberUsage,BU06-02,$.Business Transactions.Entity_ Party.Party_ Fax.Fax Number Usage,bus,Party_ Fax
254,bus,3,C,,Party_ Email,,0..*,,Class for holding company email information.,【事業体Eメールアドレス】,事業体のEメールアドレス情報のタプル。,businessTransactionsEntityPartyEmail,CO14-06,$.Business Transactions.Entity_ Party.Party_ Email,bus,Party_ Email
255,bus,4,A,PK,Email Address,String,0..1,,Email Address,Eメールアドレス,Eメールアドレス。,businessTransactionsEntityPartyEmailAddress,BU11-01,$.Business Transactions.Entity_ Party.Party_ Email.Email Address,bus,Party_ Email
256,bus,4,A,,Email Address Usage,String,0..1,,"Email address usage (e.g. orders, head office, IR)",Eメールアドレス用途,Eメールアドレスの用途。(注文、本社、IRなど),businessTransactionsEntityPartyEmailAddressUsage,BU11-02,$.Business Transactions.Entity_ Party.Party_ Email.Email Address Usage,bus,Party_ Email
257,bus,3,C,,Registered_ Organization Identifier,,0..*,,Class which contains various identifiers for theparty.,【識別子】,組織に関する様々な識別子を含むセクション。,businessTransactionsEntityPartyRegisteredOrganizationIdentifier,CO14-07,$.Business Transactions.Entity_ Party.Registered_ Organization Identifier,bus,Organization Identifier
258,bus,4,A,PK,Organization Identifier Code,String,0..1,,"Code representing the company or organization whose data this file represents: used for situations where one user (e.g., a CPA) needs to keep track of multiple organizations' files (e.g., multiple clients). Can be EIN#, client #, internal/external identifier, SIC code. Codes which identifies the entity. Includes the code identifier of the authority issuing the code, a colon, and the code itself. For example, CIK:01234567 for the CIK number issued by SEC EDGAR.",事業体識別子,このファイルでデータを表現している会社や組織のコード。ひとりのユーザ(例えば、公認会計士)が複数の組織(例えば、複数の顧客)のファイルを把握する必要がある場合に使用される。 EIN番号、顧客番号、内部/外部識別子、SICコードであってよい。事業体の識別子をコード化する。コードを発行する権威ある組織のコード識別子、コロン、およびコードそのものを含む。 例えば、SEC　EDGARが発行したCIK番号　CIK: 01234567。,businessTransactionsEntityPartyRegisteredOrganizationIdentifierOrganizationIdentifierCode,BU30-01,$.Business Transactions.Entity_ Party.Registered_ Organization Identifier.Organization Identifier Code,bus,Organization Identifier
259,bus,4,A,,Organization Identifier Description,String,0..1,,Text describing the organization identified by the organization identifier. Includes any relevant information about the code itself (e.g. issuing authority).,事業体説明,事業体識別子によって特定された組織の説明文。 コードに関するなんらかの記述情報。,businessTransactionsEntityPartyRegisteredOrganizationIdentifierOrganizationIdentifierDescription,BU30-02,$.Business Transactions.Entity_ Party.Registered_ Organization Identifier.Organization Identifier Description,bus,Organization Identifier
260,bus,3,C,,Party_ Address,,0..*,,Address class for the party,【住所】,報告事業体の住所構造体。,businessTransactionsEntityPartyAddress,CO14-08,$.Business Transactions.Entity_ Party.Party_ Address,bus,Party_ Address
261,bus,4,A,,Name,String,0..1,,Address Name,住所名,住所の名前。,businessTransactionsEntityPartyAddressName,BU21-01,$.Business Transactions.Entity_ Party.Party_ Address.Name,bus,Party_ Address
262,bus,4,A,,Description,String,0..1,,Address Description,住所説明,住所の説明。,businessTransactionsEntityPartyAddressDescription,BU21-02,$.Business Transactions.Entity_ Party.Party_ Address.Description,bus,Party_ Address
263,bus,4,A,,Purpose,String,0..1,,Address Purpose,住所目的,住所の目的。,businessTransactionsEntityPartyAddressPurpose,BU21-03,$.Business Transactions.Entity_ Party.Party_ Address.Purpose,bus,Party_ Address
264,bus,4,A,,Location ID,String,0..1,,A code used to identify the location and to associate it with contacts and transactions,所在地識別子,所在地を識別したり、窓口や取引と関係付けるコード。,businessTransactionsEntityPartyAddressLocationId,BU21-04,$.Business Transactions.Entity_ Party.Party_ Address.Location ID,bus,Party_ Address
265,bus,4,A,,Building Number,String,0..1,,Building Number,住所建物番号,建物番号。,businessTransactionsEntityPartyAddressBuildingNumber,BU21-05,$.Business Transactions.Entity_ Party.Party_ Address.Building Number,bus,Party_ Address
266,bus,4,A,,Street,String,0..1,,Street address,住所通り,住所の通り。,businessTransactionsEntityPartyAddressStreet,BU21-06,$.Business Transactions.Entity_ Party.Party_ Address.Street,bus,Party_ Address
267,bus,4,A,,Address Detail,String,0..1,,Address Detail,住所詳細,住所詳細。,businessTransactionsEntityPartyAddressDetail,BU21-07,$.Business Transactions.Entity_ Party.Party_ Address.Address Detail,bus,Party_ Address
268,bus,4,A,,City,String,0..1,,City,住所都市,住所の都市。,businessTransactionsEntityPartyAddressCity,BU21-08,$.Business Transactions.Entity_ Party.Party_ Address.City,bus,Party_ Address
269,bus,4,A,,State or Province,String,0..1,,"State, province or region",住所州,住所の州や地方。,businessTransactionsEntityPartyAddressStateOrProvince,BU21-09,$.Business Transactions.Entity_ Party.Party_ Address.State or Province,bus,Party_ Address
270,bus,4,A,,Country,String,0..1,,Country,住所国,住所の国。,businessTransactionsEntityPartyAddressCountry,BU21-10,$.Business Transactions.Entity_ Party.Party_ Address.Country,bus,Party_ Address
271,bus,4,A,,Zip or Postal Code,String,0..1,,Zip or other postal code,住所郵便番号,住所の郵便番号。,businessTransactionsEntityPartyAddressZipOrPostalCode,BU21-11,$.Business Transactions.Entity_ Party.Party_ Address.Zip or Postal Code,bus,Party_ Address
272,bus,4,A,,Active Indicator,Boolean,0..1,,"Boolean to indicate whether the address is active (=""true"") or inactive (=""false"")",住所有効性,住所が有効か無効かを示すブール値。,businessTransactionsEntityPartyAddressActiveIndicator,BU21-12,$.Business Transactions.Entity_ Party.Party_ Address.Active Indicator,bus,Party_ Address
273,bus,3,C,,Party_ Web Site,,0..*,,Primary web site of the party.,【事業体Webサイト】,事業体の代表ウェブサイト。,businessTransactionsEntityPartyWebSite,CO14-09,$.Business Transactions.Entity_ Party.Party_ Web Site,bus,Party_ Web Site
274,bus,4,A,PK,Web Site URL,anyURI,0..1,,Valid URL of the web site. Should be full URL.,WebサイトURL,ウェブサイトの有効なURL。 完全なURLであるべき。,businessTransactionsEntityPartyWebSiteWebSiteUrl,BU16-01,$.Business Transactions.Entity_ Party.Party_ Web Site.Web Site URL,bus,Party_ Web Site
275,bus,4,A,,Web Site Description,String,0..1,,Description of the web site.,Webサイト説明,ウェブサイトの説明。,businessTransactionsEntityPartyWebSiteWebSiteDescription,BU16-02,$.Business Transactions.Entity_ Party.Party_ Web Site.Web Site Description,bus,Party_ Web Site
276,bus,3,C,,Party_ Contact,,0..*,,Information about contacts.,【担当者情報】,担当者に関する情報。,businessTransactionsEntityPartyContact,CO14-10,$.Business Transactions.Entity_ Party.Party_ Contact,bus,Party_ Contact
277,bus,4,A,,Contact Prefix,String,0..1,,"Prefix (e.g. Dr., Mr., Mrs.)",敬称,敬称(Dr.、Mr.、Mrs.など),businessTransactionsEntityPartyContactPrefix,BU22-01,$.Business Transactions.Entity_ Party.Party_ Contact.Contact Prefix,bus,Party_ Contact
278,bus,4,A,,Contact Last Name,String,0..1,,Last or family name,姓,姓,businessTransactionsEntityPartyContactLastName,BU22-02,$.Business Transactions.Entity_ Party.Party_ Contact.Contact Last Name,bus,Party_ Contact
279,bus,4,A,,Contact First Name,String,0..1,,First or given name,名,名、クリスチャンネーム,businessTransactionsEntityPartyContactFirstName,BU22-03,$.Business Transactions.Entity_ Party.Party_ Contact.Contact First Name,bus,Party_ Contact
280,bus,4,A,,Contact Suffix,String,0..1,,"Suffix (e.g. MD, CPA, Jr.)",付加名称,付加名称(MD、CPA、Jr.など),businessTransactionsEntityPartyContactSuffix,BU22-04,$.Business Transactions.Entity_ Party.Party_ Contact.Contact Suffix,bus,Party_ Contact
281,bus,4,A,,Contact Attention Line,String,0..1,,Attention Line,アテンションライン,アテンションライン,businessTransactionsEntityPartyContactAttentionLine,BU22-05,$.Business Transactions.Entity_ Party.Party_ Contact.Contact Attention Line,bus,Party_ Contact
282,bus,4,A,,Contact Position Role,String,0..1,,Position or role,地位/役職,地位や役職。,businessTransactionsEntityPartyContactPositionRole,BU22-06,$.Business Transactions.Entity_ Party.Party_ Contact.Contact Position Role,bus,Party_ Contact
283,bus,4,A,,Contact Contact Type,String,0..1,,"Role of contact. Examples include: Source Service, Sender, Recipient, Invoicer, Auditor, Accountant",担当者役割,担当者の役割。例：ソースサービス、送付元、受取人、請求先、監査人、会計事務所。,businessTransactionsEntityPartyContactContactType,BU22-07,$.Business Transactions.Entity_ Party.Party_ Contact.Contact Contact Type,bus,Party_ Contact
284,bus,4,A,,Contact Location ID cross reference,String,0..1,,This code is used to associate the contact with a specific location for the Entity. Its value should be the same as that of the organizationAddressLocationIdentifier,所在地相互参照情報,担当者と事業体の位置情報を関係付けるためのコード。organizationAddressLocationIdentifierと同じ値であるべき。,businessTransactionsEntityPartyContactLocationIdCrossReference,BU22-08,$.Business Transactions.Entity_ Party.Party_ Contact.Contact Location ID cross reference,bus,Party_ Contact
285,bus,4,A,,Contact Active,Boolean,0..1,,"Boolean to indicate whether the contact is active (=""true"") or inactive (=""false"")",担当者有効性,担当者が有効か無効かを示すブール値。,businessTransactionsEntityPartyContactActive,BU22-09,$.Business Transactions.Entity_ Party.Party_ Contact.Contact Active,bus,Party_ Contact
286,bus,4,C,,Contact_ Phone,,0..*,,Contact Phone Number,【担当者電話番号】,担当者の電話番号。,businessTransactionsEntityPartyContactPhone,BU22-10,$.Business Transactions.Entity_ Party.Party_ Contact.Contact_ Phone,bus,Contact_ Phone
287,bus,5,A,PK,Phone Number,String,0..1,,Phone number referred to in Phone Number Description'\.,電話番号,電話番号用途で示される電話番号。,businessTransactionsEntityPartyContactPhoneNumber,BU03-01,$.Business Transactions.Entity_ Party.Party_ Contact.Contact_ Phone.Phone Number,bus,Contact_ Phone
288,bus,5,A,,Phone Number Description,String,0..1,,"Entity Phone Number Description such as Main, Investor relations. Enumerated as: bookkeeper, controller, direct, fax, investor-relations, main, switchboard, other.",電話番号用途,"代表、IR用などの、電話番号の用途。
[設定値のリスト]
(bookkeeper：記帳係)、(controller：会計責任者)、(direct：直通)、(fax：FAX)、(investor-relations：IR窓口)、(main：代表)、(switchboard：交換台)、(other：その他)",businessTransactionsEntityPartyContactPhoneNumberDescription,BU03-02,$.Business Transactions.Entity_ Party.Party_ Contact.Contact_ Phone.Phone Number Description,bus,Contact_ Phone
289,bus,4,C,,Contact_ Fax,,0..*,,Contact Fax Number Class,【担当者FAX番号】,担当者のFAX番号の構造体。,businessTransactionsEntityPartyContactFax,BU22-11,$.Business Transactions.Entity_ Party.Party_ Contact.Contact_ Fax,bus,Contact_ Fax
290,bus,5,A,PK,Fax Number,String,0..1,,Fax Number,FAX番号,FAX番号。,businessTransactionsEntityPartyContactFaxNumber,BU08-01,$.Business Transactions.Entity_ Party.Party_ Contact.Contact_ Fax.Fax Number,bus,Contact_ Fax
291,bus,5,A,,Fax Number Usage,String,0..1,,"Fax number usage (e.g. orders, head office, IR)",FAX番号用途,FAX番号の用途。(注文、本社、IRなど),businessTransactionsEntityPartyContactFaxNumberUsage,BU08-02,$.Business Transactions.Entity_ Party.Party_ Contact.Contact_ Fax.Fax Number Usage,bus,Contact_ Fax
292,bus,4,C,,Contact_ Email,,0..*,,Contact E-mail address class,【担当者Eメールアドレス】,担当者のEメールアドレスの構造体。,businessTransactionsEntityPartyContactEmail,BU22-12,$.Business Transactions.Entity_ Party.Party_ Contact.Contact_ Email,bus,Contact_ Email
293,bus,5,A,PK,Email Address,String,0..1,,Email Address,Eメールアドレス,Eメールアドレス。,businessTransactionsEntityPartyContactEmailAddress,BU13-01,$.Business Transactions.Entity_ Party.Party_ Contact.Contact_ Email.Email Address,bus,Contact_ Email
294,bus,5,A,,Email Address Usage,String,0..1,,"Email address usage (e.g. orders, head office, IR)",Eメールアドレス用途,Eメールアドレスの用途。(注文、本社、IRなど),businessTransactionsEntityPartyContactEmailAddressUsage,BU13-02,$.Business Transactions.Entity_ Party.Party_ Contact.Contact_ Email.Email Address Usage,bus,Contact_ Email
295,cor,3,A,,Default Accounting Method Purpose,Token,0..1,,"If not stated explicitly at the line level, the default reporting purpose - from book, tax, management, statutory, other",既定会計処理方法目的,"明細レベルで明確に指定しない場合の、既定の報告目的を表す。帳簿、税、管理、スタチュトリ、その他から選択する。_x000D_
[設定値のリスト]_x000D_
(book：帳簿)、(tax：税)、(management：管理)、(statutory：スタチュトリ)、(other：その他)",businessTransactionsEntityPartyDefaultAccountingMethodPurpose,CO14-11,$.Business Transactions.Entity_ Party.Default Accounting Method Purpose,cor,Entity_ Party
296,cor,3,A,,Default Accounting Method Purpose Description,String,0..1,,Free format description of the default accounting method purpose,既定会計処理方法目的説明,既定の会計処理方法目的の説明。,businessTransactionsEntityPartyDefaultAccountingMethodPurposeDescription,CO14-12,$.Business Transactions.Entity_ Party.Default Accounting Method Purpose Description,cor,Entity_ Party
297,cor,3,A,,Fiscal Year Start,Date,0..1,,"Start of fiscal year. Where appropriate, corporate year period representation permits non-365 or 366 day years (more appropriate for internal sharing than data from external sources), In Europe, some jurisdictions allow 2 year minus 1 day fiscal years.",会計年度開始日付,会計年度の開始日。妥当であれば、企業の会計年度表示において、366日や365日でない年も許可する（外部ソースからのデータより内部共有のための方が適している）。ヨーロッパでは、2年マイナス1日の会計年度を許可するところもある。,businessTransactionsEntityPartyFiscalYearStart,CO14-13,$.Business Transactions.Entity_ Party.Fiscal Year Start,cor,Entity_ Party
298,cor,3,A,,Fiscal Year End,Date,0..1,,"End of fiscal year. Where appropriate, corporate year period representation permits non-365 or 366 day years (more appropriate for internal sharing than data from external sources), In Europe, some jurisdictions allow 2 year minus 1 day fiscal years.",会計年度終了日付,会計年度の終了日。妥当であれば、企業の会計年度表示において、366日や365日でない年も許可する（外部ソースからのデータより内部共有のための方が適している）。ヨーロッパでは、2年マイナス1日の会計年度を許可するところもある。,businessTransactionsEntityPartyFiscalYearEnd,CO14-14,$.Business Transactions.Entity_ Party.Fiscal Year End,cor,Entity_ Party
299,bus,3,C,,Specified_ Accounting Method Structure,,0..*,,Class for identifying the methods of accounting used by the entity for different reporting purposes,【会計処理方法】,異なる報告目的に応じて事業体が使用する会計処理方法を識別するためのセクション。,businessTransactionsEntityPartySpecifiedAccountingMethodStructure,CO14-15,$.Business Transactions.Entity_ Party.Specified_ Accounting Method Structure,bus,Accounting Method Structure
300,bus,4,A,,Accounting Method,Token,0..1,,"For this entity, the method of accounting represented - from: accrual, cash, modified cash, modified accrual, encumbrance, special methods, hybrid methods, other",会計処理方法,"事業体の会計処理方法を表す。発生基準、現金基準、修正現金基準、修正発生基準、債務基準、特別な方法、混合方法、その他_x000D_
[設定値のリスト]_x000D_
(accrual：発生基準)、(cash：現金基準)、(modified cash：修正現金基準)、(modified accrual：修正発生基準)、(encumbrance：債務基準)、(special methods：特別な方法)、(hybrid methods：混合方法)、(other：その他)",businessTransactionsEntityPartySpecifiedAccountingMethodStructureAccountingMethod,BU25-01,$.Business Transactions.Entity_ Party.Specified_ Accounting Method Structure.Accounting Method,bus,Accounting Method Structure
301,bus,4,A,,Accounting Method Description,String,0..1,,Free format description of the accounting method,会計処理方法説明,会計処理方法の説明。,businessTransactionsEntityPartySpecifiedAccountingMethodStructureAccountingMethodDescription,BU25-02,$.Business Transactions.Entity_ Party.Specified_ Accounting Method Structure.Accounting Method Description,bus,Accounting Method Structure
302,bus,4,A,,Accounting Method Purpose,Token,0..1,,"For this entity, the reporting purpose represented - from book, tax, management, statutory, other",会計処理方法目的,"事業体の報告の目的を表す。帳簿、税、管理、スタチュトリ、その他から選択する。_x000D_
[設定値のリスト]_x000D_
(book：帳簿)、(tax：税)、(management：管理)、(statutory：スタチュトリ)、(other：その他)",businessTransactionsEntityPartySpecifiedAccountingMethodStructureAccountingMethodPurpose,BU25-03,$.Business Transactions.Entity_ Party.Specified_ Accounting Method Structure.Accounting Method Purpose,bus,Accounting Method Structure
303,bus,4,A,,Accounting Method Purpose Description,String,0..1,,Free format description of the accounting method purpose,会計処理方法目的説明,会計処理方法の目的の説明。,businessTransactionsEntityPartySpecifiedAccountingMethodStructureAccountingMethodPurposeDescription,BU25-04,$.Business Transactions.Entity_ Party.Specified_ Accounting Method Structure.Accounting Method Purpose Description,bus,Accounting Method Structure
304,bus,4,A,,Accounting Method Start Date,Date Time,0..1,,Accounting Method Start Date,会計処理方法開始日付,会計処理方法の開始日。,businessTransactionsEntityPartySpecifiedAccountingMethodStructureAccountingMethodStartDate,BU25-05,$.Business Transactions.Entity_ Party.Specified_ Accounting Method Structure.Accounting Method Start Date,bus,Accounting Method Structure
305,bus,4,A,,Accounting Method End Date,Date Time,0..1,,Accounting Method End Date,会計処理方法終了日付,会計処理方法の終了日。,businessTransactionsEntityPartySpecifiedAccountingMethodStructureAccountingMethodEndDate,BU25-06,$.Business Transactions.Entity_ Party.Specified_ Accounting Method Structure.Accounting Method End Date,bus,Accounting Method Structure
306,bus,3,C,,Assigned_ Accountant,,0..*,,Information about the relevant external accountant,【会計事務所情報】,関連する外部会計事務所に関する情報。,businessTransactionsEntityPartyAssignedAccountant,CO14-16,$.Business Transactions.Entity_ Party.Assigned_ Accountant,bus,Accountant
307,bus,4,A,,Accountant Name,String,0..1,,Name of the accountant,会計事務所名,会計事務所の名前。,businessTransactionsEntityPartyAssignedAccountantName,BU26-01,$.Business Transactions.Entity_ Party.Assigned_ Accountant.Accountant Name,bus,Accountant
308,bus,4,A,,Accountant Type of Engagement,Token,0..1,,"Type of engagement being performed by external accountant. Enumerated as: audit, review, compilation, tax, other.",契約種別,"外部会計事務所によって実行される契約の種別。_x000D_
[設定値のリスト]_x000D_
(audit：監査)、(review：検査)、(compilation：帳簿作成)、(tax：税)、(other：その他)",businessTransactionsEntityPartyAssignedAccountantTypeOfEngagement,BU26-02,$.Business Transactions.Entity_ Party.Assigned_ Accountant.Accountant Type of Engagement,bus,Accountant
309,bus,4,A,,Accountant Type of Engagement Description,String,0..1,,Free format description of the type of engagement,契約種別説明,契約種別の説明。,businessTransactionsEntityPartyAssignedAccountantTypeOfEngagementDescription,BU26-03,$.Business Transactions.Entity_ Party.Assigned_ Accountant.Accountant Type of Engagement Description,bus,Accountant
310,bus,4,C,,Accountant_ Address,,0..*,,Class which contains accountant address information.,【会計事務所住所】,会計事務所の住所情報を含むセクション。,businessTransactionsEntityPartyAssignedAccountantAddress,BU26-04,$.Business Transactions.Entity_ Party.Assigned_ Accountant.Accountant_ Address,bus,Accountant_ Address
311,bus,5,A,,Name,String,0..1,,Address Name,住所名,住所の名前。,businessTransactionsEntityPartyAssignedAccountantAddressName,BU19-01,$.Business Transactions.Entity_ Party.Assigned_ Accountant.Accountant_ Address.Name,bus,Accountant_ Address
312,bus,5,A,,Description,String,0..1,,Address Description,住所説明,住所の説明。,businessTransactionsEntityPartyAssignedAccountantAddressDescription,BU19-02,$.Business Transactions.Entity_ Party.Assigned_ Accountant.Accountant_ Address.Description,bus,Accountant_ Address
313,bus,5,A,,Purpose,String,0..1,,Address Purpose,住所目的,住所の目的。,businessTransactionsEntityPartyAssignedAccountantAddressPurpose,BU19-03,$.Business Transactions.Entity_ Party.Assigned_ Accountant.Accountant_ Address.Purpose,bus,Accountant_ Address
314,bus,5,A,,Location ID,String,0..1,,A code used to identify the location and to associate it with contacts and transactions,所在地識別子,所在地を識別したり、窓口や取引と関係付けるコード。,businessTransactionsEntityPartyAssignedAccountantAddressLocationId,BU19-04,$.Business Transactions.Entity_ Party.Assigned_ Accountant.Accountant_ Address.Location ID,bus,Accountant_ Address
315,bus,5,A,,Building Number,String,0..1,,Building Number,住所建物番号,建物番号。,businessTransactionsEntityPartyAssignedAccountantAddressBuildingNumber,BU19-05,$.Business Transactions.Entity_ Party.Assigned_ Accountant.Accountant_ Address.Building Number,bus,Accountant_ Address
316,bus,5,A,,Street,String,0..1,,Street address,住所通り,住所の通り。,businessTransactionsEntityPartyAssignedAccountantAddressStreet,BU19-06,$.Business Transactions.Entity_ Party.Assigned_ Accountant.Accountant_ Address.Street,bus,Accountant_ Address
317,bus,5,A,,Address Detail,String,0..1,,Address Detail,住所詳細,住所詳細。,businessTransactionsEntityPartyAssignedAccountantAddressDetail,BU19-07,$.Business Transactions.Entity_ Party.Assigned_ Accountant.Accountant_ Address.Address Detail,bus,Accountant_ Address
318,bus,5,A,,City,String,0..1,,City,住所都市,住所の都市。,businessTransactionsEntityPartyAssignedAccountantAddressCity,BU19-08,$.Business Transactions.Entity_ Party.Assigned_ Accountant.Accountant_ Address.City,bus,Accountant_ Address
319,bus,5,A,,State or Province,String,0..1,,"State, province or region",住所州,住所の州や地方。,businessTransactionsEntityPartyAssignedAccountantAddressStateOrProvince,BU19-09,$.Business Transactions.Entity_ Party.Assigned_ Accountant.Accountant_ Address.State or Province,bus,Accountant_ Address
320,bus,5,A,,Country,String,0..1,,Country,住所国,住所の国。,businessTransactionsEntityPartyAssignedAccountantAddressCountry,BU19-10,$.Business Transactions.Entity_ Party.Assigned_ Accountant.Accountant_ Address.Country,bus,Accountant_ Address
321,bus,5,A,,Zip or Postal Code,String,0..1,,Zip or other postal code,住所郵便番号,住所の郵便番号。,businessTransactionsEntityPartyAssignedAccountantAddressZipOrPostalCode,BU19-11,$.Business Transactions.Entity_ Party.Assigned_ Accountant.Accountant_ Address.Zip or Postal Code,bus,Accountant_ Address
322,bus,5,A,,Active Indicator,Boolean,0..1,,"Boolean to indicate whether the address is active (=""true"") or inactive (=""false"")",住所有効性,住所が有効か無効かを示すブール値。,businessTransactionsEntityPartyAssignedAccountantAddressActiveIndicator,BU19-12,$.Business Transactions.Entity_ Party.Assigned_ Accountant.Accountant_ Address.Active Indicator,bus,Accountant_ Address
323,bus,4,C,,Accountant_ Contact,,0..*,,Accountant Contact Information Class,【会計事務所担当者情報】,会計事務所の担当者情報の構造体。,businessTransactionsEntityPartyAssignedAccountantContact,BU26-05,$.Business Transactions.Entity_ Party.Assigned_ Accountant.Accountant_ Contact,bus,Accountant_ Contact
324,bus,5,A,,Contact Prefix,String,0..1,,"Prefix (e.g. Dr., Mr., Mrs.)",敬称,敬称(Dr.、Mr.、Mrs.など),businessTransactionsEntityPartyAssignedAccountantContactPrefix,BU24-01,$.Business Transactions.Entity_ Party.Assigned_ Accountant.Accountant_ Contact.Contact Prefix,bus,Accountant_ Contact
325,bus,5,A,,Contact Last Name,String,0..1,,Last or family name,姓,姓,businessTransactionsEntityPartyAssignedAccountantContactLastName,BU24-02,$.Business Transactions.Entity_ Party.Assigned_ Accountant.Accountant_ Contact.Contact Last Name,bus,Accountant_ Contact
326,bus,5,A,,Contact First Name,String,0..1,,First or given name,名,名、クリスチャンネーム,businessTransactionsEntityPartyAssignedAccountantContactFirstName,BU24-03,$.Business Transactions.Entity_ Party.Assigned_ Accountant.Accountant_ Contact.Contact First Name,bus,Accountant_ Contact
327,bus,5,A,,Contact Suffix,String,0..1,,"Suffix (e.g. MD, CPA, Jr.)",付加名称,付加名称(MD、CPA、Jr.など),businessTransactionsEntityPartyAssignedAccountantContactSuffix,BU24-04,$.Business Transactions.Entity_ Party.Assigned_ Accountant.Accountant_ Contact.Contact Suffix,bus,Accountant_ Contact
328,bus,5,A,,Contact Attention Line,String,0..1,,Attention Line,アテンションライン,アテンションライン,businessTransactionsEntityPartyAssignedAccountantContactAttentionLine,BU24-05,$.Business Transactions.Entity_ Party.Assigned_ Accountant.Accountant_ Contact.Contact Attention Line,bus,Accountant_ Contact
329,bus,5,A,,Contact Position Role,String,0..1,,Position or role,地位/役職,地位や役職。,businessTransactionsEntityPartyAssignedAccountantContactPositionRole,BU24-06,$.Business Transactions.Entity_ Party.Assigned_ Accountant.Accountant_ Contact.Contact Position Role,bus,Accountant_ Contact
330,bus,5,A,,Contact Contact Type,String,0..1,,"Role of contact. Examples include: Source Service, Sender, Recipient, Invoicer, Auditor, Accountant",担当者役割,担当者の役割。例：ソースサービス、送付元、受取人、請求先、監査人、会計事務所。,businessTransactionsEntityPartyAssignedAccountantContactContactType,BU24-07,$.Business Transactions.Entity_ Party.Assigned_ Accountant.Accountant_ Contact.Contact Contact Type,bus,Accountant_ Contact
331,bus,5,A,,Contact Location ID cross reference,String,0..1,,This code is used to associate the contact with a specific location for the Entity. Its value should be the same as that of the organizationAddressLocationIdentifier,所在地相互参照情報,担当者と事業体の位置情報を関係付けるためのコード。organizationAddressLocationIdentifierと同じ値であるべき。,businessTransactionsEntityPartyAssignedAccountantContactLocationIdCrossReference,BU24-08,$.Business Transactions.Entity_ Party.Assigned_ Accountant.Accountant_ Contact.Contact Location ID cross reference,bus,Accountant_ Contact
332,bus,5,A,,Contact Active,Boolean,0..1,,"Boolean to indicate whether the contact is active (=""true"") or inactive (=""false"")",担当者有効性,担当者が有効か無効かを示すブール値。,businessTransactionsEntityPartyAssignedAccountantContactActive,BU24-09,$.Business Transactions.Entity_ Party.Assigned_ Accountant.Accountant_ Contact.Contact Active,bus,Accountant_ Contact
333,bus,5,C,,Contact_ Phone,,0..*,,Contact Phone Number,【担当者電話番号】,担当者の電話番号。,businessTransactionsEntityPartyAssignedAccountantContactPhone,BU24-10,$.Business Transactions.Entity_ Party.Assigned_ Accountant.Accountant_ Contact.Contact_ Phone,bus,Contact_ Phone
334,bus,6,A,PK,Phone Number,String,0..1,,Phone number referred to in Phone Number Description'\.,電話番号,電話番号用途で示される電話番号。,businessTransactionsEntityPartyAssignedAccountantContactPhoneNumber,BU03-01,$.Business Transactions.Entity_ Party.Assigned_ Accountant.Accountant_ Contact.Contact_ Phone.Phone Number,bus,Contact_ Phone
335,bus,6,A,,Phone Number Description,String,0..1,,"Entity Phone Number Description such as Main, Investor relations. Enumerated as: bookkeeper, controller, direct, fax, investor-relations, main, switchboard, other.",電話番号用途,"代表、IR用などの、電話番号の用途。
[設定値のリスト]
(bookkeeper：記帳係)、(controller：会計責任者)、(direct：直通)、(fax：FAX)、(investor-relations：IR窓口)、(main：代表)、(switchboard：交換台)、(other：その他)",businessTransactionsEntityPartyAssignedAccountantContactPhoneNumberDescription,BU03-02,$.Business Transactions.Entity_ Party.Assigned_ Accountant.Accountant_ Contact.Contact_ Phone.Phone Number Description,bus,Contact_ Phone
336,bus,5,C,,Contact_ Fax,,0..*,,Contact Fax Number Class,【担当者FAX番号】,担当者のFAX番号の構造体。,businessTransactionsEntityPartyAssignedAccountantContactFax,BU24-11,$.Business Transactions.Entity_ Party.Assigned_ Accountant.Accountant_ Contact.Contact_ Fax,bus,Contact_ Fax
337,bus,6,A,PK,Fax Number,String,0..1,,Fax Number,FAX番号,FAX番号。,businessTransactionsEntityPartyAssignedAccountantContactFaxNumber,BU08-01,$.Business Transactions.Entity_ Party.Assigned_ Accountant.Accountant_ Contact.Contact_ Fax.Fax Number,bus,Contact_ Fax
338,bus,6,A,,Fax Number Usage,String,0..1,,"Fax number usage (e.g. orders, head office, IR)",FAX番号用途,FAX番号の用途。(注文、本社、IRなど),businessTransactionsEntityPartyAssignedAccountantContactFaxNumberUsage,BU08-02,$.Business Transactions.Entity_ Party.Assigned_ Accountant.Accountant_ Contact.Contact_ Fax.Fax Number Usage,bus,Contact_ Fax
339,bus,5,C,,Contact_ Email,,0..*,,Contact E-mail address class,【担当者Eメールアドレス】,担当者のEメールアドレスの構造体。,businessTransactionsEntityPartyAssignedAccountantContactEmail,BU24-12,$.Business Transactions.Entity_ Party.Assigned_ Accountant.Accountant_ Contact.Contact_ Email,bus,Contact_ Email
340,bus,6,A,PK,Email Address,String,0..1,,Email Address,Eメールアドレス,Eメールアドレス。,businessTransactionsEntityPartyAssignedAccountantContactEmailAddress,BU13-01,$.Business Transactions.Entity_ Party.Assigned_ Accountant.Accountant_ Contact.Contact_ Email.Email Address,bus,Contact_ Email
341,bus,6,A,,Email Address Usage,String,0..1,,"Email address usage (e.g. orders, head office, IR)",Eメールアドレス用途,Eメールアドレスの用途。(注文、本社、IRなど),businessTransactionsEntityPartyAssignedAccountantContactEmailAddressUsage,BU13-02,$.Business Transactions.Entity_ Party.Assigned_ Accountant.Accountant_ Contact.Contact_ Email.Email Address Usage,bus,Contact_ Email
342,bus,3,C,,Specified_ Reporting Calendar,,0..*,,A tool to collect the periods used to summarise results from transactions.,【報告カレンダー】,取引の結果をまとめるための期間を集めるもの。,businessTransactionsEntityPartySpecifiedReportingCalendar,CO14-17,$.Business Transactions.Entity_ Party.Specified_ Reporting Calendar,bus,Reporting Calendar
343,bus,4,A,PK,Reporting Calendar Code,String,0..1,,"The code used to identify this specific reporting calendar, unique across periods",報告カレンダーコード,この報告カレンダーを識別するコード。複数期間にわたって一意。,businessTransactionsEntityPartySpecifiedReportingCalendarReportingCalendarCode,BU29-01,$.Business Transactions.Entity_ Party.Specified_ Reporting Calendar.Reporting Calendar Code,bus,Reporting Calendar
344,bus,4,A,,Reporting Calendar Description,String,0..1,,A description of the reporting calendar (associated with the reportingCalendarCode given),報告カレンダー説明,報告カレンダーの説明（reportingCalendarCodeと関係付けられる）。,businessTransactionsEntityPartySpecifiedReportingCalendarReportingCalendarDescription,BU29-02,$.Business Transactions.Entity_ Party.Specified_ Reporting Calendar.Reporting Calendar Description,bus,Reporting Calendar
345,bus,4,A,,Reporting Calendar Title,String,0..1,,A description of the reporting period. The actual beginning and ending dates are found within the 'reportingCalendarPeriod' class,報告カレンダータイトル,報告期間の説明。実際の開始日及び終了日はreportingCalendarPeriodに記述する。,businessTransactionsEntityPartySpecifiedReportingCalendarReportingCalendarTitle,BU29-03,$.Business Transactions.Entity_ Party.Specified_ Reporting Calendar.Reporting Calendar Title,bus,Reporting Calendar
346,bus,4,A,,Reporting Calendar Period Type,Token,0..1,,"A code for the type of period involved. Enumerated as: monthly, quarterly, semi-annually, 4-5-4, ad-hoc, other.",期間種別コード,"報告期間の種別コード。月次、四半期ごと、半期ごと、4-5-4、随時、その他_x000D_
[設定値のリスト]_x000D_
(monthly：月次)、(quarterly：四半期ごと)、(semi-annually：半期ごと)、(4-5-4：4-5-4)、(ad-hoc：随時)、(other：その他)",businessTransactionsEntityPartySpecifiedReportingCalendarReportingCalendarPeriodType,BU29-04,$.Business Transactions.Entity_ Party.Specified_ Reporting Calendar.Reporting Calendar Period Type,bus,Reporting Calendar
347,bus,4,A,,Reporting Calendar Period Type Description,String,0..1,,A description of the type of period involved.,期間種別説明,報告期間の種別の説明。,businessTransactionsEntityPartySpecifiedReportingCalendarReportingCalendarPeriodTypeDescription,BU29-05,$.Business Transactions.Entity_ Party.Specified_ Reporting Calendar.Reporting Calendar Period Type Description,bus,Reporting Calendar
348,bus,4,A,,Reporting Calendar Closed Status,Token,0..1,,"An identifier on whether the reporting calendar is still open for activity. enumerated, ""open"", ""closed"", ""pending""",締状態,"報告カレンダーがオープンかどうかを示す識別子。オープン、締切り済み、保留中_x000D_
[設定値のリスト]_x000D_
(open：オープン)、(closed：締切り済み)、(pending：保留中)",businessTransactionsEntityPartySpecifiedReportingCalendarReportingCalendarClosedStatus,BU29-06,$.Business Transactions.Entity_ Party.Specified_ Reporting Calendar.Reporting Calendar Closed Status,bus,Reporting Calendar
349,bus,4,A,,Reporting Calendar Purpose,Token,0..1,,A description of the accounting set of books involved. Uses enumeration from accounting method purpose.,報告目的,"帳簿の集合の説明。会計処理方法の目的の列挙値を使用する。_x000D_
[設定値のリスト]_x000D_
(book：帳簿)、(tax：税)、(management：管理)、(statutory：スタチュトリ)、(other：その他)",businessTransactionsEntityPartySpecifiedReportingCalendarReportingCalendarPurpose,BU29-07,$.Business Transactions.Entity_ Party.Specified_ Reporting Calendar.Reporting Calendar Purpose,bus,Reporting Calendar
350,bus,4,A,,Reporting Calendar Purpose Description,String,0..1,,Free format description of the reporting purpose,報告目的説明,報告目的の説明。,businessTransactionsEntityPartySpecifiedReportingCalendarReportingCalendarPurposeDescription,BU29-08,$.Business Transactions.Entity_ Party.Specified_ Reporting Calendar.Reporting Calendar Purpose Description,bus,Reporting Calendar
351,bus,4,C,,Reporting Calendar_ Period,,0..*,,A tool to collect a specific set of periods used to summarize results from transactions.,【報告カレンダー期間】,取引の結果をまとめるための特定の期間を集めるもの。,businessTransactionsEntityPartySpecifiedReportingCalendarReportingCalendarPeriod,BU29-09,$.Business Transactions.Entity_ Party.Specified_ Reporting Calendar.Reporting Calendar_ Period,bus,Reporting Calendar_ Period
352,bus,5,A,PK,Period ID,String,0..1,,An identifier for this period in this calendar,報告期間識別子,このカレンダーにおけるこの期間の識別子。,businessTransactionsEntityPartySpecifiedReportingCalendarReportingCalendarPeriodId,BU28-01,$.Business Transactions.Entity_ Party.Specified_ Reporting Calendar.Reporting Calendar_ Period.Period ID,bus,Reporting Calendar_ Period
353,bus,5,A,,Period Description,String,0..1,,A description of this specific reporting period in this calendar.,期間説明,このカレンダーにおけるこの特定の期間の説明。,businessTransactionsEntityPartySpecifiedReportingCalendarReportingCalendarPeriodDescription,BU28-02,$.Business Transactions.Entity_ Party.Specified_ Reporting Calendar.Reporting Calendar_ Period.Period Description,bus,Reporting Calendar_ Period
354,bus,5,A,,Period Start Date,Date Time,0..1,,The beginning date/time of a period,期間開始日付,期間の開始日付/時刻,businessTransactionsEntityPartySpecifiedReportingCalendarReportingCalendarPeriodStartDate,BU28-03,$.Business Transactions.Entity_ Party.Specified_ Reporting Calendar.Reporting Calendar_ Period.Period Start Date,bus,Reporting Calendar_ Period
355,bus,5,A,,Period End Date,Date Time,0..1,,The ending date/time of a period,期間終了日付,期間の終了日付/時刻,businessTransactionsEntityPartySpecifiedReportingCalendarReportingCalendarPeriodEndDate,BU28-04,$.Business Transactions.Entity_ Party.Specified_ Reporting Calendar.Reporting Calendar_ Period.Period End Date,bus,Reporting Calendar_ Period
356,bus,5,A,,Reporting Calendar_ Period Closed Date,Date Time,0..1,,"The date/time a period has been closed for activity. If this is present with a nill value (xsi:nill=""true"") then the period is not closed.",期間締日付,"この期間の活動が締め切られた日付/時刻。この値がニル値(xsi:nill=""true"")であれば、この期間は、締め切られていない。",businessTransactionsEntityPartySpecifiedReportingCalendarReportingCalendarPeriodReportingCalendarPeriodClosedDate,BU28-05,$.Business Transactions.Entity_ Party.Specified_ Reporting Calendar.Reporting Calendar_ Period.Reporting Calendar_ Period Closed Date,bus,Reporting Calendar_ Period
357,btx,2,C,,Transaction_ Header,,0..*,,Parent class grouping transaction document header records.,【取引ヘッダ】,取引文書のヘッダ・レコードをまとめて保持する親クラス。,transactionHeader,BT09-03,$.Business Transactions.Transaction_ Header,btx,Transaction_ Header
358,btx,3,A,,Date Posted,Date Time,0..1,,Date this entry was posted (validated) to the general ledger. May not represent the date of accounting significance which is represented by 'postingDate'.,転記済日付,この仕訳が総勘定元帳に転記された(検証された)日付。 postingDateで示されるような会計上意味のある日付を表さないかもしれない。,datePosted,BT11-01,$.Business Transactions.Transaction_ Header.Date Posted,btx,Transaction_ Header
359,btx,3,A,,Creator,String,0..1,,Initials/name of operator originally entering.,仕訳作成者,最初に入力したオペレータのイニシャル/名前。,creator,BT11-02,$.Business Transactions.Transaction_ Header.Creator,btx,Transaction_ Header
360,btx,3,A,,Last Modifier,String,0..1,,Identification for the last person modifying this entry before posting.,仕訳最終更新者,転記前に最後にこの仕訳を修正した者の識別子。,lastModifier,BT11-03,$.Business Transactions.Transaction_ Header.Last Modifier,btx,Transaction_ Header
361,btx,3,A,,Responsible Person,String,0..1,,Identifier of person who created or originated or is otherwise responsible for the entry.,責任者,仕訳を作成したか、仕訳に責任を持つ者の識別子。,responsiblePerson,BT11-04,$.Business Transactions.Transaction_ Header.Responsible Person,btx,Transaction_ Header
362,btx,3,A,,Posting Code,String,0..1,,"Code for posting to period, e.g., period 1-13, based on codes in an accounting period file. We do not recommend that software vendors export here, but suggest providing period end numbers for the buckets. Possibilities W1 through W53, M1 through M13, Q1-Q4. Developers and others creating output files are encouraged to supply an actual end date.",転記コード,転記の期間を表すコード。例えば、会計期間ファイルのコードにもとづく期間１～１３。ソフトウエアベンダーが、この値をエクスポートすることは推奨しない。期間の最終番号を提供することを勧める。可能な値としては、W1からW53、M1からM13、Q1からQ4など。開発者や出力ファイルの作成者には、実際の終了日付を提供することを勧める。,postingCode,BT11-05,$.Business Transactions.Transaction_ Header.Posting Code,btx,Transaction_ Header
363,btx,3,A,,Number of Entries,Integer,0..1,,The total number of entries.,仕訳総数,仕訳の総数。,numberOfEntries,BT11-06,$.Business Transactions.Transaction_ Header.Number of Entries,btx,Transaction_ Header
364,btx,3,A,,Comment,String,0..1,,Comment of the entry,仕訳摘要,仕訳の摘要,comment,BT11-07,$.Business Transactions.Transaction_ Header.Comment,btx,Transaction_ Header
365,btx,3,A,,Header_ Entry Date,Date Time,0..1,,"Represents the actual date/time of entry into computer (automated from system date, often misrepresented by changing system clock). Posting dates are maintained separately.",入力日付,コンピュータへ入力した実際の日付/時刻(システム日付から自動的に与えられ、システム時計の変更により、しばしば誤った値になる)を示す。 転記日付とは別に管理される。,headerEntryDate,BT11-08,$.Business Transactions.Transaction_ Header.Header_ Entry Date,btx,Transaction_ Header
366,btx,3,A,,Header_ Type Identifier,Token,0..1,,"One of the following enumerated list: adjusting, budget, comparative, external-accountant, standard, passed-adjusting, eliminating, proposed, recurring, reclassifying, simulated, tax, other",種別識別子,"以下の値のうちのひとつ。_x000D_
整理、予算、比較、外部会計事務所、通常、無視、消去、提案、反復、組替、シミュレーション、税、その他_x000D_
[設定値のリスト]_x000D_
(adjusting：整理)、(budget：予算)、(comparative：比較)、(external-accountant：外部会計事務所)、(standard：通常)、(passed-adjusting：無視)、(eliminating：消去)、(proposed：提案)、(recurring：反復)、(reclassifying：組替)、(simulated：シミュレーション)、(tax：税)、(other：その他)",headerTypeIdentifier,BT11-09,$.Business Transactions.Transaction_ Header.Header_ Type Identifier,btx,Transaction_ Header
367,btx,3,A,,Header Entry Number Counter,Decimal,0..1,,Unique reference for the entry - a numeric counter,文書番号カウンタ,文書の一意なリファレンス　　カウンタ,headerEntryNumberCounter,BT11-10,$.Business Transactions.Transaction_ Header.Header Entry Number Counter,btx,Transaction_ Header
368,btx,3,A,,Header Document Type,Token,0..1,,"An enumerated field describing the original source document, with invoice, voucher, check and other enumerated entries",元文書種別,顧客への請求書、ベンダからの請求書、小切手、その他の列挙値による、元文書の説明。\n[設定値のリスト]\n(check：小切手)、(debit-memo：借方メモ)、(credit-memo：貸方メモ)、(finance-charge：財務費用)、(invoice：顧客への請求書)、(order-customer：顧客オーダ)、(order-vendor：仕入先オーダ)、(payment-other：その他支払い)、(reminder：督促状)、(tegata：手形)、(voucher：ベンダからの請求書)、(shipment：出荷票)、(receipt：受領票)、(manual-adjustment：手修正)、(other：その他),headerDocumentType,BT11-11,$.Business Transactions.Transaction_ Header.Header Document Type,btx,Transaction_ Header
369,btx,3,A,,Header Document Type Description,String,0..1,,Free format description of the document type,元文書種別説明,元文書の種別の説明。,headerDocumentTypeDescription,BT11-12,$.Business Transactions.Transaction_ Header.Header Document Type Description,btx,Transaction_ Header
370,btx,3,A,,Header Invoice Type,Token,0..1,,"Invoice Type  (self-billed, ePoS enumerated values)",請求書種別,請求書の種別。(self-billed、ePoS)\n[設定値のリスト]\n(ePos：POSシステムからの発行)、(self-billed：手動発行),headerInvoiceType,BT11-13,$.Business Transactions.Transaction_ Header.Header Invoice Type,btx,Transaction_ Header
371,btx,3,A,,Header Document Number,String,0..1,,"Invoice, check, voucher, or other source document identifier",元文書番号,請求書、小切手、証憑、その他の元文書の識別子。,headerDocumentNumber,BT11-14,$.Business Transactions.Transaction_ Header.Header Document Number,btx,Transaction_ Header
372,btx,3,R,,Applied Invoice_ Referenced Document,,0..1,,"Document number of primary invoice number, used to offset payments, debits and credits; for an invoice, usually the same as the documentNumber. When calculating open balance on an invoice, or open amount on payments in advance or not fully applied, this permits calculation of the open item.",適用先番号,支払、借方、貸方の相殺に使用される、一次請求書の文書番号。請求書では通常documentNumberと等しい。未決済の請求書残高や、未決済の支払金額の計算時に、利用できる。,,BT11-15,$.Business Transactions.Transaction_ Header.Applied Invoice_ Referenced Document,btx,Referenced Document
373,btx,4,A,REF,Document Number,String,0..1,,Document number,発生元文書番号,発生元文書の番号。,appliedInvoiceReferencedDocumentNumber,BT10-02,$.Business Transactions.Transaction_ Header.Applied Invoice_ Referenced Document.Document Number,btx,Referenced Document
374,btx,3,C,,Referenced Document,,0..*,,Reference for the document; number assigned to track the document,元文書参照情報,上の文書のための内部参照情報。文書を追跡するために内部的に割り当てた番号。,referencedDocument,BT11-16,$.Business Transactions.Transaction_ Header.Referenced Document,btx,Referenced Document
375,btx,4,A,,Document Type,Token,0..1,,"Document type  check, debit-memo, credit-memo, finance-charge, invoice, order-customer, order-vendor, payment-other, reminder, tegata, voucher, shipment, receipt, manual-adjustment, other.",発生元文書種別,発生元文書の種別。小切手(check)、借方メモ(debit-memo)、貸方メモ(credit-memo)、財務費用(finance-charge)、顧客への請求書(invoice)、顧客オーダ(order-customer)、仕入先オーダ(order-vendor)、その他支払い(payment-other)、督促状(reminder)、手形(tegata)、ベンダからの請求書(voucher)、出荷票(shipment)、受領票(receipt)、手修正(manual-adjustment)、その他(other),referencedDocumentType,BT10-01,$.Business Transactions.Transaction_ Header.Referenced Document.Document Type,btx,Referenced Document
376,btx,4,A,PK,Document Number,String,0..1,,Document number,発生元文書番号,発生元文書の番号。,referencedDocumentNumber,BT10-02,$.Business Transactions.Transaction_ Header.Referenced Document.Document Number,btx,Referenced Document
377,btx,4,A,,Document Date,Date,0..1,,Document date,発生元文書日付,発生元文書の日付。,referencedDocumentDate,BT10-03,$.Business Transactions.Transaction_ Header.Referenced Document.Document Date,btx,Referenced Document
378,btx,4,A,,Document Identifier Type,Token,0..1,,"Document identifier type. Enumerated as: C, customer, E, employee, V, vendor, O, other, I, salesperson-internal, X, salesperson-external, N, contractor.",発生元文書対象CVE種別,発生元文書の対象となるCVEの種別。_x000D_ [設定値のリスト]_x000D_ (C)、(customer：顧客)、(E)、(employee：従業員)、(V)、(vendor：仕入先)、(O)、(other：その他)、(I)、(salesperson-internal：店舗内販売員)、(X)、(salesperson-external：外交販売員)、(N)、(contractor：請負者),documentIdentifierType,BT10-04,$.Business Transactions.Transaction_ Header.Referenced Document.Document Identifier Type,btx,Referenced Document
379,btx,4,A,,Document Identifier Code,String,0..1,,Document identifier code,発生元文書対象CVEコード,発生元文書の対象となるCVEのコード。,documentIdentifierCode,BT10-05,$.Business Transactions.Transaction_ Header.Referenced Document.Document Identifier Code,btx,Referenced Document
380,btx,4,A,,Received Date,Date Time,0..1,,Date/time document was noted as received (if necessary). Represents actual date received. Posting dates are maintained separately.,元文書受領日付,（必要であれば）文書の受領が記録された日付/時刻。実際に受領された日付をあらわす。転記日付は別に管理される。,referencedDocumentReceivedDate,BT10-06,$.Business Transactions.Transaction_ Header.Referenced Document.Received Date,btx,Referenced Document
381,btx,4,A,,Document Location,String,0..1,,"Document location as URI, file name or other reference. Alternatively, text of document can be placed here.",元文書格納場所,文書の格納場所である、URI、ファイル名またはその他の参照情報。代わりに、文書のテキストも記述可能。,referencedDocumentLocation,BT10-07,$.Business Transactions.Transaction_ Header.Referenced Document.Document Location,btx,Referenced Document
382,btx,3,A,,Header Payment Method,String,0..1,,Method used or to be used to make the payment,支払方法,支払いのために使用された、または使用される方法。,headerPaymentMethod,BT11-17,$.Business Transactions.Transaction_ Header.Header Payment Method,btx,Transaction_ Header
383,btx,3,A,,Header Posting Status,Token,0..1,,"deferred: although entered, it cannot be posted until a later time\nposted: already posted\nproposed: a proposed item that must be approved\nsimulated: a simulated item, for what-if\ntax: a tax-specific entry\nunposted:entered but not yet posted or validated\ncancelled:entered and later cancelled\nother:other status - should be described in postingStatusDescription",転記状態,・据置：入力されたが、まだ転記できない。\n・転記済：転記済み。\n・提案済：検証が必要な項目。\n・シミュレーション：仮定のためにシミュレートされた項目。\n・税：税項目。\n・未転記：入力されたが、まだ検証も転記もされていない。\n・取消済：入力されたが、取り消された。\n・その他：その他の状態。postingStatusDescriptionで説明されるべき。\n[設定値のリスト]\n(deferred：据置)、(posted：転記済)、(proposed：提案済)、(simulated：シミュレーション)、(tax：税)、(unposted：未転記)、(cancelled：取消済)、(other：その他),headerPostingStatus,BT11-18,$.Business Transactions.Transaction_ Header.Header Posting Status,btx,Transaction_ Header
384,btx,3,A,,Header Posting Status Description,String,0..1,,Free format description of the posting status,転記状態説明,転記状態の説明。,headerPostingStatusDescription,BT11-19,$.Business Transactions.Transaction_ Header.Header Posting Status Description,btx,Transaction_ Header
385,btx,3,A,,Header Acknowledgement Date,Date Time,0..1,,Date of acknowledgement of goods/services shipped/received.,承認日付,出荷/受領済みの物品/サービスを承認した日付。,headerAcknowledgementDate,BT11-20,$.Business Transactions.Transaction_ Header.Header Acknowledgement Date,btx,Transaction_ Header
386,btx,3,A,,Header Confirmation Date,Date Time,0..1,,Date of confirmation of shipment/receipt.,確認日付,出荷/受領を確認した日付。,headerConfirmationDate,BT11-21,$.Business Transactions.Transaction_ Header.Header Confirmation Date,btx,Transaction_ Header
387,btx,3,A,,Header Ship From,String,0..1,,References Organization Address Location Identifier where used. Otherwise free form.,出荷元,使用されていれば住所識別子の参照情報。または自由記述。,headerShipFrom,BT11-22,$.Business Transactions.Transaction_ Header.Header Ship From,btx,Transaction_ Header
388,btx,3,A,,Header Date Shipped/Received,Date Time,0..1,,Date goods/services are shipped/received.,出荷/受領日付,物品/サービスを出荷/受領した日付。,headerDateShippedReceived,BT11-23,$.Business Transactions.Transaction_ Header.Header Date Shipped/Received,btx,Transaction_ Header
389,btx,3,A,,Header Maturity Date or Date Due,Date Time,0..1,,Due date or other maturity date.,支払期日,支払期日やその他の期日。,headerMaturityDateOrDateDue,BT11-24,$.Business Transactions.Transaction_ Header.Header Maturity Date or Date Due,btx,Transaction_ Header
390,btx,3,A,,Header Payment Terms,String,0..1,,Discount/payment terms.,支払条件,割引/支払い条件。,headerPaymentTerms,BT11-25,$.Business Transactions.Transaction_ Header.Header Payment Terms,btx,Transaction_ Header
391,btx,3,C,,Header_ Identifier Reference,,0..*,,"Identification for customer, vendor, or employee.",【文書CVE情報】,顧客、仕入先、従業員のための識別子。,headerIdentifierReference,BT11-26,$.Business Transactions.Transaction_ Header.Header_ Identifier Reference,btx,Header_ Identifier Reference
392,btx,4,A,PK,Identifier Code,String,0..1,,Unique ID Number associated with identifierReference,CVE識別番号（内部）,identifierReferenceに関係付けられた、内部ID番号。,identifierCode,BT06-01,$.Business Transactions.Transaction_ Header.Header_ Identifier Reference.Identifier Code,btx,Header_ Identifier Reference
393,btx,4,A,,Identifier Purpose,String,0..1,,"Freeform for codes like purchasing, billing, manufacturing at identifier level.",CVE目的,購買、請求、製造などの、CVE識別子のレベルのコードの自由記述。,identifierPurpose,BT06-02,$.Business Transactions.Transaction_ Header.Header_ Identifier Reference.Identifier Purpose,btx,Header_ Identifier Reference
394,btx,4,A,,Identifier Active,Boolean,0..1,,"Boolean to indicate whether the identifier is active (=""true"") or inactive (=""false"")",CVE有効性,CVE識別子が有効か無効かを示すブール値。,identifierActive,BT06-03,$.Business Transactions.Transaction_ Header.Header_ Identifier Reference.Identifier Active,btx,Header_ Identifier Reference
395,btx,4,A,,Identifier Organization Type,Token,0..1,,"Identifier Organization Type. Enumerated as: individual, organization, other.",CVE組織種別,"CVE識別子の組織種別。_x000D_
[設定値のリスト]_x000D_
(individual：個人)、(organization：組織)、(other：その他)",identifierOrganizationType,BT06-04,$.Business Transactions.Transaction_ Header.Header_ Identifier Reference.Identifier Organization Type,btx,Header_ Identifier Reference
396,btx,4,A,,Identifier Organization Type Description,String,0..1,,Free format description of the identifier organization type,CVE組織種別説明,CVE識別子の組織種別の説明。,identifierOrganizationTypeDescription,BT06-05,$.Business Transactions.Transaction_ Header.Header_ Identifier Reference.Identifier Organization Type Description,btx,Header_ Identifier Reference
397,btx,4,A,,Identifier Description,String,0..1,,Textual description of identifierReference.,CVE説明,identifierReferenceの説明。,identifierDescription,BT06-06,$.Business Transactions.Transaction_ Header.Header_ Identifier Reference.Identifier Description,btx,Header_ Identifier Reference
398,btx,4,A,,Identifier Type,Token,0..1,,"Entity type (enumerated): C, customer, E, employee, V, vendor, O, other, I, salesperson-internal, X, salesperson-external, N, contractor.",CVE種別,実体の種別。_x000D_ [設定値のリスト]_x000D_ (C)、(customer：顧客)、(E)、(employee：従業員)、(V)、(vendor：仕入先)、(O)、(other：その他)、(I)、(salesperson-internal：店舗内販売員)、(X)、(salesperson-external：外交販売員)、(N)、(contractor：請負者),identifierType,BT06-07,$.Business Transactions.Transaction_ Header.Header_ Identifier Reference.Identifier Type,btx,Header_ Identifier Reference
399,btx,4,A,,Identifier Category,String,0..1,,"For use as Customer, Vendor or Employee Class (such as Residential/Commercial/Institutional/Government or Retail/Wholesale or other classifications used by business).",CVEカテゴリ,顧客、仕入先、従業員の分類に使用する。　（住居/商業/機関/政府や、小売/卸や、ビジネスで使用されるその他の分類）。,identifierCategory,BT06-08,$.Business Transactions.Transaction_ Header.Header_ Identifier Reference.Identifier Category,btx,Header_ Identifier Reference
400,cor,4,C,,External Authority,,0..*,,Class containing references to an external authority associated with identifier,【外部機関】,識別子と関係付けられる外部機関への参照情報を含む構造体。,externalAuthority,BT06-09,$.Business Transactions.Transaction_ Header.Header_ Identifier Reference.External Authority,cor,External Authority
401,cor,5,A,PK,External Authority Code,String,0..1,,"External Authority (e,g, Tax Authority) ID Number associated with identifierReference",外部機関付与識別番号,identifierReferenceと関係付けられる、外部機関（たとえば、税務署）によるID番号。,externalAuthorityCode,CO12-01,$.Business Transactions.Transaction_ Header.Header_ Identifier Reference.External Authority.External Authority Code,cor,External Authority
402,cor,5,A,,External Authority Name,String,0..1,,Name of External Authority (e.g. Tax Authority),外部機関名,外部機関の名前（たとえば、税務署）,externalAuthorityName,CO12-02,$.Business Transactions.Transaction_ Header.Header_ Identifier Reference.External Authority.External Authority Name,cor,External Authority
403,cor,5,A,,External Authority Verification Date,Date Time,0..1,,Date on which the External Authority last performed a verification,外部機関認証日付,外部機関が最後に認証した日付。,externalAuthorityVerificationDate,CO12-03,$.Business Transactions.Transaction_ Header.Header_ Identifier Reference.External Authority.External Authority Verification Date,cor,External Authority
404,cor,4,C,,Identifier_ Phone,,0..*,,Phone number related to Identifier.,【電話番号】,CVE識別子の電話番号。,identifierPhone,BT06-10,$.Business Transactions.Transaction_ Header.Header_ Identifier Reference.Identifier_ Phone,cor,Identifier_ Phone
405,cor,5,A,PK,Phone Number,String,0..1,,Phone number referred to in Phone Number Description'\.,電話番号,電話番号用途で示される電話番号。,phoneNumber,CO01-01,$.Business Transactions.Transaction_ Header.Header_ Identifier Reference.Identifier_ Phone.Phone Number,cor,Identifier_ Phone
406,cor,5,A,,Phone Number Description,String,0..1,,"Entity Phone Number Description such as Main, Investor relations. Enumerated as: bookkeeper, controller, direct, fax, investor-relations, main, switchboard, other.",電話番号用途,"代表、IR用などの、電話番号の用途。
[設定値のリスト]
(bookkeeper：記帳係)、(controller：会計責任者)、(direct：直通)、(fax：FAX)、(investor-relations：IR窓口)、(main：代表)、(switchboard：交換台)、(other：その他)",phoneNumberDescription,CO01-02,$.Business Transactions.Transaction_ Header.Header_ Identifier Reference.Identifier_ Phone.Phone Number Description,cor,Identifier_ Phone
407,cor,4,C,,Identifier_ Fax,,0..*,,Fax number class related to identifier.,【FAX番号】,CVE識別子のFAX番号の構造体。,identifierFax,BT06-11,$.Business Transactions.Transaction_ Header.Header_ Identifier Reference.Identifier_ Fax,cor,Identifier_ Fax
408,cor,5,A,PK,Fax Number,String,0..1,,Fax Number,FAX番号,FAX番号。,faxNumber,CO03-01,$.Business Transactions.Transaction_ Header.Header_ Identifier Reference.Identifier_ Fax.Fax Number,cor,Identifier_ Fax
409,cor,5,A,,Fax Number Usage,String,0..1,,"Fax number usage (e.g. orders, head office, IR)",FAX番号用途,FAX番号の用途。(注文、本社、IRなど),faxNumberUsage,CO03-02,$.Business Transactions.Transaction_ Header.Header_ Identifier Reference.Identifier_ Fax.Fax Number Usage,cor,Identifier_ Fax
410,cor,4,C,,Identifier_ Email,,0..*,,Email address for Identifier.,【CVEEメールアドレス】,CVE識別子のEメールアドレス。,identifierEmail,BT06-12,$.Business Transactions.Transaction_ Header.Header_ Identifier Reference.Identifier_ Email,cor,Identifier_ Email
411,cor,5,A,PK,Email Address,String,0..1,,Email Address,Eメールアドレス,Eメールアドレス。,emailAddress,CO05-01,$.Business Transactions.Transaction_ Header.Header_ Identifier Reference.Identifier_ Email.Email Address,cor,Identifier_ Email
412,cor,5,A,,Email Address Usage,String,0..1,,"Email address usage (e.g. orders, head office, IR)",Eメールアドレス用途,Eメールアドレスの用途。(注文、本社、IRなど),emailAddressUsage,CO05-02,$.Business Transactions.Transaction_ Header.Header_ Identifier Reference.Identifier_ Email.Email Address Usage,cor,Identifier_ Email
413,cor,4,C,,Identifier_ Address,,0..*,,"Address (block) of customer, vendor, employee for integration purposes, VAT.",【CVE住所】,統合目的やVATのための、顧客、仕入先、従業員の住所(ブロック)。,identifierAddress,BT06-13,$.Business Transactions.Transaction_ Header.Header_ Identifier Reference.Identifier_ Address,cor,Identifier_ Address
414,cor,5,A,,Description,String,0..1,,Address Description,住所説明,住所の説明。,identifierAddressDescription,CO08-01,$.Business Transactions.Transaction_ Header.Header_ Identifier Reference.Identifier_ Address.Description,cor,Identifier_ Address
415,cor,5,A,,Purpose,String,0..1,,Address Purpose,住所目的,住所の目的。,purpose,CO08-02,$.Business Transactions.Transaction_ Header.Header_ Identifier Reference.Identifier_ Address.Purpose,cor,Identifier_ Address
416,cor,5,A,,Location ID,String,0..1,,A code used to identify the location and to associate it with contacts and transactions,所在地識別子,所在地を識別したり、窓口や取引と関係付けるコード。,locationId,CO08-03,$.Business Transactions.Transaction_ Header.Header_ Identifier Reference.Identifier_ Address.Location ID,cor,Identifier_ Address
417,cor,5,A,,Building Number,String,0..1,,Building Number,住所建物番号,建物番号。,buildingNumber,CO08-04,$.Business Transactions.Transaction_ Header.Header_ Identifier Reference.Identifier_ Address.Building Number,cor,Identifier_ Address
418,cor,5,A,,Street,String,0..1,,Street address,住所通り,住所の通り。,street,CO08-05,$.Business Transactions.Transaction_ Header.Header_ Identifier Reference.Identifier_ Address.Street,cor,Identifier_ Address
419,cor,5,A,,Address Detail,String,0..1,,Address Detail,住所詳細,住所詳細。,addressDetail,CO08-06,$.Business Transactions.Transaction_ Header.Header_ Identifier Reference.Identifier_ Address.Address Detail,cor,Identifier_ Address
420,cor,5,A,,City,String,0..1,,City,住所都市,住所の都市。,city,CO08-07,$.Business Transactions.Transaction_ Header.Header_ Identifier Reference.Identifier_ Address.City,cor,Identifier_ Address
421,cor,5,A,,State or Province,String,0..1,,"State, province or region",住所州,住所の州や地方。,stateOrProvince,CO08-08,$.Business Transactions.Transaction_ Header.Header_ Identifier Reference.Identifier_ Address.State or Province,cor,Identifier_ Address
422,cor,5,A,,Country,String,0..1,,Country,住所国,住所の国。,country,CO08-09,$.Business Transactions.Transaction_ Header.Header_ Identifier Reference.Identifier_ Address.Country,cor,Identifier_ Address
423,cor,5,A,,Zip or Postal Code,String,0..1,,Zip or other postal code,住所郵便番号,住所の郵便番号。,zipOrPostalCode,CO08-10,$.Business Transactions.Transaction_ Header.Header_ Identifier Reference.Identifier_ Address.Zip or Postal Code,cor,Identifier_ Address
424,cor,4,C,,Identifier_ Contact,,0..*,,Identifier Contact Information Class,【CVE担当者情報】,CVE識別子の担当者情報の構造体。,identifierContact,BT06-14,$.Business Transactions.Transaction_ Header.Header_ Identifier Reference.Identifier_ Contact,cor,Identifier_ Contact
425,cor,5,A,,Contact Prefix,String,0..1,,"Prefix (e.g. Dr., Mr., Mrs.)",敬称,敬称(Dr.、Mr.、Mrs.など),contactPrefix,CO11-01,$.Business Transactions.Transaction_ Header.Header_ Identifier Reference.Identifier_ Contact.Contact Prefix,cor,Identifier_ Contact
426,cor,5,A,,Contact Last Name,String,0..1,,Last or family name,姓,姓,contactLastName,CO11-02,$.Business Transactions.Transaction_ Header.Header_ Identifier Reference.Identifier_ Contact.Contact Last Name,cor,Identifier_ Contact
427,cor,5,A,,Contact First Name,String,0..1,,First or given name,名,名、クリスチャンネーム,contactFirstName,CO11-03,$.Business Transactions.Transaction_ Header.Header_ Identifier Reference.Identifier_ Contact.Contact First Name,cor,Identifier_ Contact
428,cor,5,A,,Contact Suffix,String,0..1,,"Suffix (e.g. MD, CPA, Jr.)",付加名称,付加名称(MD、CPA、Jr.など),contactSuffix,CO11-04,$.Business Transactions.Transaction_ Header.Header_ Identifier Reference.Identifier_ Contact.Contact Suffix,cor,Identifier_ Contact
429,cor,5,A,,Contact Attention Line,String,0..1,,Attention Line,アテンションライン,アテンションライン,contactAttentionLine,CO11-05,$.Business Transactions.Transaction_ Header.Header_ Identifier Reference.Identifier_ Contact.Contact Attention Line,cor,Identifier_ Contact
430,cor,5,A,,Contact Position Role,String,0..1,,Position or role,地位/役職,地位や役職。,contactPositionRole,CO11-06,$.Business Transactions.Transaction_ Header.Header_ Identifier Reference.Identifier_ Contact.Contact Position Role,cor,Identifier_ Contact
431,cor,5,A,,Contact Contact Type,String,0..1,,"Role of contact. Examples include: Source Service, Sender, Recipient, Invoicer, Auditor, Accountant",担当者役割,担当者の役割。例：ソースサービス、送付元、受取人、請求先、監査人、会計事務所。,contactContactType,CO11-07,$.Business Transactions.Transaction_ Header.Header_ Identifier Reference.Identifier_ Contact.Contact Contact Type,cor,Identifier_ Contact
432,cor,5,A,,Contact Location ID cross reference,String,0..1,,This code is used to associate the contact with a specific location for the Entity. Its value should be the same as that of the organizationAddressLocationIdentifier,所在地相互参照情報,担当者と事業体の位置情報を関係付けるためのコード。organizationAddressLocationIdentifierと同じ値であるべき。,contactLocationIdCrossReference,CO11-08,$.Business Transactions.Transaction_ Header.Header_ Identifier Reference.Identifier_ Contact.Contact Location ID cross reference,cor,Identifier_ Contact
433,cor,5,A,,Contact Active,Boolean,0..1,,"Boolean to indicate whether the contact is active (=""true"") or inactive (=""false"")",担当者有効性,担当者が有効か無効かを示すブール値。,contactActive,CO11-09,$.Business Transactions.Transaction_ Header.Header_ Identifier Reference.Identifier_ Contact.Contact Active,cor,Identifier_ Contact
434,bus,5,C,,Contact_ Phone,,0..*,,Contact Phone Number,【担当者電話番号】,担当者の電話番号。,identifierContactPhone,CO11-10,$.Business Transactions.Transaction_ Header.Header_ Identifier Reference.Identifier_ Contact.Contact_ Phone,bus,Contact_ Phone
435,bus,6,A,PK,Phone Number,String,0..1,,Phone number referred to in Phone Number Description'\.,電話番号,電話番号用途で示される電話番号。,identifierContactPhoneNumber,BU03-01,$.Business Transactions.Transaction_ Header.Header_ Identifier Reference.Identifier_ Contact.Contact_ Phone.Phone Number,bus,Contact_ Phone
436,bus,6,A,,Phone Number Description,String,0..1,,"Entity Phone Number Description such as Main, Investor relations. Enumerated as: bookkeeper, controller, direct, fax, investor-relations, main, switchboard, other.",電話番号用途,"代表、IR用などの、電話番号の用途。
[設定値のリスト]
(bookkeeper：記帳係)、(controller：会計責任者)、(direct：直通)、(fax：FAX)、(investor-relations：IR窓口)、(main：代表)、(switchboard：交換台)、(other：その他)",identifierContactPhoneNumberDescription,BU03-02,$.Business Transactions.Transaction_ Header.Header_ Identifier Reference.Identifier_ Contact.Contact_ Phone.Phone Number Description,bus,Contact_ Phone
437,bus,5,C,,Contact_ Fax,,0..*,,Contact Fax Number Class,【担当者FAX番号】,担当者のFAX番号の構造体。,identifierContactFax,CO11-11,$.Business Transactions.Transaction_ Header.Header_ Identifier Reference.Identifier_ Contact.Contact_ Fax,bus,Contact_ Fax
438,bus,6,A,PK,Fax Number,String,0..1,,Fax Number,FAX番号,FAX番号。,identifierContactFaxNumber,BU08-01,$.Business Transactions.Transaction_ Header.Header_ Identifier Reference.Identifier_ Contact.Contact_ Fax.Fax Number,bus,Contact_ Fax
439,bus,6,A,,Fax Number Usage,String,0..1,,"Fax number usage (e.g. orders, head office, IR)",FAX番号用途,FAX番号の用途。(注文、本社、IRなど),identifierContactFaxNumberUsage,BU08-02,$.Business Transactions.Transaction_ Header.Header_ Identifier Reference.Identifier_ Contact.Contact_ Fax.Fax Number Usage,bus,Contact_ Fax
440,bus,5,C,,Contact_ Email,,0..*,,Contact E-mail address class,【担当者Eメールアドレス】,担当者のEメールアドレスの構造体。,identifierContactEmail,CO11-12,$.Business Transactions.Transaction_ Header.Header_ Identifier Reference.Identifier_ Contact.Contact_ Email,bus,Contact_ Email
441,bus,6,A,PK,Email Address,String,0..1,,Email Address,Eメールアドレス,Eメールアドレス。,identifierContactEmailAddress,BU13-01,$.Business Transactions.Transaction_ Header.Header_ Identifier Reference.Identifier_ Contact.Contact_ Email.Email Address,bus,Contact_ Email
442,bus,6,A,,Email Address Usage,String,0..1,,"Email address usage (e.g. orders, head office, IR)",Eメールアドレス用途,Eメールアドレスの用途。(注文、本社、IRなど),identifierContactEmailAddressUsage,BU13-02,$.Business Transactions.Transaction_ Header.Header_ Identifier Reference.Identifier_ Contact.Contact_ Email.Email Address Usage,bus,Contact_ Email
443,btx,3,C,,Header_ Tax,,0..*,,Class for holding tax related information,【税情報】,税関連の情報のタプル。,headerTax,BT11-27,$.Business Transactions.Transaction_ Header.Header_ Tax,btx,Header_ Tax
444,btx,4,A,,Tax Authority,String,0..1,,Name of the relevant tax authority,課税庁,関係する課税庁の名前。,taxAuthority,BT08-01,$.Business Transactions.Transaction_ Header.Header_ Tax.Tax Authority,btx,Header_ Tax
445,btx,4,A,,Tax Table Code,String,0..1,,Tax table code used by the relevant tax authority,税率表コード,関係する課税庁で使用される税率表のコード。,taxTableCode,BT08-02,$.Business Transactions.Transaction_ Header.Header_ Tax.Tax Table Code,btx,Header_ Tax
446,btx,4,A,,Tax Description,String,0..1,,Description of tax authority,課税庁説明,課税庁の説明。,taxDescription,BT08-03,$.Business Transactions.Transaction_ Header.Header_ Tax.Tax Description,btx,Header_ Tax
447,btx,4,A,,Amount of Taxes,Monetary,0..1,,Amount of taxes,税額,税額。,amountOfTaxes,BT08-04,$.Business Transactions.Transaction_ Header.Header_ Tax.Amount of Taxes,btx,Header_ Tax
448,btx,4,A,,Basis for Taxation,Monetary,0..1,,Basis for taxation,課税基準,課税基準。,basisForTaxation,BT08-05,$.Business Transactions.Transaction_ Header.Header_ Tax.Basis for Taxation,btx,Header_ Tax
449,btx,4,A,,Tax Percentage Rate,Pure,0..1,,Percent rate for VAT or other taxes normally a number between 0 and 1.0 - e.g. 50% is represented as 0.5,税率,"VAT(物品税)またはその他の税のパーセント比率。_x000D_
0から1.0の間の値。たとえば50%は0.5とあらわす。",taxPercentageRate,BT08-06,$.Business Transactions.Transaction_ Header.Header_ Tax.Tax Percentage Rate,btx,Header_ Tax
450,btx,4,A,,Tax Category,String,0..1,,A class or category of taxes,税区分,税のクラス又はカテゴリ。,taxCategory,BT08-07,$.Business Transactions.Transaction_ Header.Header_ Tax.Tax Category,btx,Header_ Tax
451,btx,4,A,,Tax Comment/Exemption Reason,String,0..1,,Additional text/code for exemption reasons or other comments.,税コメント/免税理由,免税理由やその他のコメントのための、追加の文またはコード。,taxCommentExemptionReason,BT08-08,$.Business Transactions.Transaction_ Header.Header_ Tax.Tax Comment/Exemption Reason,btx,Header_ Tax
452,btx,4,A,,Tax Amount in Foreign Currency,Monetary,0..1,,"If the tax is in a foreign currency, the amount of tax in that currency",外貨建税額,税が外貨建ての場合の、税額。,taxAmountInForeignCurrency,BT08-09,$.Business Transactions.Transaction_ Header.Header_ Tax.Tax Amount in Foreign Currency,btx,Header_ Tax
453,btx,4,A,,Tax Foreign Currency,QName,0..1,,"If the tax is in a foreign currency, that currency",外貨建税額通貨,税が外貨建ての場合の、通貨。,taxForeignCurrency,BT08-10,$.Business Transactions.Transaction_ Header.Header_ Tax.Tax Foreign Currency,btx,Header_ Tax
454,btx,4,A,,Tax Exchange Rate Date,Date Time,0..1,,"If the tax is in a foreign currency, the date or date and time of the exchange rate used",税額換算レート日付,税が外貨建ての場合の、換算レートの日付または日付/時刻。,taxExchangeRateDate,BT08-11,$.Business Transactions.Transaction_ Header.Header_ Tax.Tax Exchange Rate Date,btx,Header_ Tax
455,btx,4,A,,Tax Exchange Rate,Pure,0..1,,"If the tax is in a foreign currency, the exchange rate used expressed as national currency divided by foreign currency",税額換算レート,税が外貨建ての場合の、換算レート。自国通貨を外貨で割った値。,taxExchangeRate,BT08-12,$.Business Transactions.Transaction_ Header.Header_ Tax.Tax Exchange Rate,btx,Header_ Tax
456,btx,4,A,,Tax Exchange Rate Source,String,0..1,,"If the tax is in a foreign currency, source of exchange rate - for example, Reuters, Bloomberg",税額換算レート情報源,"税が外貨建ての場合の、換算レートの情報源。たとえば、Reuters, Bloomberg",taxExchangeRateSource,BT08-13,$.Business Transactions.Transaction_ Header.Header_ Tax.Tax Exchange Rate Source,btx,Header_ Tax
457,btx,4,A,,Tax Exchange Rate Type,String,0..1,,"If the tax is in a foreign currency, type of exchange rate - for example, spot rate, forward contract etc.",税額換算レート種別,税が外貨建ての場合の、換算レートの種別。たとえば、スポット・レート、先物など。,taxExchangeRateType,BT08-14,$.Business Transactions.Transaction_ Header.Header_ Tax.Tax Exchange Rate Type,btx,Header_ Tax
458,btx,4,A,,Tax Exchange Rate Comment,String,0..1,,"If the tax is in a foreign currency, comment about exchange rate used",税額換算レートコメント,税が外貨建ての場合の、換算レートに関するコメント。,taxExchangeRateComment,BT08-15,$.Business Transactions.Transaction_ Header.Header_ Tax.Tax Exchange Rate Comment,btx,Header_ Tax
459,btx,3,C,,Header_ Amount Structure,,0..*,,"Structure representing monetary amounts and currency information applicable to the document as a whole, such as document-level totals or aggregated tax amounts.",【ヘッダー金額構造】,文書全体に適用される金額や通貨情報（文書レベルの合計額や集計された税額など）を表現する構造。,headerAmountStructure,BT11-28,$.Business Transactions.Transaction_ Header.Header_ Amount Structure,btx,Header_ Amount Structure
460,btx,4,A,,Amount,Monetary,1,,Numeric value of the monetary amount expressed in the specified currency.,金額,指定された通貨で表現された金額の数値。,headerAmountStructureAmount,BT01-01,$.Business Transactions.Transaction_ Header.Header_ Amount Structure.Amount,btx,Header_ Amount Structure
461,btx,4,A,,Amount Type,Token,0..1,,"Code or text specifying the type or role of the amount, such as tax amount, tax base amount, allowance amount, or charge amount.",金額種別,税額、課税標準額、値引金額、追加請求金額など、金額の種類または役割を指定するコードまたはテキスト。,headerAmountStructureAmountType,BT01-02,$.Business Transactions.Transaction_ Header.Header_ Amount Structure.Amount Type,btx,Header_ Amount Structure
462,btx,4,A,,Currency Code,Token,0..1,,"Code specifying the currency in which the amount is expressed, typically an ISO 4217 currency code.",通貨コード,金額が表現される通貨を指定するコード。通常は ISO 4217 通貨コードを用いる。,headerAmountStructureCurrencyCode,BT01-03,$.Business Transactions.Transaction_ Header.Header_ Amount Structure.Currency Code,btx,Header_ Amount Structure
463,btx,4,A,,Currency Code Type,Token,0..1,,"Code specifying the role of the currency used for the amount, such as functional currency, local currency, reporting currency, or transaction currency.",通貨コード種別,金額に対する通貨の役割（機能通貨、ローカル通貨、報告通貨、取引通貨など）を指定するコード。,headerAmountStructureCurrencyCodeType,BT01-04,$.Business Transactions.Transaction_ Header.Header_ Amount Structure.Currency Code Type,btx,Header_ Amount Structure
464,btx,4,A,,Header_ Amount Type,String,0..1,,"Code or text specifying the type or role of the amount, such as tax amount, tax base amount, allowance amount, or charge amount.",金額種別,税額、課税標準額、値引金額、追加請求金額など、金額の種類または役割を指定するコードまたはテキスト。,headerAmountType,BT01-05,$.Business Transactions.Transaction_ Header.Header_ Amount Structure.Header_ Amount Type,btx,Header_ Amount Structure
465,btx,3,C,,Transaction_ Detail,,0..*,,Parent for document line,【文書明細】,文書明細の親タグ。,transactionDetail,BT11-29,$.Business Transactions.Transaction_ Header.Transaction_ Detail,btx,Transaction_ Detail
466,btx,4,A,PK,Line Number,String,0..1,,Identifier for a particular entry detail,明細行番号,仕訳明細の識別子。,lineNumber,BT12-01,$.Business Transactions.Transaction_ Header.Transaction_ Detail.Line Number,btx,Transaction_ Detail
467,btx,4,A,,Line Number Counter,Decimal,0..1,,Unique reference for the line - a numeric counter,明細行番号カウンタ,明細行の一意なリファレンス　　カウンタ,lineNumberCounter,BT12-02,$.Business Transactions.Transaction_ Header.Transaction_ Detail.Line Number Counter,btx,Transaction_ Detail
468,btx,4,A,,Posting Date,Date Time,0..1,,"At the detail level, this represents the accounting significance date. No matter what date the document is received, entered, or posted, this signifies the accounting date of the entry. If you want to see the financial results for March 5, 2002 and this entry is given that date, the entry will be part of the results for March 5, 2002. This is different from the postedDate found at the entryHeader level. If you want the accounting significance to be a particular date, it goes here. A single entry could represent multiple dates, but would only be posted on one date.",転記日付,明細レベルで、会計上意義のある日付を示す。ドキュメントの受領、入力、転記の日付に関わらず、仕訳が会計処理された日付を示す。2002.03.05の財務結果を見たいときに、ここにその日付がある場合は、この明細は2002.03.05の結果の一部である。これは、entryHeaderにあるpostedDateとは異なる。特定の日付を会計上意義のある日付にしたいなら、ここに記述する。ひとつの仕訳が複数の日付をあらわせるが、ひとつの日でのみ転記される。,postingDate,BT12-03,$.Business Transactions.Transaction_ Header.Transaction_ Detail.Posting Date,btx,Transaction_ Detail
469,btx,4,A,,Memo Line,Boolean,0..1,,A boolean like entry that indicates whether an entryDetail line has been provided solely to provide additional details and that tools should not consider the amount in postings.,メモ行フラグ,明細行が単に追加の詳細を与えるものであり、転記金額に含めるべきでないことを示すブール値。,memoLine,BT12-04,$.Business Transactions.Transaction_ Header.Transaction_ Detail.Memo Line,btx,Transaction_ Detail
470,btx,4,A,,Document Type,Token,0..1,,"An enumerated field describing the original source document, with check, debit-memo, credit-memo, finance-charge, invoice, order-customer, order-vendor, payment-other, reminder, tegata, voucher, shipment, receipt, manual-adjustment, other.",元文書種別,小切手、借方メモ、貸方メモ、財務費用、顧客への請求書、顧客オーダー、仕入先オーダー、その他支払い、督促状、手形、ベンダからの請求書、出荷票、受領票、手修正、その他の列挙値による、元文書の説明。[設定値のリスト]_x000D_ (check：小切手)、(debit-memo：借方メモ)、(credit-memo：貸方メモ)、(finance-charge：財務費用)、(invoice：顧客への請求書)、(order-customer：顧客オーダ)、(order-vendor：仕入先オーダ)、(payment-other：その他支払い)、(reminder：督促状)、(tegata：手形)、(voucher：ベンダからの請求書)、(shipment：出荷票)、(receipt：受領票)、(manual-adjustment：手修正)、(other：その他),transactionDetailDocumentType,BT12-05,$.Business Transactions.Transaction_ Header.Transaction_ Detail.Document Type,btx,Transaction_ Detail
471,btx,4,A,,Document Type Description,String,0..1,,Free format description of the document type,元文書種別説明,元文書の種別の説明。,documentTypeDescription,BT12-06,$.Business Transactions.Transaction_ Header.Transaction_ Detail.Document Type Description,btx,Transaction_ Detail
472,cor,4,R,,Document,,0..1,,"Invoice, check, voucher, or other source document identifier",元文書番号,請求書、小切手、証憑、その他の元文書の識別子。,,BT12-07,$.Business Transactions.Transaction_ Header.Transaction_ Detail.Document,cor,Document
473,cor,5,A,REF,Document Number,String,0..1,,Document number,発生元文書番号,発生元文書の番号。,transactionDetailDocumentNumber,CO20-02,$.Business Transactions.Transaction_ Header.Transaction_ Detail.Document.Document Number,cor,Document
474,btx,4,A,,Document Date,Date Time,0..1,,"Date (and less likely in the paper world but possible in the e-world, time) on actual document (invoice, voucher, check date). Other dates control posting information.",元文書日付,実際の文書（請求書、証憑、小切手）の日付（および、紙の世界ではありそうにないが、電子的には時刻）。 転記の情報は別の日付で管理する。,transactionDetailDocumentDate,BT12-08,$.Business Transactions.Transaction_ Header.Transaction_ Detail.Document Date,btx,Transaction_ Detail
475,btx,4,A,,Received Date,Date Time,0..1,,Date/time document was noted as received (if necessary). Represents actual date received. Posting dates are maintained separately.,元文書受領日付,（必要であれば）文書の受領が記録された日付/時刻。実際に受領された日付をあらわす。転記日付は別に管理される。,transactionDetailReceivedDate,BT12-09,$.Business Transactions.Transaction_ Header.Transaction_ Detail.Received Date,btx,Transaction_ Detail
476,btx,4,A,,Document Location,String,0..1,,"Document location as URI, file name or other reference. Alternatively, text of document can be placed here.",元文書格納場所,文書の格納場所である、URI、ファイル名またはその他の参照情報。代わりに、文書のテキストも記述可能。,transactionDetailDocumentLocation,BT12-10,$.Business Transactions.Transaction_ Header.Transaction_ Detail.Document Location,btx,Transaction_ Detail
477,btx,4,A,,Posting Status,Token,0..1,,"deferred: although entered, it cannot be posted until a later time
posted: already posted
proposed: a proposed item that must be approved
simulated: a simulated item, for what-if
tax: a tax-specific entry
unposted:entered but not yet posted or validated
cancelled:entered and later cancelled
other:other status - should be described in postingStatusDescription",転記状態,"・据置：入力されたが、まだ転記できない。_x000D_
・転記済：転記済み。_x000D_
・提案済：検証が必要な項目。_x000D_
・シミュレーション：仮定のためにシミュレートされた項目。_x000D_
・税：税項目。_x000D_
・未転記：入力されたが、まだ検証も転記もされていない。_x000D_
・取消済：入力されたが、取り消された。_x000D_
・その他：その他の状態。postingStatusDescriptionで説明されるべき。_x000D_
[設定値のリスト]_x000D_
(deferred：据置)、(posted：転記済)、(proposed：提案済)、(simulated：シミュレーション)、(tax：税)、(unposted：未転記)、(cancelled：取消済)、(other：その他)",postingStatus,BT12-11,$.Business Transactions.Transaction_ Header.Transaction_ Detail.Posting Status,btx,Transaction_ Detail
478,btx,4,A,,Posting Status Description,String,0..1,,Free format description of the posting status,転記状態説明,転記状態の説明。,postingStatusDescription,BT12-12,$.Business Transactions.Transaction_ Header.Transaction_ Detail.Posting Status Description,btx,Transaction_ Detail
479,btx,4,A,,Description,String,0..1,,Description of this line of detail only,説明,この明細行のみに対する説明。,description,BT12-13,$.Business Transactions.Transaction_ Header.Transaction_ Detail.Description,btx,Transaction_ Detail
480,btx,4,A,,Acknowledgement Date,Date Time,0..1,,Date of acknowledgement of goods/services shipped/received.,承認日付,出荷/受領済みの物品/サービスを承認した日付。,acknowledgementDate,BT12-14,$.Business Transactions.Transaction_ Header.Transaction_ Detail.Acknowledgement Date,btx,Transaction_ Detail
481,btx,4,A,,Confirmation Date,Date Time,0..1,,Date of confirmation of shipment/receipt.,確認日付,出荷/受領を確認した日付。,confirmationDate,BT12-15,$.Business Transactions.Transaction_ Header.Transaction_ Detail.Confirmation Date,btx,Transaction_ Detail
482,btx,4,A,,Measurable Class Description,String,0..1,,Free format description associated with gl-ehm:measurableClassID to provide specialization or clarification for the enumerated value of other.,測定可能分類の説明,「その他」の列挙値を補足・特定するための自由記述形式の説明。,measurableClassDescription,BT12-16,$.Business Transactions.Transaction_ Header.Transaction_ Detail.Measurable Class Description,btx,Transaction_ Detail
483,btx,4,A,,Geospatial Coordinate,String,0..1,,"Enter a relevant location for this item. Format can be either:
- Degrees, minutes, and seconds (DMS): 41°24'12.2""N 2°10'26.5""E
- Degrees and decimal minutes (DMM): 41 24.2028, 2 10.4418
- Decimal degrees (DD): 41.40338, 2.17403",地理座標,"本項目の関連位置を入力。形式は以下のいずれか：
・度分秒 (DMS): 41°24'12.2""N 2°10'26.5""E
・度と小数分 (DMM): 41 24.2028, 2 10.4418
・10進度 (DD): 41.40338, 2.17403",geospatialCoordinate,BT12-17,$.Business Transactions.Transaction_ Header.Transaction_ Detail.Geospatial Coordinate,btx,Transaction_ Detail
484,taf,4,C,,Originating Document,,0..*,,"A tool to capture the flow of related documents in the business process. Some needs of end users require a greater history of the documents that are associated with a transaction, especially in the VAT audit area. Contains a repetitive class of related documents.",【発生元文書情報】,業務プロセス上の、関連文書の流れを捕捉するためのもの。特にVAT監査では、エンドユーザの要求として、取引に関係する文書の履歴が必要とされる。関連文書情報の構造の繰り返しを含む。,transactionDetailOriginatingDocument,BT12-18,$.Business Transactions.Transaction_ Header.Transaction_ Detail.Originating Document,taf,Originating Document
485,taf,5,A,,Document Type,Token,0..1,,"Document type  check, debit-memo, credit-memo, finance-charge, invoice, order-customer, order-vendor, payment-other, reminder, tegata, voucher, shipment, receipt, manual-adjustment, other.",発生元文書種別,発生元文書の種別。小切手(check)、借方メモ(debit-memo)、貸方メモ(credit-memo)、財務費用(finance-charge)、顧客への請求書(invoice)、顧客オーダ(order-customer)、仕入先オーダ(order-vendor)、その他支払い(payment-other)、督促状(reminder)、手形(tegata)、ベンダからの請求書(voucher)、出荷票(shipment)、受領票(receipt)、手修正(manual-adjustment)、その他(other),transactionDetailOriginatingDocumentType,TA01-01,$.Business Transactions.Transaction_ Header.Transaction_ Detail.Originating Document.Document Type,taf,Originating Document
486,taf,5,A,PK,Document Number,String,0..1,,Document number,発生元文書番号,発生元文書の番号。,transactionDetailOriginatingDocumentNumber,TA01-02,$.Business Transactions.Transaction_ Header.Transaction_ Detail.Originating Document.Document Number,taf,Originating Document
487,taf,5,A,,Document Date,Date,0..1,,Document date,発生元文書日付,発生元文書の日付。,transactionDetailOriginatingDocumentDate,TA01-03,$.Business Transactions.Transaction_ Header.Transaction_ Detail.Originating Document.Document Date,taf,Originating Document
488,taf,5,A,,Document Identifier Type,Token,0..1,,"Document identifier type. Enumerated as: C, customer, E, employee, V, vendor, O, other, I, salesperson-internal, X, salesperson-external, N, contractor.",発生元文書対象CVE種別,発生元文書の対象となるCVEの種別。_x000D_ [設定値のリスト]_x000D_ (C)、(customer：顧客)、(E)、(employee：従業員)、(V)、(vendor：仕入先)、(O)、(other：その他)、(I)、(salesperson-internal：店舗内販売員)、(X)、(salesperson-external：外交販売員)、(N)、(contractor：請負者),transactionDetailOriginatingDocumentIdentifierType,TA01-04,$.Business Transactions.Transaction_ Header.Transaction_ Detail.Originating Document.Document Identifier Type,taf,Originating Document
489,taf,5,A,,Document Identifier Code,String,0..1,,Document identifier code,発生元文書対象CVEコード,発生元文書の対象となるCVEのコード。,transactionDetailOriginatingDocumentIdentifierCode,TA01-05,$.Business Transactions.Transaction_ Header.Transaction_ Detail.Originating Document.Document Identifier Code,taf,Originating Document
490,taf,5,A,,Document Identifier Tax Code,Token,0..1,,Originating document identifier tax code,発生元文書対象CVE納税者コード,発生元文書の対象となるCVEの納税者コード。,transactionDetailOriginatingDocumentIdentifierTaxCode,TA01-06,$.Business Transactions.Transaction_ Header.Transaction_ Detail.Originating Document.Document Identifier Tax Code,taf,Originating Document
491,btx,4,A,,Detail_ Description,String,0..1,,Description of this line of detail only,説明,この明細行のみに対する説明。,detailDescription,BT12-19,$.Business Transactions.Transaction_ Header.Transaction_ Detail.Detail_ Description,btx,Transaction_ Detail
492,btx,4,A,,Detail_ Measurable Class Identifier,Token,0..1,,"An enumerated code to identify the inventory, fixed asset or other measurable class. Enumerated as: raw material, work-in-process, finished goods, assemblies, supplies, land, building, machinery, furniture, vehicles, other.",測定可能分類コード,在庫、固定資産、その他の測定可能な分類を識別するための列挙コード。列挙例：原材料、仕掛品、製品、組立品、備品、土地、建物、機械、家具、車両、その他。,detailMeasurableClassIdentifier,BT12-20,$.Business Transactions.Transaction_ Header.Transaction_ Detail.Detail_ Measurable Class Identifier,btx,Transaction_ Detail
493,btx,4,C,,Detail_ Amount Structure,,0..*,,"Structure representing monetary amounts and currency information applicable to an individual line, such as line-level net amounts, tax calculation bases, allowances, or charges.",【行金額構造】,個々の明細行に適用される金額や通貨情報（行レベルの正味金額、税計算基礎額、値引または追加請求など）を表現する構造。,detailAmountStructure,BT12-21,$.Business Transactions.Transaction_ Header.Transaction_ Detail.Detail_ Amount Structure,btx,Detail_ Amount Structure
494,btx,5,A,,Amount,Monetary,1,,Numeric value of the monetary amount expressed in the specified currency.,金額,指定された通貨で表現された金額の数値。,detailAmountStructureAmount,BT02-01,$.Business Transactions.Transaction_ Header.Transaction_ Detail.Detail_ Amount Structure.Amount,btx,Detail_ Amount Structure
495,btx,5,A,,Amount Type,Token,0..1,,"Code or text specifying the type or role of the amount, such as tax amount, tax base amount, allowance amount, or charge amount.",金額種別,税額、課税標準額、値引金額、追加請求金額など、金額の種類または役割を指定するコードまたはテキスト。,detailAmountStructureAmountType,BT02-02,$.Business Transactions.Transaction_ Header.Transaction_ Detail.Detail_ Amount Structure.Amount Type,btx,Detail_ Amount Structure
496,btx,5,A,,Currency Code,Token,0..1,,"Code specifying the currency in which the amount is expressed, typically an ISO 4217 currency code.",通貨コード,金額が表現される通貨を指定するコード。通常は ISO 4217 通貨コードを用いる。,detailAmountStructureCurrencyCode,BT02-03,$.Business Transactions.Transaction_ Header.Transaction_ Detail.Detail_ Amount Structure.Currency Code,btx,Detail_ Amount Structure
497,btx,5,A,,Currency Code Type,Token,0..1,,"Code specifying the role of the currency used for the amount, such as functional currency, local currency, reporting currency, or transaction currency.",通貨コード種別,金額に対する通貨の役割（機能通貨、ローカル通貨、報告通貨、取引通貨など）を指定するコード。,detailAmountStructureCurrencyCodeType,BT02-04,$.Business Transactions.Transaction_ Header.Transaction_ Detail.Detail_ Amount Structure.Currency Code Type,btx,Detail_ Amount Structure
498,btx,5,A,,Detail_ Amount Type,String,0..1,,"Code or text specifying the type or role of the amount, such as tax amount, tax base amount, allowance amount, or charge amount.",金額種別,税額、課税標準額、値引金額、追加請求金額など、金額の種類または役割を指定するコードまたはテキスト。,detailAmountType,BT02-05,$.Business Transactions.Transaction_ Header.Transaction_ Detail.Detail_ Amount Structure.Detail_ Amount Type,btx,Detail_ Amount Structure
