sequence,module,level,type,identifier,name,datatype,multiplicity,value_domain,definition,label_local,definition_local,source_bsm_id,semantic_path,associated_module,class_term,local_name,xpath
1,btx,1,C,,Business Transactions,,1..*,,"Economic event represented by one or more business documents and corresponding accounting entries, such as orders, shipments, invoices, and journal entries.",【ビジネス取引】,XBRL GLのルート要素。 注文、出荷、請求書およびそれに対応する仕訳など、1つまたは複数の業務文書と会計仕訳によって表現される経済事象。,BT14,$.btx_BusinessTransactions,btx,Business Transactions,businessTransactions,/xbrli:xbrl/gl-btx:businessTransactions
2,cor,2,C,,Document Information,,1..1,,Parent for descriptive information about the Transaction Entries Class in which it is contained.,【文書情報】,この取引文書に関する情報の親タグ。,BT14-01,$.btx_BusinessTransactions.btx_DocumentInformation,cor,Document Information,documentInformation,/xbrli:xbrl/gl-btx:businessTransactions/gl-cor:documentInformation
3,cor,3,A,,Document Type,Token,1,,"account: information to fill in a chart of accounts file.  
balance: the results of accumulation of a complete and validated list of entries for an account (or a list of account) in a specific period - sometimes called general ledger  
entries: a list of individual accounting entries, which might be posted/validated or nonposted/validated   
journal: a self-balancing (Dr = Cr) list of entries for a specific period including beginning balance for that period.  
ledger: a complete list of entries for a specific account (or list of accounts) for a specific period; note - debits do not have to equal credits.   
assets: a listing of open receivables, payables, inventory, fixed assets or other information that can be extracted from but are not necessarily included as part of a journal entry.  
trialBalance: the self-balancing (Dr = Cr) result of accumulation of a complete and validated list of entries for the entity in a complete list of accounts in a specific period. 
taxtables: aids automated interpretation of instances that represent tax tables; Tax table are defined by using multiple [taxes] classs to gather the population of codes, authorities and rates; through [taxTableCode] cross-references in the [taxes] class, these ""master file"" tax tables can be referenced. 
mapping: a collection of mappings between interrelated data sets, such as a local and related corporate standard chart of accounts or detail data mapped to summarized end reporting concepts.   
versioning: a collection of changes between two versions of the same class of information, such as updates to a master file like a chart of accounts.   
master_file: a collection of master files, such as the customer or inventory master file.   
trade_documents: a collection of trade/transactional documents, such as vendor invoices or customer orders.   
profile_compliant: the meaning of this collection of information can be determined by understanding an established profile and especially an XBRL GL Profile. Profiles are determined through namespace declarations, schemaRef and conventions of those profiles.   
other: for all other types of representations.

Often sorted by date or by account, these terms have specific, and sometimes different, meanings in different areas. Common practice will drive accounting method/term matches.",文書種別,・科目:科目体系ファイルの情報。_x005F_x000D_ ・残高:特定の期間について、勘定科目(または勘定科目リスト)の、完了し検証された仕訳リストの累算結果。時に総勘定元帳と呼ばれる。_x005F_x000D_ ・仕訳:個々の勘定記入のリスト。転記/検証されていることもあり、されていないこともある。_x005F_x000D_ ・仕訳帳:特定の期間における、その期間の開始残高を含む貸借が一致(Dr=Cr)した仕訳のリスト 。_x005F_x000D_ ・元帳:特定の期間における特定の勘定科目(または勘定科目リスト)についての、仕訳の全リスト 。注意－貸借が一致する必要はない。_x005F_x000D_ ・資産:仕訳記入の一部として必ずしも含まれていないが、そこから抽出可能な売掛金、買掛金、在庫、固定資産、その他の情報のリスト。_x005F_x000D_ ・試算表:事業体に対する、特定期間の全勘定科目リストでの、完了し検証された仕訳リストの、貸借が一致（Dr=Cr)した累算結果。_x005F_x000D_ ・税率表:税率表をあらわすデータを自動的に解釈できるようにする。税率表は、コード、税務当局情報、レートをあらわす複数のtaxes構造データを使って定義される。taxTableCodeはtaxes構造データ内で相互に参照されるが、これらのマスタファイルが参照可能。_x005F_x000D_ ・マッピング情報:互いに関係があるデータセットの間の対応関係を集めたもの。例えば、企業グループ内の各会社で使用する勘定科目と全社勘定科目との対応付け、または明細データと最終的な報告書上の要約された科目への対応付け。 ・差分情報:同じクラス（種類）で異なるバージョンを持つ項目の変更・差分情報。例えば、勘定科目一覧のようなマスタファイルの特定科目の更新情報など。  ・マスターファイル:マスタファイルの一覧。例えば、顧客マスタ又は在庫/棚卸マスタなど。  ・取引伝票:取引に用いる情報の集合。例えば、納入業者からのインボイス 又は顧客からの受注情報など。  ・プロファイル情報:確立された文書説明情報及び特にXBRL GLプロファイルを理解し決定するこの情報の集合の意味を示す。説明情報は、名前空間宣言、スキーマ参照及びこれらの規約を通して決定する。  ・その他：その他のすべての表現形式  多くの場合、日付または科目によりソートされる。会計処理方法や用語は慣行により適合させる。_x005F_x000D_ [設定値のリスト]_x005F_x000D_ (account：科目)、(balance：残高)、(entries：仕訳)、(journal：仕訳帳)、(ledger：元帳)、(assets：資産)、(trialbalance：試算表)、(taxtables：税率表)、(other：その他)_x005F_x000D_、(Mapping：マッピング情報)、(versioning：差分情報)、(master_file：マスターファイル)、(trade_documents：取引伝票)、(profile_compliant：プロファイル情報)、(other：その他),CO10-01,$.btx_BusinessTransactions.btx_DocumentInformation.cor_DocumentType,cor,Document Information,documentType,/xbrli:xbrl/gl-btx:businessTransactions/gl-cor:documentInformation/gl-cor:documentType
4,cor,3,A,PK,Audit Number,String,1,,Unique identifier for this file.,監査番号,このファイルの一意識別子。,CO10-02,$.btx_BusinessTransactions.btx_DocumentInformation.cor_AuditNumber,cor,Document Information,auditNumber,/xbrli:xbrl/gl-btx:businessTransactions/gl-cor:documentInformation/gl-cor:auditNumber
5,cor,3,A,,Revises Audit Number,String,0..1,,"If this batch of information revises a previous batch of information, this field identifies the previous batch that is being revised. 'uniqueID' of the previous batch goes here. Developers should consider exception reporting.",改訂前監査番号,この仕訳の束が以前の仕訳の束を改訂する場合に、以前の束を示す。元の文書のuniqueIDが指定される。開発者は、例外報告を考慮すべきである。,CO10-03,$.btx_BusinessTransactions.btx_DocumentInformation.cor_RevisesAuditNumber,cor,Document Information,revisesAuditNumber,/xbrli:xbrl/gl-btx:businessTransactions/gl-cor:documentInformation/gl-cor:revisesAuditNumber
6,cor,3,A,,Action to Take with Previous Data,Token,0..1,,Provides guidance on action to take with previous set of data: supersedes - old data should be considered as obsolete/overwritten; supplements - belongs with that data as if it was included with it.,改訂前データ処置,"以前のデータの束に対する操作のガイダンス。 取替え-古いデータを無効にし上書きする。_x005F_x000D_
補完-元々含まれていたかのように、そのデータに所属させる。_x005F_x000D_
[設定値のリスト]_x005F_x000D_
(supplement：補完)、(supersede：取替え)",CO10-04,$.btx_BusinessTransactions.btx_DocumentInformation.cor_ActiontoTakewithPreviousData,cor,Document Information,actionToTakeWithPreviousData,/xbrli:xbrl/gl-btx:businessTransactions/gl-cor:documentInformation/gl-cor:actionToTakeWithPreviousData
7,cor,3,A,,Language,QName,0..1,,"Primary language of the intellectual content. Where practical, the content of this field should coincide with ISO 639-1988 language codes.",言語,主要言語。 実用的には、このフィールドの内容はISO639-1988言語コードに一致すべきである。,CO10-05,$.btx_BusinessTransactions.btx_DocumentInformation.cor_Language,cor,Document Information,language,/xbrli:xbrl/gl-btx:businessTransactions/gl-cor:documentInformation/gl-cor:language
8,cor,3,A,,Creation Date,Date Time,0..1,,Date/time file was created.,作成日付,ファイルが作成された日付/時間。,CO10-06,$.btx_BusinessTransactions.btx_DocumentInformation.cor_CreationDate,cor,Document Information,creationDate,/xbrli:xbrl/gl-btx:businessTransactions/gl-cor:documentInformation/gl-cor:creationDate
9,cor,3,A,,Creator,String,0..1,,Identifies the creator of the XBRL instance.,作成者,ファイルの作成者の識別子。,CO10-07,$.btx_BusinessTransactions.btx_DocumentInformation.cor_Creator,cor,Document Information,creator,/xbrli:xbrl/gl-btx:businessTransactions/gl-cor:documentInformation/gl-cor:creator
10,cor,3,A,,Document Comment,String,0..1,,Text for entire document.,文書コメント,文書全体に対する説明文。,CO10-08,$.btx_BusinessTransactions.btx_DocumentInformation.cor_DocumentComment,cor,Document Information,documentComment,/xbrli:xbrl/gl-btx:businessTransactions/gl-cor:documentInformation/gl-cor:documentComment
11,cor,3,A,,Period Covered Start,Date Time,0..1,,"Start of date range for contents. Used as basis for many assumptions about data, including the date as of which open balances are open.",対象期間開始日付,内容の日付範囲の開始日。 残高の開始日付などの、データに関する多くの仮定の基礎として使用される。,CO10-09,$.btx_BusinessTransactions.btx_DocumentInformation.cor_PeriodCoveredStart,cor,Document Information,periodCoveredStart,/xbrli:xbrl/gl-btx:businessTransactions/gl-cor:documentInformation/gl-cor:periodCoveredStart
12,cor,3,A,,Period Covered End,Date Time,0..1,,"End of date range for contents. Used as basis for many assumptions about data, including the date as of which open balances are open.",対象期間終了日付,内容の日付範囲の終了日。 残高の開始日付などの、データに関する多くの仮定の基礎として使用される。,CO10-10,$.btx_BusinessTransactions.btx_DocumentInformation.cor_PeriodCoveredEnd,cor,Document Information,periodCoveredEnd,/xbrli:xbrl/gl-btx:businessTransactions/gl-cor:documentInformation/gl-cor:periodCoveredEnd
13,cor,3,A,,Period Count,Decimal,0..1,,"Number of periods or buckets, used by postingCode. Used to interpret posting date. It may be preferable to limit entries by period covered to be by individual reporting period.",期間数,postingCodeで使用される期間又はバケットの数。 転記日付を説明するために使用される。対象期間の仕訳を個々の報告期間に限定することが望ましいかもしれない。,CO10-11,$.btx_BusinessTransactions.btx_DocumentInformation.cor_PeriodCount,cor,Document Information,periodCount,/xbrli:xbrl/gl-btx:businessTransactions/gl-cor:documentInformation/gl-cor:periodCount
14,cor,3,A,,Period Unit,Token,0..1,,"Type of periods covered by periodCount. Enumerated as: daily, weekly, bi-weekly, semi-monthly, monthly, quarterly, thirdly, semiannual, annual, ad-hoc, current-period-only, other.",期間単位,"periodCountで対象とする期間の種別。_x005F_x000D_
[設定値のリスト]_x005F_x000D_
(daily：日次)、(weekly：週次)、(bi-weekly：隔週)、(semi-monthly：半月ごと)、(monthly：月次)、(quarterly：四半期ごと)、(thirdly：年3回)、(semiannual：半年ごと)、(annual：年次)、(ad-hoc：随時)、(current-period-only：当期)、(other：その他)",CO10-12,$.btx_BusinessTransactions.btx_DocumentInformation.cor_PeriodUnit,cor,Document Information,periodUnit,/xbrli:xbrl/gl-btx:businessTransactions/gl-cor:documentInformation/gl-cor:periodUnit
15,cor,3,A,,Period Unit Description,String,0..1,,Free format description of the period unit,期間単位説明,対象期間単位の説明。,CO10-13,$.btx_BusinessTransactions.btx_DocumentInformation.cor_PeriodUnitDescription,cor,Document Information,periodUnitDescription,/xbrli:xbrl/gl-btx:businessTransactions/gl-cor:documentInformation/gl-cor:periodUnitDescription
16,cor,3,A,,Source Application,String,0..1,,"Product or service that produced this file. Used by many systems (e.g., VAT). Version number can be included or extended.",作成元アプリケーション,このファイルを作り出した製品又はサービス。 多くのシステム(例えば、VATなど)で、使用される。 バージョン番号を含むことも可能。,CO10-14,$.btx_BusinessTransactions.btx_DocumentInformation.cor_SourceApplication,cor,Document Information,sourceApplication,/xbrli:xbrl/gl-btx:businessTransactions/gl-cor:documentInformation/gl-cor:sourceApplication
17,cor,3,A,,Target Application,String,0..1,,Particular use for which file was generated.,対象アプリケーション,ファイルが作成された用途。,CO10-15,$.btx_BusinessTransactions.btx_DocumentInformation.cor_TargetApplication,cor,Document Information,targetApplication,/xbrli:xbrl/gl-btx:businessTransactions/gl-cor:documentInformation/gl-cor:targetApplication
18,cor,3,A,,Default Currency,QName,0..1,,"The default currency related to the amount can be entered here instead of the XBRL instance specified way, especially important in multi-currency situations. Recommend ISO 4217 coding",既定通貨,XBRLインスタンス内に指定する方法のかわりに、金額の既定の通貨を指定可能。多通貨環境で特に重要。ISO4217コード体系を推奨。,CO10-16,$.btx_BusinessTransactions.btx_DocumentInformation.cor_DefaultCurrency,cor,Document Information,defaultCurrency,/xbrli:xbrl/gl-btx:businessTransactions/gl-cor:documentInformation/gl-cor:defaultCurrency
19,lnk,3,C,,Summary Reporting Taxonomies,,0..*,,Identifies and provides information about one or more target reporting taxonomies to which the data represented in the document rolls up to.,【集約報告タクソノミ】,この文書で示されたデータのロールアップ先となる、1つ以上の報告タクソノミの情報を、識別し提供する。,CO10-17,$.btx_BusinessTransactions.btx_DocumentInformation.cor_SummaryReportingTaxonomies,lnk,Summary Reporting Taxonomies,summaryReportingTaxonomies,/xbrli:xbrl/gl-btx:businessTransactions/gl-cor:documentInformation/gl-lnk:summaryReportingTaxonomies
20,lnk,4,A,,Summary Reporting Taxonomy ID,String,0..1,,"Identifies a target reporting taxonomy so that, for example, it can be referenced in the [summaryReportingTaxonomyIDRef] data field at [xbrlInfo] level.",集約報告タクソノミ識別子,たとえばxbrlInfo内のsummaryReportingTaxonomyIDRefで参照できるように、報告タクソノミを識別する。,LN02-01,$.btx_BusinessTransactions.btx_DocumentInformation.cor_SummaryReportingTaxonomies.lnk_SummaryReportingTaxonomyID,lnk,Summary Reporting Taxonomies,summaryReportingTaxonomyId,/xbrli:xbrl/gl-btx:businessTransactions/gl-cor:documentInformation/gl-lnk:summaryReportingTaxonomies/gl-lnk:summaryReportingTaxonomyId
21,lnk,4,A,,Summary Reporting Taxonomy Schema Reference Href Attribute,String,0..1,,Value of the href attribute of schemaRef in the target reporting taxonomy.,集約報告タクソノミスキーマ参照情報,報告タクソノミ内の、schemaRef要素のhref属性の値。,LN02-02,$.btx_BusinessTransactions.btx_DocumentInformation.cor_SummaryReportingTaxonomies.lnk_SummaryReportingTaxonomySchemaReferenceHrefAttribute,lnk,Summary Reporting Taxonomies,summaryReportingTaxonomySchemaReferenceHrefAttribute,/xbrli:xbrl/gl-btx:businessTransactions/gl-cor:documentInformation/gl-lnk:summaryReportingTaxonomies/gl-lnk:summaryReportingTaxonomySchemaReferenceHrefAttribute
22,lnk,4,A,,Summary Reporting Taxonomy Header,String,0..1,,An all-purpose data field where all the information necessary when it is too complex to be defined otherwise.,集約報告タクソノミヘッダ,必要なすべての情報が、複雑すぎて他の方法では定義できないときに、それらを記述する汎用的なデータ域。,LN02-03,$.btx_BusinessTransactions.btx_DocumentInformation.cor_SummaryReportingTaxonomies.lnk_SummaryReportingTaxonomyHeader,lnk,Summary Reporting Taxonomies,summaryReportingTaxonomyHeader,/xbrli:xbrl/gl-btx:businessTransactions/gl-cor:documentInformation/gl-lnk:summaryReportingTaxonomies/gl-lnk:summaryReportingTaxonomyHeader
23,lnk,4,A,,Summary Reporting Taxonomy Description,String,0..1,,A description of the taxonomy for human use.,集約報告タクソノミ説明,人が利用するための、タクソノミの説明文。,LN02-04,$.btx_BusinessTransactions.btx_DocumentInformation.cor_SummaryReportingTaxonomies.lnk_SummaryReportingTaxonomyDescription,lnk,Summary Reporting Taxonomies,summaryReportingTaxonomyDescription,/xbrli:xbrl/gl-btx:businessTransactions/gl-cor:documentInformation/gl-lnk:summaryReportingTaxonomies/gl-lnk:summaryReportingTaxonomyDescription
24,cor,2,C,,Entity_ Party,,0..1,,Holder for entity information - information about the reporting organization.,【事業体情報】,事業体情報（報告組織に関する情報）の入れ物。,BT14-02,$.btx_BusinessTransactions.btx_EntityParty,cor,Entity_ Party,entityParty,/xbrli:xbrl/gl-btx:businessTransactions/gl-cor:entityParty
25,cor,3,A,,Party Name,String,0..1,,Name by which the party is identified.,当事者名,当事者を識別するための名称。,CO14-01,$.btx_BusinessTransactions.btx_EntityParty.cor_PartyName,cor,Entity_ Party,partyName,/xbrli:xbrl/gl-btx:businessTransactions/gl-cor:entityParty/gl-cor:partyName
26,cor,3,A,,Party ID,String,0..1,,Identifier assigned to the party.,当事者識別子,当事者を識別するために付与された識別子。,CO14-02,$.btx_BusinessTransactions.btx_EntityParty.cor_PartyID,cor,Entity_ Party,partyId,/xbrli:xbrl/gl-btx:businessTransactions/gl-cor:entityParty/gl-cor:partyId
27,cor,3,A,,Party Role,Token,0..1,,Role performed by the party in the applicable business context.,当事者役割,当該業務コンテキストにおいて当事者が果たす役割。,CO14-03,$.btx_BusinessTransactions.btx_EntityParty.cor_PartyRole,cor,Entity_ Party,partyRole,/xbrli:xbrl/gl-btx:businessTransactions/gl-cor:entityParty/gl-cor:partyRole
28,cor,3,A,,Party Business Description,String,0..1,,Description of the nature of the business of the party.,業種説明,当事者が営む事業の種類または内容についての説明。,CO14-04,$.btx_BusinessTransactions.btx_EntityParty.cor_PartyBusinessDescription,cor,Entity_ Party,partyBusinessDescription,/xbrli:xbrl/gl-btx:businessTransactions/gl-cor:entityParty/gl-cor:partyBusinessDescription
29,bus,3,C,,Party_ Phone,,0..*,,Primary phone number of the party.,【事業体電話番号】,事業体の主要電話番号情報。,CO14-05,$.btx_BusinessTransactions.btx_EntityParty.cor_PartyPhone,bus,Party_ Phone,entityPartyPhone,/xbrli:xbrl/gl-btx:businessTransactions/gl-cor:entityParty/gl-bus:partyPhone
30,bus,4,A,PK,Phone Number,String,1,,Phone number referred to in Phone Number Description'\.,電話番号,電話番号用途で示される電話番号。,BU01-01,$.btx_BusinessTransactions.btx_EntityParty.cor_PartyPhone.bus_PhoneNumber,bus,Party_ Phone,entityPartyPhoneNumber,/xbrli:xbrl/gl-btx:businessTransactions/gl-cor:entityParty/gl-bus:partyPhone/gl-bus:phoneNumber
31,bus,4,A,,Phone Number Description,String,0..1,,"Entity Phone Number Description such as Main, Investor relations. Enumerated as: bookkeeper, controller, direct, fax, investor-relations, main, switchboard, other.",電話番号用途,"代表、IR用などの、電話番号の用途。
[設定値のリスト]
(bookkeeper：記帳係)、(controller：会計責任者)、(direct：直通)、(fax：FAX)、(investor-relations：IR窓口)、(main：代表)、(switchboard：交換台)、(other：その他)",BU01-02,$.btx_BusinessTransactions.btx_EntityParty.cor_PartyPhone.bus_PhoneNumberDescription,bus,Party_ Phone,entityPartyPhoneNumberDescription,/xbrli:xbrl/gl-btx:businessTransactions/gl-cor:entityParty/gl-bus:partyPhone/gl-bus:phoneNumberDescription
32,bus,3,C,,Party_ Fax,,0..*,,Class for holding company fax information.,【事業体FAX番号】,事業体のFAX番号情報のタプル。,CO14-06,$.btx_BusinessTransactions.btx_EntityParty.cor_PartyFax,bus,Party_ Fax,entityPartyFax,/xbrli:xbrl/gl-btx:businessTransactions/gl-cor:entityParty/gl-bus:partyFax
33,bus,4,A,PK,Fax Number,String,1,,Fax Number,FAX番号,FAX番号。,BU06-01,$.btx_BusinessTransactions.btx_EntityParty.cor_PartyFax.bus_FaxNumber,bus,Party_ Fax,entityPartyFaxNumber,/xbrli:xbrl/gl-btx:businessTransactions/gl-cor:entityParty/gl-bus:partyFax/gl-bus:faxNumber
34,bus,4,A,,Fax Number Usage,String,0..1,,"Fax number usage (e.g. orders, head office, IR)",FAX番号用途,FAX番号の用途。(注文、本社、IRなど),BU06-02,$.btx_BusinessTransactions.btx_EntityParty.cor_PartyFax.bus_FaxNumberUsage,bus,Party_ Fax,entityPartyFaxNumberUsage,/xbrli:xbrl/gl-btx:businessTransactions/gl-cor:entityParty/gl-bus:partyFax/gl-bus:faxNumberUsage
35,bus,3,C,,Party_ Email,,0..*,,Class for holding company email information.,【事業体Eメールアドレス】,事業体のEメールアドレス情報のタプル。,CO14-07,$.btx_BusinessTransactions.btx_EntityParty.cor_PartyEmail,bus,Party_ Email,entityPartyEmail,/xbrli:xbrl/gl-btx:businessTransactions/gl-cor:entityParty/gl-bus:partyEmail
36,bus,4,A,PK,Email Address,String,1,,Email Address,Eメールアドレス,Eメールアドレス。,BU11-01,$.btx_BusinessTransactions.btx_EntityParty.cor_PartyEmail.bus_EmailAddress,bus,Party_ Email,entityPartyEmailAddress,/xbrli:xbrl/gl-btx:businessTransactions/gl-cor:entityParty/gl-bus:partyEmail/gl-bus:emailAddress
37,bus,4,A,,Email Address Usage,String,0..1,,"Email address usage (e.g. orders, head office, IR)",Eメールアドレス用途,Eメールアドレスの用途。(注文、本社、IRなど),BU11-02,$.btx_BusinessTransactions.btx_EntityParty.cor_PartyEmail.bus_EmailAddressUsage,bus,Party_ Email,entityPartyEmailAddressUsage,/xbrli:xbrl/gl-btx:businessTransactions/gl-cor:entityParty/gl-bus:partyEmail/gl-bus:emailAddressUsage
38,bus,3,C,,Organization Identifier,,0..*,,Class which contains various identifiers for theparty.,【識別子】,組織に関する様々な識別子を含むセクション。,CO14-08,$.btx_BusinessTransactions.btx_EntityParty.cor_OrganizationIdentifier,bus,Organization Identifier,organizationIdentifier,/xbrli:xbrl/gl-btx:businessTransactions/gl-cor:entityParty/gl-bus:organizationIdentifier
39,bus,4,A,PK,Organization Identifier Code,String,1,,"Code representing the company or organization whose data this file represents: used for situations where one user (e.g., a CPA) needs to keep track of multiple organizations' files (e.g., multiple clients). Can be EIN#, client #, internal/external identifier, SIC code. Codes which identifies the entity. Includes the code identifier of the authority issuing the code, a colon, and the code itself. For example, CIK:01234567 for the CIK number issued by SEC EDGAR.",事業体識別子,このファイルでデータを表現している会社や組織のコード。ひとりのユーザ(例えば、公認会計士)が複数の組織(例えば、複数の顧客)のファイルを把握する必要がある場合に使用される。 EIN番号、顧客番号、内部/外部識別子、SICコードであってよい。事業体の識別子をコード化する。コードを発行する権威ある組織のコード識別子、コロン、およびコードそのものを含む。 例えば、SEC　EDGARが発行したCIK番号　CIK: 01234567。,BU30-01,$.btx_BusinessTransactions.btx_EntityParty.cor_OrganizationIdentifier.bus_OrganizationIdentifierCode,bus,Organization Identifier,organizationIdentifierCode,/xbrli:xbrl/gl-btx:businessTransactions/gl-cor:entityParty/gl-bus:organizationIdentifier/gl-bus:organizationIdentifierCode
40,bus,4,A,,Organization Identifier Purpose,String,0..1,,Purpose or role for which the organization identifier is used.,組織識別子用途,組織識別子が使用される目的または役割を示す。,BU30-02,$.btx_BusinessTransactions.btx_EntityParty.cor_OrganizationIdentifier.bus_OrganizationIdentifierPurpose,bus,Organization Identifier,organizationIdentifierPurpose,/xbrli:xbrl/gl-btx:businessTransactions/gl-cor:entityParty/gl-bus:organizationIdentifier/gl-bus:organizationIdentifierPurpose
41,bus,4,A,,Organization Identifier Issuing Agency,String,0..1,,Organization or authority that issued or assigned the organization identifier.,組織識別子発行機関,組織識別子を発行または付与した組織若しくは機関。,BU30-03,$.btx_BusinessTransactions.btx_EntityParty.cor_OrganizationIdentifier.bus_OrganizationIdentifierIssuingAgency,bus,Organization Identifier,organizationIdentifierIssuingAgency,/xbrli:xbrl/gl-btx:businessTransactions/gl-cor:entityParty/gl-bus:organizationIdentifier/gl-bus:organizationIdentifierIssuingAgency
42,bus,4,A,,Organization Identifier Description,String,0..1,,Text describing the organization identified by the organization identifier. Includes any relevant information about the code itself (e.g. issuing authority).,事業体説明,事業体識別子によって特定された組織の説明文。 コードに関するなんらかの記述情報。,BU30-04,$.btx_BusinessTransactions.btx_EntityParty.cor_OrganizationIdentifier.bus_OrganizationIdentifierDescription,bus,Organization Identifier,organizationIdentifierDescription,/xbrli:xbrl/gl-btx:businessTransactions/gl-cor:entityParty/gl-bus:organizationIdentifier/gl-bus:organizationIdentifierDescription
43,bus,3,C,,Party_ Address,,0..*,,Address class for the party,【住所】,報告事業体の住所構造体。,CO14-09,$.btx_BusinessTransactions.btx_EntityParty.cor_PartyAddress,bus,Party_ Address,entityPartyAddress,/xbrli:xbrl/gl-btx:businessTransactions/gl-cor:entityParty/gl-bus:partyAddress
44,bus,4,A,,Name,String,0..1,,Address Name,住所名,住所の名前。,BU21-01,$.btx_BusinessTransactions.btx_EntityParty.cor_PartyAddress.bus_Name,bus,Party_ Address,entityPartyAddressName,/xbrli:xbrl/gl-btx:businessTransactions/gl-cor:entityParty/gl-bus:partyAddress/gl-bus:name
45,bus,4,A,,Description,String,0..1,,Address Description,住所説明,住所の説明。,BU21-02,$.btx_BusinessTransactions.btx_EntityParty.cor_PartyAddress.bus_Description,bus,Party_ Address,entityPartyAddressDescription,/xbrli:xbrl/gl-btx:businessTransactions/gl-cor:entityParty/gl-bus:partyAddress/gl-bus:description
46,bus,4,A,,Purpose,String,0..1,,Address Purpose,住所目的,住所の目的。,BU21-03,$.btx_BusinessTransactions.btx_EntityParty.cor_PartyAddress.bus_Purpose,bus,Party_ Address,entityPartyAddressPurpose,/xbrli:xbrl/gl-btx:businessTransactions/gl-cor:entityParty/gl-bus:partyAddress/gl-bus:purpose
47,bus,4,A,,Location ID,String,0..1,,A code used to identify the location and to associate it with contacts and transactions,所在地識別子,所在地を識別したり、窓口や取引と関係付けるコード。,BU21-04,$.btx_BusinessTransactions.btx_EntityParty.cor_PartyAddress.bus_LocationID,bus,Party_ Address,entityPartyAddressLocationId,/xbrli:xbrl/gl-btx:businessTransactions/gl-cor:entityParty/gl-bus:partyAddress/gl-bus:locationId
48,bus,4,A,,Building Number,String,0..1,,Building Number,住所建物番号,建物番号。,BU21-05,$.btx_BusinessTransactions.btx_EntityParty.cor_PartyAddress.bus_BuildingNumber,bus,Party_ Address,entityPartyAddressBuildingNumber,/xbrli:xbrl/gl-btx:businessTransactions/gl-cor:entityParty/gl-bus:partyAddress/gl-bus:buildingNumber
49,bus,4,A,,Street,String,0..1,,Street address,住所通り,住所の通り。,BU21-06,$.btx_BusinessTransactions.btx_EntityParty.cor_PartyAddress.bus_Street,bus,Party_ Address,entityPartyAddressStreet,/xbrli:xbrl/gl-btx:businessTransactions/gl-cor:entityParty/gl-bus:partyAddress/gl-bus:street
50,bus,4,A,,Address Detail,String,0..1,,Address Detail,住所詳細,住所詳細。,BU21-07,$.btx_BusinessTransactions.btx_EntityParty.cor_PartyAddress.bus_AddressDetail,bus,Party_ Address,entityPartyAddressDetail,/xbrli:xbrl/gl-btx:businessTransactions/gl-cor:entityParty/gl-bus:partyAddress/gl-bus:addressDetail
51,bus,4,A,,City,String,0..1,,City,住所都市,住所の都市。,BU21-08,$.btx_BusinessTransactions.btx_EntityParty.cor_PartyAddress.bus_City,bus,Party_ Address,entityPartyAddressCity,/xbrli:xbrl/gl-btx:businessTransactions/gl-cor:entityParty/gl-bus:partyAddress/gl-bus:city
52,bus,4,A,,State or Province,String,0..1,,"State, province or region",住所州,住所の州や地方。,BU21-09,$.btx_BusinessTransactions.btx_EntityParty.cor_PartyAddress.bus_StateorProvince,bus,Party_ Address,entityPartyAddressStateOrProvince,/xbrli:xbrl/gl-btx:businessTransactions/gl-cor:entityParty/gl-bus:partyAddress/gl-bus:stateOrProvince
53,bus,4,A,,Country,String,0..1,,Country,住所国,住所の国。,BU21-10,$.btx_BusinessTransactions.btx_EntityParty.cor_PartyAddress.bus_Country,bus,Party_ Address,entityPartyAddressCountry,/xbrli:xbrl/gl-btx:businessTransactions/gl-cor:entityParty/gl-bus:partyAddress/gl-bus:country
54,bus,4,A,,Zip or Postal Code,String,0..1,,Zip or other postal code,住所郵便番号,住所の郵便番号。,BU21-11,$.btx_BusinessTransactions.btx_EntityParty.cor_PartyAddress.bus_ZiporPostalCode,bus,Party_ Address,entityPartyAddressZipOrPostalCode,/xbrli:xbrl/gl-btx:businessTransactions/gl-cor:entityParty/gl-bus:partyAddress/gl-bus:zipOrPostalCode
55,bus,4,A,,Active Indicator,Boolean,0..1,,"Boolean to indicate whether the address is active (=""true"") or inactive (=""false"")",住所有効性,住所が有効か無効かを示すブール値。,BU21-12,$.btx_BusinessTransactions.btx_EntityParty.cor_PartyAddress.bus_ActiveIndicator,bus,Party_ Address,entityPartyAddressActiveIndicator,/xbrli:xbrl/gl-btx:businessTransactions/gl-cor:entityParty/gl-bus:partyAddress/gl-bus:activeIndicator
56,bus,3,C,,Party_ Web Site,,0..*,,Primary web site of the party.,【事業体Webサイト】,事業体の代表ウェブサイト。,CO14-10,$.btx_BusinessTransactions.btx_EntityParty.cor_PartyWebSite,bus,Party_ Web Site,entityPartyWebSite,/xbrli:xbrl/gl-btx:businessTransactions/gl-cor:entityParty/gl-bus:partyWebSite
57,bus,4,A,PK,Web Site URL,anyURI,1,,Valid URL of the web site. Should be full URL.,WebサイトURL,ウェブサイトの有効なURL。 完全なURLであるべき。,BU16-01,$.btx_BusinessTransactions.btx_EntityParty.cor_PartyWebSite.bus_WebSiteURL,bus,Party_ Web Site,entityPartyWebSiteUrl,/xbrli:xbrl/gl-btx:businessTransactions/gl-cor:entityParty/gl-bus:partyWebSite/gl-bus:webSiteUrl
58,bus,4,A,,Web Site Description,String,0..1,,Description of the web site.,Webサイト説明,ウェブサイトの説明。,BU16-02,$.btx_BusinessTransactions.btx_EntityParty.cor_PartyWebSite.bus_WebSiteDescription,bus,Party_ Web Site,entityPartyWebSiteDescription,/xbrli:xbrl/gl-btx:businessTransactions/gl-cor:entityParty/gl-bus:partyWebSite/gl-bus:webSiteDescription
59,bus,3,C,,Party_ Contact,,0..*,,Information about contacts.,【担当者情報】,担当者に関する情報。,CO14-11,$.btx_BusinessTransactions.btx_EntityParty.cor_PartyContact,bus,Party_ Contact,entityPartyContact,/xbrli:xbrl/gl-btx:businessTransactions/gl-cor:entityParty/gl-bus:partyContact
60,bus,4,A,,Contact Prefix,String,0..1,,"Prefix (e.g. Dr., Mr., Mrs.)",敬称,敬称(Dr.、Mr.、Mrs.など),BU22-01,$.btx_BusinessTransactions.btx_EntityParty.cor_PartyContact.bus_ContactPrefix,bus,Party_ Contact,entityPartyContactPrefix,/xbrli:xbrl/gl-btx:businessTransactions/gl-cor:entityParty/gl-bus:partyContact/gl-bus:contactPrefix
61,bus,4,A,,Contact Last Name,String,0..1,,Last or family name,姓,姓,BU22-02,$.btx_BusinessTransactions.btx_EntityParty.cor_PartyContact.bus_ContactLastName,bus,Party_ Contact,entityPartyContactLastName,/xbrli:xbrl/gl-btx:businessTransactions/gl-cor:entityParty/gl-bus:partyContact/gl-bus:contactLastName
62,bus,4,A,,Contact First Name,String,0..1,,First or given name,名,名、クリスチャンネーム,BU22-03,$.btx_BusinessTransactions.btx_EntityParty.cor_PartyContact.bus_ContactFirstName,bus,Party_ Contact,entityPartyContactFirstName,/xbrli:xbrl/gl-btx:businessTransactions/gl-cor:entityParty/gl-bus:partyContact/gl-bus:contactFirstName
63,bus,4,A,,Contact Suffix,String,0..1,,"Suffix (e.g. MD, CPA, Jr.)",付加名称,付加名称(MD、CPA、Jr.など),BU22-04,$.btx_BusinessTransactions.btx_EntityParty.cor_PartyContact.bus_ContactSuffix,bus,Party_ Contact,entityPartyContactSuffix,/xbrli:xbrl/gl-btx:businessTransactions/gl-cor:entityParty/gl-bus:partyContact/gl-bus:contactSuffix
64,bus,4,A,,Contact Attention Line,String,0..1,,Attention Line,アテンションライン,アテンションライン,BU22-05,$.btx_BusinessTransactions.btx_EntityParty.cor_PartyContact.bus_ContactAttentionLine,bus,Party_ Contact,entityPartyContactAttentionLine,/xbrli:xbrl/gl-btx:businessTransactions/gl-cor:entityParty/gl-bus:partyContact/gl-bus:contactAttentionLine
65,bus,4,A,,Contact Position Role,String,0..1,,Position or role,地位/役職,地位や役職。,BU22-06,$.btx_BusinessTransactions.btx_EntityParty.cor_PartyContact.bus_ContactPositionRole,bus,Party_ Contact,entityPartyContactPositionRole,/xbrli:xbrl/gl-btx:businessTransactions/gl-cor:entityParty/gl-bus:partyContact/gl-bus:contactPositionRole
66,bus,4,A,,Contact Contact Type,Token,0..1,,"Role of contact. Examples include: Source Service, Sender, Recipient, Invoicer, Auditor, Accountant",担当者役割,担当者の役割。例：ソースサービス、送付元、受取人、請求先、監査人、会計事務所。,BU22-07,$.btx_BusinessTransactions.btx_EntityParty.cor_PartyContact.bus_ContactContactType,bus,Party_ Contact,entityPartyContactContactType,/xbrli:xbrl/gl-btx:businessTransactions/gl-cor:entityParty/gl-bus:partyContact/gl-bus:contactContactType
67,bus,4,A,,Contact Location ID cross reference,String,0..1,,This code is used to associate the contact with a specific location for the Entity. Its value should be the same as that of the organizationAddressLocationIdentifier,所在地相互参照情報,担当者と事業体の位置情報を関係付けるためのコード。organizationAddressLocationIdentifierと同じ値であるべき。,BU22-08,$.btx_BusinessTransactions.btx_EntityParty.cor_PartyContact.bus_ContactLocationIDcrossreference,bus,Party_ Contact,entityPartyContactLocationIdCrossReference,/xbrli:xbrl/gl-btx:businessTransactions/gl-cor:entityParty/gl-bus:partyContact/gl-bus:contactLocationIdCrossReference
68,bus,4,A,,Contact Active,Boolean,0..1,,"Boolean to indicate whether the contact is active (=""true"") or inactive (=""false"")",担当者有効性,担当者が有効か無効かを示すブール値。,BU22-09,$.btx_BusinessTransactions.btx_EntityParty.cor_PartyContact.bus_ContactActive,bus,Party_ Contact,entityPartyContactActive,/xbrli:xbrl/gl-btx:businessTransactions/gl-cor:entityParty/gl-bus:partyContact/gl-bus:contactActive
69,bus,4,C,,Contact_ Phone,,0..*,,Contact Phone Number,【担当者電話番号】,担当者の電話番号。,BU22-10,$.btx_BusinessTransactions.btx_EntityParty.cor_PartyContact.bus_ContactPhone,bus,Contact_ Phone,entityPartyContactPhone,/xbrli:xbrl/gl-btx:businessTransactions/gl-cor:entityParty/gl-bus:partyContact/gl-bus:contactPhone
70,bus,5,A,PK,Phone Number,String,1,,Phone number referred to in Phone Number Description'\.,電話番号,電話番号用途で示される電話番号。,BU03-01,$.btx_BusinessTransactions.btx_EntityParty.cor_PartyContact.bus_ContactPhone.bus_PhoneNumber,bus,Contact_ Phone,entityPartyContactPhoneNumber,/xbrli:xbrl/gl-btx:businessTransactions/gl-cor:entityParty/gl-bus:partyContact/gl-bus:contactPhone/gl-bus:phoneNumber
71,bus,5,A,,Phone Number Description,String,0..1,,"Entity Phone Number Description such as Main, Investor relations. Enumerated as: bookkeeper, controller, direct, fax, investor-relations, main, switchboard, other.",電話番号用途,"代表、IR用などの、電話番号の用途。
[設定値のリスト]
(bookkeeper：記帳係)、(controller：会計責任者)、(direct：直通)、(fax：FAX)、(investor-relations：IR窓口)、(main：代表)、(switchboard：交換台)、(other：その他)",BU03-02,$.btx_BusinessTransactions.btx_EntityParty.cor_PartyContact.bus_ContactPhone.bus_PhoneNumberDescription,bus,Contact_ Phone,entityPartyContactPhoneNumberDescription,/xbrli:xbrl/gl-btx:businessTransactions/gl-cor:entityParty/gl-bus:partyContact/gl-bus:contactPhone/gl-bus:phoneNumberDescription
72,bus,4,C,,Contact_ Fax,,0..*,,Contact Fax Number Class,【担当者FAX番号】,担当者のFAX番号の構造体。,BU22-11,$.btx_BusinessTransactions.btx_EntityParty.cor_PartyContact.bus_ContactFax,bus,Contact_ Fax,entityPartyContactFax,/xbrli:xbrl/gl-btx:businessTransactions/gl-cor:entityParty/gl-bus:partyContact/gl-bus:contactFax
73,bus,5,A,PK,Fax Number,String,1,,Fax Number,FAX番号,FAX番号。,BU08-01,$.btx_BusinessTransactions.btx_EntityParty.cor_PartyContact.bus_ContactFax.bus_FaxNumber,bus,Contact_ Fax,entityPartyContactFaxNumber,/xbrli:xbrl/gl-btx:businessTransactions/gl-cor:entityParty/gl-bus:partyContact/gl-bus:contactFax/gl-bus:faxNumber
74,bus,5,A,,Fax Number Usage,String,0..1,,"Fax number usage (e.g. orders, head office, IR)",FAX番号用途,FAX番号の用途。(注文、本社、IRなど),BU08-02,$.btx_BusinessTransactions.btx_EntityParty.cor_PartyContact.bus_ContactFax.bus_FaxNumberUsage,bus,Contact_ Fax,entityPartyContactFaxNumberUsage,/xbrli:xbrl/gl-btx:businessTransactions/gl-cor:entityParty/gl-bus:partyContact/gl-bus:contactFax/gl-bus:faxNumberUsage
75,bus,4,C,,Contact_ Email,,0..*,,Contact E-mail address class,【担当者Eメールアドレス】,担当者のEメールアドレスの構造体。,BU22-12,$.btx_BusinessTransactions.btx_EntityParty.cor_PartyContact.bus_ContactEmail,bus,Contact_ Email,entityPartyContactEmail,/xbrli:xbrl/gl-btx:businessTransactions/gl-cor:entityParty/gl-bus:partyContact/gl-bus:contactEmail
76,bus,5,A,PK,Email Address,String,1,,Email Address,Eメールアドレス,Eメールアドレス。,BU13-01,$.btx_BusinessTransactions.btx_EntityParty.cor_PartyContact.bus_ContactEmail.bus_EmailAddress,bus,Contact_ Email,entityPartyContactEmailAddress,/xbrli:xbrl/gl-btx:businessTransactions/gl-cor:entityParty/gl-bus:partyContact/gl-bus:contactEmail/gl-bus:emailAddress
77,bus,5,A,,Email Address Usage,String,0..1,,"Email address usage (e.g. orders, head office, IR)",Eメールアドレス用途,Eメールアドレスの用途。(注文、本社、IRなど),BU13-02,$.btx_BusinessTransactions.btx_EntityParty.cor_PartyContact.bus_ContactEmail.bus_EmailAddressUsage,bus,Contact_ Email,entityPartyContactEmailAddressUsage,/xbrli:xbrl/gl-btx:businessTransactions/gl-cor:entityParty/gl-bus:partyContact/gl-bus:contactEmail/gl-bus:emailAddressUsage
78,cor,3,A,,Default Accounting Method Purpose,Token,0..1,,"If not stated explicitly at the line level, the default reporting purpose - from book, tax, management, statutory, other",既定会計処理方法目的,"明細レベルで明確に指定しない場合の、既定の報告目的を表す。帳簿、税、管理、スタチュトリ、その他から選択する。_x005F_x000D_
[設定値のリスト]_x005F_x000D_
(book：帳簿)、(tax：税)、(management：管理)、(statutory：スタチュトリ)、(other：その他)",CO14-12,$.btx_BusinessTransactions.btx_EntityParty.cor_DefaultAccountingMethodPurpose,cor,Entity_ Party,defaultAccountingMethodPurpose,/xbrli:xbrl/gl-btx:businessTransactions/gl-cor:entityParty/gl-cor:defaultAccountingMethodPurpose
79,cor,3,A,,Default Accounting Method Purpose Description,String,0..1,,Free format description of the default accounting method purpose,既定会計処理方法目的説明,既定の会計処理方法目的の説明。,CO14-13,$.btx_BusinessTransactions.btx_EntityParty.cor_DefaultAccountingMethodPurposeDescription,cor,Entity_ Party,defaultAccountingMethodPurposeDescription,/xbrli:xbrl/gl-btx:businessTransactions/gl-cor:entityParty/gl-cor:defaultAccountingMethodPurposeDescription
80,cor,3,A,,Fiscal Year Start,Date,0..1,,"Start of fiscal year. Where appropriate, corporate year period representation permits non-365 or 366 day years (more appropriate for internal sharing than data from external sources), In Europe, some jurisdictions allow 2 year minus 1 day fiscal years.",会計年度開始日付,会計年度の開始日。妥当であれば、企業の会計年度表示において、366日や365日でない年も許可する（外部ソースからのデータより内部共有のための方が適している）。ヨーロッパでは、2年マイナス1日の会計年度を許可するところもある。,CO14-14,$.btx_BusinessTransactions.btx_EntityParty.cor_FiscalYearStart,cor,Entity_ Party,fiscalYearStart,/xbrli:xbrl/gl-btx:businessTransactions/gl-cor:entityParty/gl-cor:fiscalYearStart
81,cor,3,A,,Fiscal Year End,Date,0..1,,"End of fiscal year. Where appropriate, corporate year period representation permits non-365 or 366 day years (more appropriate for internal sharing than data from external sources), In Europe, some jurisdictions allow 2 year minus 1 day fiscal years.",会計年度終了日付,会計年度の終了日。妥当であれば、企業の会計年度表示において、366日や365日でない年も許可する（外部ソースからのデータより内部共有のための方が適している）。ヨーロッパでは、2年マイナス1日の会計年度を許可するところもある。,CO14-15,$.btx_BusinessTransactions.btx_EntityParty.cor_FiscalYearEnd,cor,Entity_ Party,fiscalYearEnd,/xbrli:xbrl/gl-btx:businessTransactions/gl-cor:entityParty/gl-cor:fiscalYearEnd
82,bus,3,C,,Specified_ Accounting Method Structure,,0..*,,Class for identifying the methods of accounting used by the entity for different reporting purposes,【会計処理方法】,異なる報告目的に応じて事業体が使用する会計処理方法を識別するためのセクション。,CO14-16,$.btx_BusinessTransactions.btx_EntityParty.cor_SpecifiedAccountingMethodStructure,bus,Accounting Method Structure,specifiedAccountingMethodStructure,/xbrli:xbrl/gl-btx:businessTransactions/gl-cor:entityParty/gl-bus:specifiedAccountingMethodStructure
83,bus,4,A,,Accounting Method,Token,0..1,,"For this entity, the method of accounting represented - from: accrual, cash, modified cash, modified accrual, encumbrance, special methods, hybrid methods, other",会計処理方法,"事業体の会計処理方法を表す。発生基準、現金基準、修正現金基準、修正発生基準、債務基準、特別な方法、混合方法、その他_x005F_x000D_
[設定値のリスト]_x005F_x000D_
(accrual：発生基準)、(cash：現金基準)、(modified cash：修正現金基準)、(modified accrual：修正発生基準)、(encumbrance：債務基準)、(special methods：特別な方法)、(hybrid methods：混合方法)、(other：その他)",BU25-01,$.btx_BusinessTransactions.btx_EntityParty.cor_SpecifiedAccountingMethodStructure.bus_AccountingMethod,bus,Accounting Method Structure,accountingMethod,/xbrli:xbrl/gl-btx:businessTransactions/gl-cor:entityParty/gl-bus:specifiedAccountingMethodStructure/gl-bus:accountingMethod
84,bus,4,A,,Accounting Method Description,String,0..1,,Free format description of the accounting method,会計処理方法説明,会計処理方法の説明。,BU25-02,$.btx_BusinessTransactions.btx_EntityParty.cor_SpecifiedAccountingMethodStructure.bus_AccountingMethodDescription,bus,Accounting Method Structure,accountingMethodDescription,/xbrli:xbrl/gl-btx:businessTransactions/gl-cor:entityParty/gl-bus:specifiedAccountingMethodStructure/gl-bus:accountingMethodDescription
85,bus,4,A,,Accounting Method Purpose,Token,0..1,,"For this entity, the reporting purpose represented - from book, tax, management, statutory, other",会計処理方法目的,"事業体の報告の目的を表す。帳簿、税、管理、スタチュトリ、その他から選択する。_x005F_x000D_
[設定値のリスト]_x005F_x000D_
(book：帳簿)、(tax：税)、(management：管理)、(statutory：スタチュトリ)、(other：その他)",BU25-03,$.btx_BusinessTransactions.btx_EntityParty.cor_SpecifiedAccountingMethodStructure.bus_AccountingMethodPurpose,bus,Accounting Method Structure,accountingMethodPurpose,/xbrli:xbrl/gl-btx:businessTransactions/gl-cor:entityParty/gl-bus:specifiedAccountingMethodStructure/gl-bus:accountingMethodPurpose
86,bus,4,A,,Accounting Method Purpose Description,String,0..1,,Free format description of the accounting method purpose,会計処理方法目的説明,会計処理方法の目的の説明。,BU25-04,$.btx_BusinessTransactions.btx_EntityParty.cor_SpecifiedAccountingMethodStructure.bus_AccountingMethodPurposeDescription,bus,Accounting Method Structure,accountingMethodPurposeDescription,/xbrli:xbrl/gl-btx:businessTransactions/gl-cor:entityParty/gl-bus:specifiedAccountingMethodStructure/gl-bus:accountingMethodPurposeDescription
87,bus,4,A,,Accounting Method Start Date,Date Time,0..1,,Accounting Method Start Date,会計処理方法開始日付,会計処理方法の開始日。,BU25-05,$.btx_BusinessTransactions.btx_EntityParty.cor_SpecifiedAccountingMethodStructure.bus_AccountingMethodStartDate,bus,Accounting Method Structure,accountingMethodStartDate,/xbrli:xbrl/gl-btx:businessTransactions/gl-cor:entityParty/gl-bus:specifiedAccountingMethodStructure/gl-bus:accountingMethodStartDate
88,bus,4,A,,Accounting Method End Date,Date Time,0..1,,Accounting Method End Date,会計処理方法終了日付,会計処理方法の終了日。,BU25-06,$.btx_BusinessTransactions.btx_EntityParty.cor_SpecifiedAccountingMethodStructure.bus_AccountingMethodEndDate,bus,Accounting Method Structure,accountingMethodEndDate,/xbrli:xbrl/gl-btx:businessTransactions/gl-cor:entityParty/gl-bus:specifiedAccountingMethodStructure/gl-bus:accountingMethodEndDate
89,bus,3,C,,Assigned_ Accountant,,0..*,,Information about the relevant external accountant,【会計事務所情報】,関連する外部会計事務所に関する情報。,CO14-17,$.btx_BusinessTransactions.btx_EntityParty.cor_AssignedAccountant,bus,Accountant,assignedAccountant,/xbrli:xbrl/gl-btx:businessTransactions/gl-cor:entityParty/gl-bus:assignedAccountant
90,bus,4,A,,Accountant Name,String,0..1,,Name of the accountant,会計事務所名,会計事務所の名前。,BU26-01,$.btx_BusinessTransactions.btx_EntityParty.cor_AssignedAccountant.bus_AccountantName,bus,Accountant,accountantName,/xbrli:xbrl/gl-btx:businessTransactions/gl-cor:entityParty/gl-bus:assignedAccountant/gl-bus:accountantName
91,bus,4,A,,Accountant Type of Engagement,Token,0..1,,"Type of engagement being performed by external accountant. Enumerated as: audit, review, compilation, tax, other.",契約種別,"外部会計事務所によって実行される契約の種別。_x005F_x000D_
[設定値のリスト]_x005F_x000D_
(audit：監査)、(review：検査)、(compilation：帳簿作成)、(tax：税)、(other：その他)",BU26-02,$.btx_BusinessTransactions.btx_EntityParty.cor_AssignedAccountant.bus_AccountantTypeofEngagement,bus,Accountant,accountantTypeOfEngagement,/xbrli:xbrl/gl-btx:businessTransactions/gl-cor:entityParty/gl-bus:assignedAccountant/gl-bus:accountantTypeOfEngagement
92,bus,4,A,,Accountant Type of Engagement Description,String,0..1,,Free format description of the type of engagement,契約種別説明,契約種別の説明。,BU26-03,$.btx_BusinessTransactions.btx_EntityParty.cor_AssignedAccountant.bus_AccountantTypeofEngagementDescription,bus,Accountant,accountantTypeOfEngagementDescription,/xbrli:xbrl/gl-btx:businessTransactions/gl-cor:entityParty/gl-bus:assignedAccountant/gl-bus:accountantTypeOfEngagementDescription
93,bus,4,C,,Accountant_ Address,,0..*,,Class which contains accountant address information.,【会計事務所住所】,会計事務所の住所情報を含むセクション。,BU26-04,$.btx_BusinessTransactions.btx_EntityParty.cor_AssignedAccountant.bus_AccountantAddress,bus,Accountant_ Address,accountantAddress,/xbrli:xbrl/gl-btx:businessTransactions/gl-cor:entityParty/gl-bus:assignedAccountant/gl-bus:accountantAddress
94,bus,5,A,,Name,String,0..1,,Address Name,住所名,住所の名前。,BU19-01,$.btx_BusinessTransactions.btx_EntityParty.cor_AssignedAccountant.bus_AccountantAddress.bus_Name,bus,Accountant_ Address,accountantAddressName,/xbrli:xbrl/gl-btx:businessTransactions/gl-cor:entityParty/gl-bus:assignedAccountant/gl-bus:accountantAddress/gl-bus:name
95,bus,5,A,,Description,String,0..1,,Address Description,住所説明,住所の説明。,BU19-02,$.btx_BusinessTransactions.btx_EntityParty.cor_AssignedAccountant.bus_AccountantAddress.bus_Description,bus,Accountant_ Address,accountantAddressDescription,/xbrli:xbrl/gl-btx:businessTransactions/gl-cor:entityParty/gl-bus:assignedAccountant/gl-bus:accountantAddress/gl-bus:description
96,bus,5,A,,Purpose,String,0..1,,Address Purpose,住所目的,住所の目的。,BU19-03,$.btx_BusinessTransactions.btx_EntityParty.cor_AssignedAccountant.bus_AccountantAddress.bus_Purpose,bus,Accountant_ Address,accountantAddressPurpose,/xbrli:xbrl/gl-btx:businessTransactions/gl-cor:entityParty/gl-bus:assignedAccountant/gl-bus:accountantAddress/gl-bus:purpose
97,bus,5,A,,Location ID,String,0..1,,A code used to identify the location and to associate it with contacts and transactions,所在地識別子,所在地を識別したり、窓口や取引と関係付けるコード。,BU19-04,$.btx_BusinessTransactions.btx_EntityParty.cor_AssignedAccountant.bus_AccountantAddress.bus_LocationID,bus,Accountant_ Address,accountantAddressLocationId,/xbrli:xbrl/gl-btx:businessTransactions/gl-cor:entityParty/gl-bus:assignedAccountant/gl-bus:accountantAddress/gl-bus:locationId
98,bus,5,A,,Building Number,String,0..1,,Building Number,住所建物番号,建物番号。,BU19-05,$.btx_BusinessTransactions.btx_EntityParty.cor_AssignedAccountant.bus_AccountantAddress.bus_BuildingNumber,bus,Accountant_ Address,accountantAddressBuildingNumber,/xbrli:xbrl/gl-btx:businessTransactions/gl-cor:entityParty/gl-bus:assignedAccountant/gl-bus:accountantAddress/gl-bus:buildingNumber
99,bus,5,A,,Street,String,0..1,,Street address,住所通り,住所の通り。,BU19-06,$.btx_BusinessTransactions.btx_EntityParty.cor_AssignedAccountant.bus_AccountantAddress.bus_Street,bus,Accountant_ Address,accountantAddressStreet,/xbrli:xbrl/gl-btx:businessTransactions/gl-cor:entityParty/gl-bus:assignedAccountant/gl-bus:accountantAddress/gl-bus:street
100,bus,5,A,,Address Detail,String,0..1,,Address Detail,住所詳細,住所詳細。,BU19-07,$.btx_BusinessTransactions.btx_EntityParty.cor_AssignedAccountant.bus_AccountantAddress.bus_AddressDetail,bus,Accountant_ Address,accountantAddressDetail,/xbrli:xbrl/gl-btx:businessTransactions/gl-cor:entityParty/gl-bus:assignedAccountant/gl-bus:accountantAddress/gl-bus:addressDetail
101,bus,5,A,,City,String,0..1,,City,住所都市,住所の都市。,BU19-08,$.btx_BusinessTransactions.btx_EntityParty.cor_AssignedAccountant.bus_AccountantAddress.bus_City,bus,Accountant_ Address,accountantAddressCity,/xbrli:xbrl/gl-btx:businessTransactions/gl-cor:entityParty/gl-bus:assignedAccountant/gl-bus:accountantAddress/gl-bus:city
102,bus,5,A,,State or Province,String,0..1,,"State, province or region",住所州,住所の州や地方。,BU19-09,$.btx_BusinessTransactions.btx_EntityParty.cor_AssignedAccountant.bus_AccountantAddress.bus_StateorProvince,bus,Accountant_ Address,accountantAddressStateOrProvince,/xbrli:xbrl/gl-btx:businessTransactions/gl-cor:entityParty/gl-bus:assignedAccountant/gl-bus:accountantAddress/gl-bus:stateOrProvince
103,bus,5,A,,Country,String,0..1,,Country,住所国,住所の国。,BU19-10,$.btx_BusinessTransactions.btx_EntityParty.cor_AssignedAccountant.bus_AccountantAddress.bus_Country,bus,Accountant_ Address,accountantAddressCountry,/xbrli:xbrl/gl-btx:businessTransactions/gl-cor:entityParty/gl-bus:assignedAccountant/gl-bus:accountantAddress/gl-bus:country
104,bus,5,A,,Zip or Postal Code,String,0..1,,Zip or other postal code,住所郵便番号,住所の郵便番号。,BU19-11,$.btx_BusinessTransactions.btx_EntityParty.cor_AssignedAccountant.bus_AccountantAddress.bus_ZiporPostalCode,bus,Accountant_ Address,accountantAddressZipOrPostalCode,/xbrli:xbrl/gl-btx:businessTransactions/gl-cor:entityParty/gl-bus:assignedAccountant/gl-bus:accountantAddress/gl-bus:zipOrPostalCode
105,bus,5,A,,Active Indicator,Boolean,0..1,,"Boolean to indicate whether the address is active (=""true"") or inactive (=""false"")",住所有効性,住所が有効か無効かを示すブール値。,BU19-12,$.btx_BusinessTransactions.btx_EntityParty.cor_AssignedAccountant.bus_AccountantAddress.bus_ActiveIndicator,bus,Accountant_ Address,accountantAddressActiveIndicator,/xbrli:xbrl/gl-btx:businessTransactions/gl-cor:entityParty/gl-bus:assignedAccountant/gl-bus:accountantAddress/gl-bus:activeIndicator
106,bus,4,C,,Accountant_ Contact,,0..*,,Accountant Contact Information Class,【会計事務所担当者情報】,会計事務所の担当者情報の構造体。,BU26-05,$.btx_BusinessTransactions.btx_EntityParty.cor_AssignedAccountant.bus_AccountantContact,bus,Accountant_ Contact,accountantContact,/xbrli:xbrl/gl-btx:businessTransactions/gl-cor:entityParty/gl-bus:assignedAccountant/gl-bus:accountantContact
107,bus,5,A,,Contact Prefix,String,0..1,,"Prefix (e.g. Dr., Mr., Mrs.)",敬称,敬称(Dr.、Mr.、Mrs.など),BU24-01,$.btx_BusinessTransactions.btx_EntityParty.cor_AssignedAccountant.bus_AccountantContact.bus_ContactPrefix,bus,Accountant_ Contact,accountantContactPrefix,/xbrli:xbrl/gl-btx:businessTransactions/gl-cor:entityParty/gl-bus:assignedAccountant/gl-bus:accountantContact/gl-bus:contactPrefix
108,bus,5,A,,Contact Last Name,String,0..1,,Last or family name,姓,姓,BU24-02,$.btx_BusinessTransactions.btx_EntityParty.cor_AssignedAccountant.bus_AccountantContact.bus_ContactLastName,bus,Accountant_ Contact,accountantContactLastName,/xbrli:xbrl/gl-btx:businessTransactions/gl-cor:entityParty/gl-bus:assignedAccountant/gl-bus:accountantContact/gl-bus:contactLastName
109,bus,5,A,,Contact First Name,String,0..1,,First or given name,名,名、クリスチャンネーム,BU24-03,$.btx_BusinessTransactions.btx_EntityParty.cor_AssignedAccountant.bus_AccountantContact.bus_ContactFirstName,bus,Accountant_ Contact,accountantContactFirstName,/xbrli:xbrl/gl-btx:businessTransactions/gl-cor:entityParty/gl-bus:assignedAccountant/gl-bus:accountantContact/gl-bus:contactFirstName
110,bus,5,A,,Contact Suffix,String,0..1,,"Suffix (e.g. MD, CPA, Jr.)",付加名称,付加名称(MD、CPA、Jr.など),BU24-04,$.btx_BusinessTransactions.btx_EntityParty.cor_AssignedAccountant.bus_AccountantContact.bus_ContactSuffix,bus,Accountant_ Contact,accountantContactSuffix,/xbrli:xbrl/gl-btx:businessTransactions/gl-cor:entityParty/gl-bus:assignedAccountant/gl-bus:accountantContact/gl-bus:contactSuffix
111,bus,5,A,,Contact Attention Line,String,0..1,,Attention Line,アテンションライン,アテンションライン,BU24-05,$.btx_BusinessTransactions.btx_EntityParty.cor_AssignedAccountant.bus_AccountantContact.bus_ContactAttentionLine,bus,Accountant_ Contact,accountantContactAttentionLine,/xbrli:xbrl/gl-btx:businessTransactions/gl-cor:entityParty/gl-bus:assignedAccountant/gl-bus:accountantContact/gl-bus:contactAttentionLine
112,bus,5,A,,Contact Position Role,String,0..1,,Position or role,地位/役職,地位や役職。,BU24-06,$.btx_BusinessTransactions.btx_EntityParty.cor_AssignedAccountant.bus_AccountantContact.bus_ContactPositionRole,bus,Accountant_ Contact,accountantContactPositionRole,/xbrli:xbrl/gl-btx:businessTransactions/gl-cor:entityParty/gl-bus:assignedAccountant/gl-bus:accountantContact/gl-bus:contactPositionRole
113,bus,5,A,,Contact Contact Type,Token,0..1,,"Role of contact. Examples include: Source Service, Sender, Recipient, Invoicer, Auditor, Accountant",担当者役割,担当者の役割。例：ソースサービス、送付元、受取人、請求先、監査人、会計事務所。,BU24-07,$.btx_BusinessTransactions.btx_EntityParty.cor_AssignedAccountant.bus_AccountantContact.bus_ContactContactType,bus,Accountant_ Contact,accountantContactContactType,/xbrli:xbrl/gl-btx:businessTransactions/gl-cor:entityParty/gl-bus:assignedAccountant/gl-bus:accountantContact/gl-bus:contactContactType
114,bus,5,A,,Contact Location ID cross reference,String,0..1,,This code is used to associate the contact with a specific location for the Entity. Its value should be the same as that of the organizationAddressLocationIdentifier,所在地相互参照情報,担当者と事業体の位置情報を関係付けるためのコード。organizationAddressLocationIdentifierと同じ値であるべき。,BU24-08,$.btx_BusinessTransactions.btx_EntityParty.cor_AssignedAccountant.bus_AccountantContact.bus_ContactLocationIDcrossreference,bus,Accountant_ Contact,accountantContactLocationIdCrossReference,/xbrli:xbrl/gl-btx:businessTransactions/gl-cor:entityParty/gl-bus:assignedAccountant/gl-bus:accountantContact/gl-bus:contactLocationIdCrossReference
115,bus,5,A,,Contact Active,Boolean,0..1,,"Boolean to indicate whether the contact is active (=""true"") or inactive (=""false"")",担当者有効性,担当者が有効か無効かを示すブール値。,BU24-09,$.btx_BusinessTransactions.btx_EntityParty.cor_AssignedAccountant.bus_AccountantContact.bus_ContactActive,bus,Accountant_ Contact,accountantContactActive,/xbrli:xbrl/gl-btx:businessTransactions/gl-cor:entityParty/gl-bus:assignedAccountant/gl-bus:accountantContact/gl-bus:contactActive
116,bus,5,C,,Contact_ Phone,,0..*,,Contact Phone Number,【担当者電話番号】,担当者の電話番号。,BU24-10,$.btx_BusinessTransactions.btx_EntityParty.cor_AssignedAccountant.bus_AccountantContact.bus_ContactPhone,bus,Contact_ Phone,accountantContactPhone,/xbrli:xbrl/gl-btx:businessTransactions/gl-cor:entityParty/gl-bus:assignedAccountant/gl-bus:accountantContact/gl-bus:contactPhone
117,bus,6,A,PK,Phone Number,String,1,,Phone number referred to in Phone Number Description'\.,電話番号,電話番号用途で示される電話番号。,BU03-01,$.btx_BusinessTransactions.btx_EntityParty.cor_AssignedAccountant.bus_AccountantContact.bus_ContactPhone.bus_PhoneNumber,bus,Contact_ Phone,accountantContactPhoneNumber,/xbrli:xbrl/gl-btx:businessTransactions/gl-cor:entityParty/gl-bus:assignedAccountant/gl-bus:accountantContact/gl-bus:contactPhone/gl-bus:phoneNumber
118,bus,6,A,,Phone Number Description,String,0..1,,"Entity Phone Number Description such as Main, Investor relations. Enumerated as: bookkeeper, controller, direct, fax, investor-relations, main, switchboard, other.",電話番号用途,"代表、IR用などの、電話番号の用途。
[設定値のリスト]
(bookkeeper：記帳係)、(controller：会計責任者)、(direct：直通)、(fax：FAX)、(investor-relations：IR窓口)、(main：代表)、(switchboard：交換台)、(other：その他)",BU03-02,$.btx_BusinessTransactions.btx_EntityParty.cor_AssignedAccountant.bus_AccountantContact.bus_ContactPhone.bus_PhoneNumberDescription,bus,Contact_ Phone,accountantContactPhoneNumberDescription,/xbrli:xbrl/gl-btx:businessTransactions/gl-cor:entityParty/gl-bus:assignedAccountant/gl-bus:accountantContact/gl-bus:contactPhone/gl-bus:phoneNumberDescription
119,bus,5,C,,Contact_ Fax,,0..*,,Contact Fax Number Class,【担当者FAX番号】,担当者のFAX番号の構造体。,BU24-11,$.btx_BusinessTransactions.btx_EntityParty.cor_AssignedAccountant.bus_AccountantContact.bus_ContactFax,bus,Contact_ Fax,accountantContactFax,/xbrli:xbrl/gl-btx:businessTransactions/gl-cor:entityParty/gl-bus:assignedAccountant/gl-bus:accountantContact/gl-bus:contactFax
120,bus,6,A,PK,Fax Number,String,1,,Fax Number,FAX番号,FAX番号。,BU08-01,$.btx_BusinessTransactions.btx_EntityParty.cor_AssignedAccountant.bus_AccountantContact.bus_ContactFax.bus_FaxNumber,bus,Contact_ Fax,accountantContactFaxNumber,/xbrli:xbrl/gl-btx:businessTransactions/gl-cor:entityParty/gl-bus:assignedAccountant/gl-bus:accountantContact/gl-bus:contactFax/gl-bus:faxNumber
121,bus,6,A,,Fax Number Usage,String,0..1,,"Fax number usage (e.g. orders, head office, IR)",FAX番号用途,FAX番号の用途。(注文、本社、IRなど),BU08-02,$.btx_BusinessTransactions.btx_EntityParty.cor_AssignedAccountant.bus_AccountantContact.bus_ContactFax.bus_FaxNumberUsage,bus,Contact_ Fax,accountantContactFaxNumberUsage,/xbrli:xbrl/gl-btx:businessTransactions/gl-cor:entityParty/gl-bus:assignedAccountant/gl-bus:accountantContact/gl-bus:contactFax/gl-bus:faxNumberUsage
122,bus,5,C,,Contact_ Email,,0..*,,Contact E-mail address class,【担当者Eメールアドレス】,担当者のEメールアドレスの構造体。,BU24-12,$.btx_BusinessTransactions.btx_EntityParty.cor_AssignedAccountant.bus_AccountantContact.bus_ContactEmail,bus,Contact_ Email,accountantContactEmail,/xbrli:xbrl/gl-btx:businessTransactions/gl-cor:entityParty/gl-bus:assignedAccountant/gl-bus:accountantContact/gl-bus:contactEmail
123,bus,6,A,PK,Email Address,String,1,,Email Address,Eメールアドレス,Eメールアドレス。,BU13-01,$.btx_BusinessTransactions.btx_EntityParty.cor_AssignedAccountant.bus_AccountantContact.bus_ContactEmail.bus_EmailAddress,bus,Contact_ Email,accountantContactEmailAddress,/xbrli:xbrl/gl-btx:businessTransactions/gl-cor:entityParty/gl-bus:assignedAccountant/gl-bus:accountantContact/gl-bus:contactEmail/gl-bus:emailAddress
124,bus,6,A,,Email Address Usage,String,0..1,,"Email address usage (e.g. orders, head office, IR)",Eメールアドレス用途,Eメールアドレスの用途。(注文、本社、IRなど),BU13-02,$.btx_BusinessTransactions.btx_EntityParty.cor_AssignedAccountant.bus_AccountantContact.bus_ContactEmail.bus_EmailAddressUsage,bus,Contact_ Email,accountantContactEmailAddressUsage,/xbrli:xbrl/gl-btx:businessTransactions/gl-cor:entityParty/gl-bus:assignedAccountant/gl-bus:accountantContact/gl-bus:contactEmail/gl-bus:emailAddressUsage
125,bus,3,C,,Specified_ Reporting Calendar,,0..*,,A tool to collect the periods used to summarise results from transactions.,【報告カレンダー】,取引の結果をまとめるための期間を集めるもの。,CO14-18,$.btx_BusinessTransactions.btx_EntityParty.cor_SpecifiedReportingCalendar,bus,Reporting Calendar,specifiedReportingCalendar,/xbrli:xbrl/gl-btx:businessTransactions/gl-cor:entityParty/gl-bus:specifiedReportingCalendar
126,bus,4,A,PK,Reporting Calendar Code,String,1,,"The code used to identify this specific reporting calendar, unique across periods",報告カレンダーコード,この報告カレンダーを識別するコード。複数期間にわたって一意。,BU29-01,$.btx_BusinessTransactions.btx_EntityParty.cor_SpecifiedReportingCalendar.bus_ReportingCalendarCode,bus,Reporting Calendar,reportingCalendarCode,/xbrli:xbrl/gl-btx:businessTransactions/gl-cor:entityParty/gl-bus:specifiedReportingCalendar/gl-bus:reportingCalendarCode
127,bus,4,A,,Reporting Calendar Description,String,0..1,,A description of the reporting calendar (associated with the reportingCalendarCode given),報告カレンダー説明,報告カレンダーの説明（reportingCalendarCodeと関係付けられる）。,BU29-02,$.btx_BusinessTransactions.btx_EntityParty.cor_SpecifiedReportingCalendar.bus_ReportingCalendarDescription,bus,Reporting Calendar,reportingCalendarDescription,/xbrli:xbrl/gl-btx:businessTransactions/gl-cor:entityParty/gl-bus:specifiedReportingCalendar/gl-bus:reportingCalendarDescription
128,bus,4,A,,Reporting Calendar Title,String,0..1,,A description of the reporting period. The actual beginning and ending dates are found within the 'reportingCalendarPeriod' class,報告カレンダータイトル,報告期間の説明。実際の開始日及び終了日はreportingCalendarPeriodに記述する。,BU29-03,$.btx_BusinessTransactions.btx_EntityParty.cor_SpecifiedReportingCalendar.bus_ReportingCalendarTitle,bus,Reporting Calendar,reportingCalendarTitle,/xbrli:xbrl/gl-btx:businessTransactions/gl-cor:entityParty/gl-bus:specifiedReportingCalendar/gl-bus:reportingCalendarTitle
129,bus,4,A,,Reporting Calendar Period Type,Token,0..1,,"A code for the type of period involved. Enumerated as: monthly, quarterly, semi-annually, 4-5-4, ad-hoc, other.",期間種別コード,"報告期間の種別コード。月次、四半期ごと、半期ごと、4-5-4、随時、その他_x005F_x000D_
[設定値のリスト]_x005F_x000D_
(monthly：月次)、(quarterly：四半期ごと)、(semi-annually：半期ごと)、(4-5-4：4-5-4)、(ad-hoc：随時)、(other：その他)",BU29-04,$.btx_BusinessTransactions.btx_EntityParty.cor_SpecifiedReportingCalendar.bus_ReportingCalendarPeriodType,bus,Reporting Calendar,reportingCalendarPeriodType,/xbrli:xbrl/gl-btx:businessTransactions/gl-cor:entityParty/gl-bus:specifiedReportingCalendar/gl-bus:reportingCalendarPeriodType
130,bus,4,A,,Reporting Calendar Period Type Description,String,0..1,,A description of the type of period involved.,期間種別説明,報告期間の種別の説明。,BU29-05,$.btx_BusinessTransactions.btx_EntityParty.cor_SpecifiedReportingCalendar.bus_ReportingCalendarPeriodTypeDescription,bus,Reporting Calendar,reportingCalendarPeriodTypeDescription,/xbrli:xbrl/gl-btx:businessTransactions/gl-cor:entityParty/gl-bus:specifiedReportingCalendar/gl-bus:reportingCalendarPeriodTypeDescription
131,bus,4,A,,Reporting Calendar Closed Status,Token,0..1,,"An identifier on whether the reporting calendar is still open for activity. enumerated, ""open"", ""closed"", ""pending""",締状態,"報告カレンダーがオープンかどうかを示す識別子。オープン、締切り済み、保留中_x005F_x000D_
[設定値のリスト]_x005F_x000D_
(open：オープン)、(closed：締切り済み)、(pending：保留中)",BU29-06,$.btx_BusinessTransactions.btx_EntityParty.cor_SpecifiedReportingCalendar.bus_ReportingCalendarClosedStatus,bus,Reporting Calendar,reportingCalendarClosedStatus,/xbrli:xbrl/gl-btx:businessTransactions/gl-cor:entityParty/gl-bus:specifiedReportingCalendar/gl-bus:reportingCalendarClosedStatus
132,bus,4,A,,Reporting Calendar Purpose,Token,0..1,,A description of the accounting set of books involved. Uses enumeration from accounting method purpose.,報告目的,"帳簿の集合の説明。会計処理方法の目的の列挙値を使用する。_x005F_x000D_
[設定値のリスト]_x005F_x000D_
(book：帳簿)、(tax：税)、(management：管理)、(statutory：スタチュトリ)、(other：その他)",BU29-07,$.btx_BusinessTransactions.btx_EntityParty.cor_SpecifiedReportingCalendar.bus_ReportingCalendarPurpose,bus,Reporting Calendar,reportingCalendarPurpose,/xbrli:xbrl/gl-btx:businessTransactions/gl-cor:entityParty/gl-bus:specifiedReportingCalendar/gl-bus:reportingCalendarPurpose
133,bus,4,A,,Reporting Calendar Purpose Description,String,0..1,,Free format description of the reporting purpose,報告目的説明,報告目的の説明。,BU29-08,$.btx_BusinessTransactions.btx_EntityParty.cor_SpecifiedReportingCalendar.bus_ReportingCalendarPurposeDescription,bus,Reporting Calendar,reportingCalendarPurposeDescription,/xbrli:xbrl/gl-btx:businessTransactions/gl-cor:entityParty/gl-bus:specifiedReportingCalendar/gl-bus:reportingCalendarPurposeDescription
134,bus,4,C,,Reporting Calendar_ Period,,0..*,,A tool to collect a specific set of periods used to summarize results from transactions.,【報告カレンダー期間】,取引の結果をまとめるための特定の期間を集めるもの。,BU29-09,$.btx_BusinessTransactions.btx_EntityParty.cor_SpecifiedReportingCalendar.bus_ReportingCalendarPeriod,bus,Reporting Calendar_ Period,reportingCalendarPeriod,/xbrli:xbrl/gl-btx:businessTransactions/gl-cor:entityParty/gl-bus:specifiedReportingCalendar/gl-bus:reportingCalendarPeriod
135,bus,5,A,PK,Period ID,String,1,,An identifier for this period in this calendar,報告期間識別子,このカレンダーにおけるこの期間の識別子。,BU28-01,$.btx_BusinessTransactions.btx_EntityParty.cor_SpecifiedReportingCalendar.bus_ReportingCalendarPeriod.bus_PeriodID,bus,Reporting Calendar_ Period,periodId,/xbrli:xbrl/gl-btx:businessTransactions/gl-cor:entityParty/gl-bus:specifiedReportingCalendar/gl-bus:reportingCalendarPeriod/gl-bus:periodId
136,bus,5,A,,Period Description,String,0..1,,A description of this specific reporting period in this calendar.,期間説明,このカレンダーにおけるこの特定の期間の説明。,BU28-02,$.btx_BusinessTransactions.btx_EntityParty.cor_SpecifiedReportingCalendar.bus_ReportingCalendarPeriod.bus_PeriodDescription,bus,Reporting Calendar_ Period,periodDescription,/xbrli:xbrl/gl-btx:businessTransactions/gl-cor:entityParty/gl-bus:specifiedReportingCalendar/gl-bus:reportingCalendarPeriod/gl-bus:periodDescription
137,bus,5,A,,Period Start Date,Date Time,0..1,,The beginning date/time of a period,期間開始日付,期間の開始日付/時刻,BU28-03,$.btx_BusinessTransactions.btx_EntityParty.cor_SpecifiedReportingCalendar.bus_ReportingCalendarPeriod.bus_PeriodStartDate,bus,Reporting Calendar_ Period,periodStartDate,/xbrli:xbrl/gl-btx:businessTransactions/gl-cor:entityParty/gl-bus:specifiedReportingCalendar/gl-bus:reportingCalendarPeriod/gl-bus:periodStartDate
138,bus,5,A,,Period End Date,Date Time,0..1,,The ending date/time of a period,期間終了日付,期間の終了日付/時刻,BU28-04,$.btx_BusinessTransactions.btx_EntityParty.cor_SpecifiedReportingCalendar.bus_ReportingCalendarPeriod.bus_PeriodEndDate,bus,Reporting Calendar_ Period,periodEndDate,/xbrli:xbrl/gl-btx:businessTransactions/gl-cor:entityParty/gl-bus:specifiedReportingCalendar/gl-bus:reportingCalendarPeriod/gl-bus:periodEndDate
139,bus,5,A,,Reporting Calendar_ Period Closed Date,Date Time,0..1,,"The date/time a period has been closed for activity. If this is present with a nill value (xsi:nill=""true"") then the period is not closed.",期間締日付,"この期間の活動が締め切られた日付/時刻。この値がニル値(xsi:nill=""true"")であれば、この期間は、締め切られていない。",BU28-05,$.btx_BusinessTransactions.btx_EntityParty.cor_SpecifiedReportingCalendar.bus_ReportingCalendarPeriod.bus_ReportingCalendarPeriodClosedDate,bus,Reporting Calendar_ Period,reportingCalendarPeriodClosedDate,/xbrli:xbrl/gl-btx:businessTransactions/gl-cor:entityParty/gl-bus:specifiedReportingCalendar/gl-bus:reportingCalendarPeriod/gl-bus:reportingCalendarPeriodClosedDate
140,btx,2,C,,Transaction_ Header,,0..*,,Parent class grouping transaction document header records.,【取引ヘッダ】,取引文書のヘッダ・レコードをまとめて保持する親クラス。,BT14-03,$.btx_BusinessTransactions.btx_TransactionHeader,btx,Transaction_ Header,transactionHeader,/xbrli:xbrl/gl-btx:businessTransactions/gl-btx:transactionHeader
141,btx,3,A,,Date Posted,Date Time,0..1,,Date this entry was posted (validated) to the general ledger. May not represent the date of accounting significance which is represented by 'postingDate'.,転記済日付,この仕訳が総勘定元帳に転記された(検証された)日付。 postingDateで示されるような会計上意味のある日付を表さないかもしれない。,BT15-01,$.btx_BusinessTransactions.btx_TransactionHeader.btx_DatePosted,btx,Transaction_ Header,datePosted,/xbrli:xbrl/gl-btx:businessTransactions/gl-btx:transactionHeader/gl-btx:datePosted
142,btx,3,A,,Creator,String,0..1,,Initials/name of operator originally entering.,仕訳作成者,最初に入力したオペレータのイニシャル/名前。,BT15-02,$.btx_BusinessTransactions.btx_TransactionHeader.btx_Creator,btx,Transaction_ Header,creator,/xbrli:xbrl/gl-btx:businessTransactions/gl-btx:transactionHeader/gl-btx:creator
143,btx,3,A,,Last Modifier,String,0..1,,Identification for the last person modifying this entry before posting.,仕訳最終更新者,転記前に最後にこの仕訳を修正した者の識別子。,BT15-03,$.btx_BusinessTransactions.btx_TransactionHeader.btx_LastModifier,btx,Transaction_ Header,lastModifier,/xbrli:xbrl/gl-btx:businessTransactions/gl-btx:transactionHeader/gl-btx:lastModifier
144,btx,3,A,,Entered Date,Date Time,0..1,,"Represents the actual date/time of entry into computer (automated from system date, often misrepresented by changing system clock). Posting dates are maintained separately.",入力日付,コンピュータへ入力した実際の日付/時刻(システム日付から自動的に与えられ、システム時計の変更により、しばしば誤った値になる)を示す。 転記日付とは別に管理される。,BT15-04,$.btx_BusinessTransactions.btx_TransactionHeader.btx_EnteredDate,btx,Transaction_ Header,enteredDate,/xbrli:xbrl/gl-btx:businessTransactions/gl-btx:transactionHeader/gl-btx:enteredDate
145,btx,3,A,,Responsible Person,String,0..1,,Identifier of person who created or originated or is otherwise responsible for the entry.,責任者,仕訳を作成したか、仕訳に責任を持つ者の識別子。,BT15-05,$.btx_BusinessTransactions.btx_TransactionHeader.btx_ResponsiblePerson,btx,Transaction_ Header,responsiblePerson,/xbrli:xbrl/gl-btx:businessTransactions/gl-btx:transactionHeader/gl-btx:responsiblePerson
146,btx,3,A,,Type Code,Token,0..1,,"One of the following enumerated list: adjusting, budget, comparative, external-accountant, standard, passed-adjusting, eliminating, proposed, recurring, reclassifying, simulated, tax, other",種別識別子,"以下の値のうちのひとつ。_x005F_x000D_
整理、予算、比較、外部会計事務所、通常、無視、消去、提案、反復、組替、シミュレーション、税、その他_x005F_x000D_
[設定値のリスト]_x005F_x000D_
(adjusting：整理)、(budget：予算)、(comparative：比較)、(external-accountant：外部会計事務所)、(standard：通常)、(passed-adjusting：無視)、(eliminating：消去)、(proposed：提案)、(recurring：反復)、(reclassifying：組替)、(simulated：シミュレーション)、(tax：税)、(other：その他)",BT15-06,$.btx_BusinessTransactions.btx_TransactionHeader.btx_TypeCode,btx,Transaction_ Header,typeCode,/xbrli:xbrl/gl-btx:businessTransactions/gl-btx:transactionHeader/gl-btx:typeCode
147,btx,3,A,,Posting Code,String,0..1,,"Code for posting to period, e.g., period 1-13, based on codes in an accounting period file. We do not recommend that software vendors export here, but suggest providing period end numbers for the buckets. Possibilities W1 through W53, M1 through M13, Q1-Q4. Developers and others creating output files are encouraged to supply an actual end date.",転記コード,転記の期間を表すコード。例えば、会計期間ファイルのコードにもとづく期間１～１３。ソフトウエアベンダーが、この値をエクスポートすることは推奨しない。期間の最終番号を提供することを勧める。可能な値としては、W1からW53、M1からM13、Q1からQ4など。開発者や出力ファイルの作成者には、実際の終了日付を提供することを勧める。,BT15-07,$.btx_BusinessTransactions.btx_TransactionHeader.btx_PostingCode,btx,Transaction_ Header,postingCode,/xbrli:xbrl/gl-btx:businessTransactions/gl-btx:transactionHeader/gl-btx:postingCode
148,btx,3,A,,Number of Entries,Integer,0..1,,The total number of entries.,仕訳総数,仕訳の総数。,BT15-08,$.btx_BusinessTransactions.btx_TransactionHeader.btx_NumberofEntries,btx,Transaction_ Header,numberOfEntries,/xbrli:xbrl/gl-btx:businessTransactions/gl-btx:transactionHeader/gl-btx:numberOfEntries
149,btx,3,A,,Comment,String,0..1,,Comment of the entry,仕訳摘要,仕訳の摘要,BT15-09,$.btx_BusinessTransactions.btx_TransactionHeader.btx_Comment,btx,Transaction_ Header,comment,/xbrli:xbrl/gl-btx:businessTransactions/gl-btx:transactionHeader/gl-btx:comment
150,btx,3,A,,Header Entry Number Counter,Decimal,0..1,,Unique reference for the entry - a numeric counter,文書番号カウンタ,文書の一意なリファレンス　　カウンタ,BT15-10,$.btx_BusinessTransactions.btx_TransactionHeader.btx_HeaderEntryNumberCounter,btx,Transaction_ Header,headerEntryNumberCounter,/xbrli:xbrl/gl-btx:businessTransactions/gl-btx:transactionHeader/gl-btx:headerEntryNumberCounter
151,btx,3,A,,Header Document Type,Token,0..1,,"An enumerated field describing the original source document, with invoice, voucher, check and other enumerated entries",元文書種別,顧客への請求書、ベンダからの請求書、小切手、その他の列挙値による、元文書の説明。\n[設定値のリスト]\n(check：小切手)、(debit-memo：借方メモ)、(credit-memo：貸方メモ)、(finance-charge：財務費用)、(invoice：顧客への請求書)、(order-customer：顧客オーダ)、(order-vendor：仕入先オーダ)、(payment-other：その他支払い)、(reminder：督促状)、(tegata：手形)、(voucher：ベンダからの請求書)、(shipment：出荷票)、(receipt：受領票)、(manual-adjustment：手修正)、(other：その他),BT15-11,$.btx_BusinessTransactions.btx_TransactionHeader.btx_HeaderDocumentType,btx,Transaction_ Header,headerDocumentType,/xbrli:xbrl/gl-btx:businessTransactions/gl-btx:transactionHeader/gl-btx:headerDocumentType
152,btx,3,A,,Header Document Type Description,String,0..1,,Free format description of the document type,元文書種別説明,元文書の種別の説明。,BT15-12,$.btx_BusinessTransactions.btx_TransactionHeader.btx_HeaderDocumentTypeDescription,btx,Transaction_ Header,headerDocumentTypeDescription,/xbrli:xbrl/gl-btx:businessTransactions/gl-btx:transactionHeader/gl-btx:headerDocumentTypeDescription
153,btx,3,A,,Header Invoice Type,Token,0..1,,"Invoice Type  (self-billed, ePoS enumerated values)",請求書種別,請求書の種別。(self-billed、ePoS)\n[設定値のリスト]\n(ePos：POSシステムからの発行)、(self-billed：手動発行),BT15-13,$.btx_BusinessTransactions.btx_TransactionHeader.btx_HeaderInvoiceType,btx,Transaction_ Header,headerInvoiceType,/xbrli:xbrl/gl-btx:businessTransactions/gl-btx:transactionHeader/gl-btx:headerInvoiceType
154,btx,3,A,,Document Currency Code,QName,0..1,,Currency in which monetary amounts in the business document are expressed.,文書通貨コード,業務取引文書の金額を表すために使用する通貨を識別するコード。,BT15-14,$.btx_BusinessTransactions.btx_TransactionHeader.btx_DocumentCurrencyCode,btx,Transaction_ Header,documentCurrencyCode,/xbrli:xbrl/gl-btx:businessTransactions/gl-btx:transactionHeader/gl-btx:documentCurrencyCode
155,btx,3,A,,Tax Accounting Currency Code,QName,0..1,,Currency used for tax accounting or tax reporting when different from the document currency.,税申告通貨コード,文書通貨と異なる場合に、税務会計または税申告で使用する通貨を識別するコード。,BT15-15,$.btx_BusinessTransactions.btx_TransactionHeader.btx_TaxAccountingCurrencyCode,btx,Transaction_ Header,taxAccountingCurrencyCode,/xbrli:xbrl/gl-btx:businessTransactions/gl-btx:transactionHeader/gl-btx:taxAccountingCurrencyCode
156,btx,3,A,,Header Document Number,String,0..1,,"Invoice, check, voucher, or other source document identifier",元文書番号,請求書、小切手、証憑、その他の元文書の識別子。,BT15-16,$.btx_BusinessTransactions.btx_TransactionHeader.btx_HeaderDocumentNumber,btx,Transaction_ Header,headerDocumentNumber,/xbrli:xbrl/gl-btx:businessTransactions/gl-btx:transactionHeader/gl-btx:headerDocumentNumber
157,btx,3,A,,Header Payment Method,String,0..1,,Method used or to be used to make the payment,支払方法,支払いのために使用された、または使用される方法。,BT15-17,$.btx_BusinessTransactions.btx_TransactionHeader.btx_HeaderPaymentMethod,btx,Transaction_ Header,headerPaymentMethod,/xbrli:xbrl/gl-btx:businessTransactions/gl-btx:transactionHeader/gl-btx:headerPaymentMethod
158,btx,3,A,,Header Posting Status,Token,0..1,,"deferred: although entered, it cannot be posted until a later time\nposted: already posted\nproposed: a proposed item that must be approved\nsimulated: a simulated item, for what-if\ntax: a tax-specific entry\nunposted:entered but not yet posted or validated\ncancelled:entered and later cancelled\nother:other status - should be described in postingStatusDescription",転記状態,・据置：入力されたが、まだ転記できない。\n・転記済：転記済み。\n・提案済：検証が必要な項目。\n・シミュレーション：仮定のためにシミュレートされた項目。\n・税：税項目。\n・未転記：入力されたが、まだ検証も転記もされていない。\n・取消済：入力されたが、取り消された。\n・その他：その他の状態。postingStatusDescriptionで説明されるべき。\n[設定値のリスト]\n(deferred：据置)、(posted：転記済)、(proposed：提案済)、(simulated：シミュレーション)、(tax：税)、(unposted：未転記)、(cancelled：取消済)、(other：その他),BT15-18,$.btx_BusinessTransactions.btx_TransactionHeader.btx_HeaderPostingStatus,btx,Transaction_ Header,headerPostingStatus,/xbrli:xbrl/gl-btx:businessTransactions/gl-btx:transactionHeader/gl-btx:headerPostingStatus
159,btx,3,A,,Header Posting Status Description,String,0..1,,Free format description of the posting status,転記状態説明,転記状態の説明。,BT15-19,$.btx_BusinessTransactions.btx_TransactionHeader.btx_HeaderPostingStatusDescription,btx,Transaction_ Header,headerPostingStatusDescription,/xbrli:xbrl/gl-btx:businessTransactions/gl-btx:transactionHeader/gl-btx:headerPostingStatusDescription
160,btx,3,A,,Header Acknowledgement Date,Date Time,0..1,,Date of acknowledgement of goods/services shipped/received.,承認日付,出荷/受領済みの物品/サービスを承認した日付。,BT15-20,$.btx_BusinessTransactions.btx_TransactionHeader.btx_HeaderAcknowledgementDate,btx,Transaction_ Header,headerAcknowledgementDate,/xbrli:xbrl/gl-btx:businessTransactions/gl-btx:transactionHeader/gl-btx:headerAcknowledgementDate
161,btx,3,A,,Header Confirmation Date,Date Time,0..1,,Date of confirmation of shipment/receipt.,確認日付,出荷/受領を確認した日付。,BT15-21,$.btx_BusinessTransactions.btx_TransactionHeader.btx_HeaderConfirmationDate,btx,Transaction_ Header,headerConfirmationDate,/xbrli:xbrl/gl-btx:businessTransactions/gl-btx:transactionHeader/gl-btx:headerConfirmationDate
162,btx,3,A,,Header Ship From,String,0..1,,References Organization Address Location Identifier where used. Otherwise free form.,出荷元,使用されていれば住所識別子の参照情報。または自由記述。,BT15-22,$.btx_BusinessTransactions.btx_TransactionHeader.btx_HeaderShipFrom,btx,Transaction_ Header,headerShipFrom,/xbrli:xbrl/gl-btx:businessTransactions/gl-btx:transactionHeader/gl-btx:headerShipFrom
163,btx,3,A,,Header Date Shipped/Received,Date Time,0..1,,Date goods/services are shipped/received.,出荷/受領日付,物品/サービスを出荷/受領した日付。,BT15-23,$.btx_BusinessTransactions.btx_TransactionHeader.btx_HeaderDateShippedReceived,btx,Transaction_ Header,headerDateShippedReceived,/xbrli:xbrl/gl-btx:businessTransactions/gl-btx:transactionHeader/gl-btx:headerDateShippedReceived
164,btx,3,A,,Header Maturity Date or Date Due,Date Time,0..1,,Due date or other maturity date.,支払期日,支払期日やその他の期日。,BT15-24,$.btx_BusinessTransactions.btx_TransactionHeader.btx_HeaderMaturityDateorDateDue,btx,Transaction_ Header,headerMaturityDateOrDateDue,/xbrli:xbrl/gl-btx:businessTransactions/gl-btx:transactionHeader/gl-btx:headerMaturityDateOrDateDue
165,btx,3,A,,Header Payment Terms,String,0..1,,Discount/payment terms.,支払条件,割引/支払い条件。,BT15-25,$.btx_BusinessTransactions.btx_TransactionHeader.btx_HeaderPaymentTerms,btx,Transaction_ Header,headerPaymentTerms,/xbrli:xbrl/gl-btx:businessTransactions/gl-btx:transactionHeader/gl-btx:headerPaymentTerms
166,btx,3,C,,Header_ Adjustment,,0..*,,Document-level allowance or charge adjustment.,【ヘッダー調整】,文書レベルの値引又は追加請求の調整。,BT15-26,$.btx_BusinessTransactions.btx_TransactionHeader.btx_HeaderAdjustment,btx,Header_ Adjustment,headerAdjustment,/xbrli:xbrl/gl-btx:businessTransactions/gl-btx:transactionHeader/gl-btx:headerAdjustment
167,btx,4,A,,Adjustment Type,Token,1..1,,Type of adjustment. The current semantic discriminator values used by the EN CIUS binding are allowance and charge.,調整種別,調整の種別。現在のEN CIUS Bindingで使用する意味上の識別値は allowance（値引）及び charge（追加請求）。,BT12-01,$.btx_BusinessTransactions.btx_TransactionHeader.btx_HeaderAdjustment.btx_AdjustmentType,btx,Header_ Adjustment,headerAdjustmentType,/xbrli:xbrl/gl-btx:businessTransactions/gl-btx:transactionHeader/gl-btx:headerAdjustment/gl-btx:adjustmentType
168,btx,4,A,,Amount,Monetary,1,,Monetary amount of the adjustment.,調整金額,調整の金額。,BT12-02,$.btx_BusinessTransactions.btx_TransactionHeader.btx_HeaderAdjustment.btx_Amount,btx,Header_ Adjustment,headerAdjustmentAmount,/xbrli:xbrl/gl-btx:businessTransactions/gl-btx:transactionHeader/gl-btx:headerAdjustment/gl-btx:amount
169,btx,4,A,,Base Amount,Monetary,0..1,,Monetary base amount used to calculate the adjustment.,調整基礎金額,調整の計算に用いる基礎金額。,BT12-03,$.btx_BusinessTransactions.btx_TransactionHeader.btx_HeaderAdjustment.btx_BaseAmount,btx,Header_ Adjustment,headerAdjustmentBaseAmount,/xbrli:xbrl/gl-btx:businessTransactions/gl-btx:transactionHeader/gl-btx:headerAdjustment/gl-btx:baseAmount
170,btx,4,A,,Percentage,Pure,0..1,,"Percentage rate used to calculate the adjustment, represented as a pure numeric value.",調整率,調整の計算に用いる比率。純粋数値として表現する。,BT12-04,$.btx_BusinessTransactions.btx_TransactionHeader.btx_HeaderAdjustment.btx_Percentage,btx,Header_ Adjustment,headerAdjustmentPercentage,/xbrli:xbrl/gl-btx:businessTransactions/gl-btx:transactionHeader/gl-btx:headerAdjustment/gl-btx:percentage
171,btx,4,A,,Reason,String,0..1,,Human-readable reason for the adjustment.,調整理由,調整理由の可読テキスト。,BT12-05,$.btx_BusinessTransactions.btx_TransactionHeader.btx_HeaderAdjustment.btx_Reason,btx,Header_ Adjustment,headerAdjustmentReason,/xbrli:xbrl/gl-btx:businessTransactions/gl-btx:transactionHeader/gl-btx:headerAdjustment/gl-btx:reason
172,btx,4,A,,Reason Code,Token,0..1,,Code identifying the reason for the adjustment.,調整理由コード,調整理由を識別するコード。,BT12-06,$.btx_BusinessTransactions.btx_TransactionHeader.btx_HeaderAdjustment.btx_ReasonCode,btx,Header_ Adjustment,headerAdjustmentReasonCode,/xbrli:xbrl/gl-btx:businessTransactions/gl-btx:transactionHeader/gl-btx:headerAdjustment/gl-btx:reasonCode
173,btx,4,A,,Tax Category,Token,0..1,,Tax category applicable to the adjustment.,調整税区分,調整に適用される税区分。,BT12-07,$.btx_BusinessTransactions.btx_TransactionHeader.btx_HeaderAdjustment.btx_TaxCategory,btx,Header_ Adjustment,headerAdjustmentTaxCategory,/xbrli:xbrl/gl-btx:businessTransactions/gl-btx:transactionHeader/gl-btx:headerAdjustment/gl-btx:taxCategory
174,btx,4,A,,Tax Rate,Pure,0..1,,Tax percentage rate applicable to the adjustment.,調整税率,調整に適用される税率。,BT12-08,$.btx_BusinessTransactions.btx_TransactionHeader.btx_HeaderAdjustment.btx_TaxRate,btx,Header_ Adjustment,headerAdjustmentTaxRate,/xbrli:xbrl/gl-btx:businessTransactions/gl-btx:transactionHeader/gl-btx:headerAdjustment/gl-btx:taxRate
175,btx,3,R,,Applied Invoice_ Referenced Document,,0..1,,"Document number of primary invoice number, used to offset payments, debits and credits; for an invoice, usually the same as the documentNumber. When calculating open balance on an invoice, or open amount on payments in advance or not fully applied, this permits calculation of the open item.",適用先番号,支払、借方、貸方の相殺に使用される、一次請求書の文書番号。請求書では通常documentNumberと等しい。未決済の請求書残高や、未決済の支払金額の計算時に、利用できる。,BT15-27,$.btx_BusinessTransactions.btx_TransactionHeader.btx_AppliedInvoiceReferencedDocument,btx,Referenced Document,appliedInvoiceReferencedDocument,/xbrli:xbrl/gl-btx:businessTransactions/gl-btx:transactionHeader/gl-btx:appliedInvoiceReferencedDocument
176,btx,4,A,REF,Document Number,String,1,,Document number,発生元文書番号,発生元文書の番号。,BT10-02,$.btx_BusinessTransactions.btx_TransactionHeader.btx_AppliedInvoiceReferencedDocument.btx_DocumentNumber,btx,Referenced Document,appliedInvoiceReferencedDocumentNumber,/xbrli:xbrl/gl-btx:businessTransactions/gl-btx:transactionHeader/gl-btx:appliedInvoiceReferencedDocument/gl-btx:documentNumber
177,btx,3,C,,Referenced Document,,0..*,,Reference for the document; number assigned to track the document,元文書参照情報,上の文書のための内部参照情報。文書を追跡するために内部的に割り当てた番号。,BT15-28,$.btx_BusinessTransactions.btx_TransactionHeader.btx_ReferencedDocument,btx,Referenced Document,transactionHeaderReferencedDocument,/xbrli:xbrl/gl-btx:businessTransactions/gl-btx:transactionHeader/gl-btx:referencedDocument
178,btx,4,A,,Document Type,Token,0..1,,"Document type  check, debit-memo, credit-memo, finance-charge, invoice, order-customer, order-vendor, payment-other, reminder, tegata, voucher, shipment, receipt, manual-adjustment, other.",発生元文書種別,発生元文書の種別。小切手(check)、借方メモ(debit-memo)、貸方メモ(credit-memo)、財務費用(finance-charge)、顧客への請求書(invoice)、顧客オーダ(order-customer)、仕入先オーダ(order-vendor)、その他支払い(payment-other)、督促状(reminder)、手形(tegata)、ベンダからの請求書(voucher)、出荷票(shipment)、受領票(receipt)、手修正(manual-adjustment)、その他(other),BT10-01,$.btx_BusinessTransactions.btx_TransactionHeader.btx_ReferencedDocument.btx_DocumentType,btx,Referenced Document,transactionHeaderReferencedDocumentType,/xbrli:xbrl/gl-btx:businessTransactions/gl-btx:transactionHeader/gl-btx:referencedDocument/gl-btx:documentType
179,btx,4,A,PK,Document Number,String,1,,Document number,発生元文書番号,発生元文書の番号。,BT10-02,$.btx_BusinessTransactions.btx_TransactionHeader.btx_ReferencedDocument.btx_DocumentNumber,btx,Referenced Document,transactionHeaderReferencedDocumentNumber,/xbrli:xbrl/gl-btx:businessTransactions/gl-btx:transactionHeader/gl-btx:referencedDocument/gl-btx:documentNumber
180,btx,4,A,,Document Date,Date,0..1,,Document date,発生元文書日付,発生元文書の日付。,BT10-03,$.btx_BusinessTransactions.btx_TransactionHeader.btx_ReferencedDocument.btx_DocumentDate,btx,Referenced Document,transactionHeaderReferencedDocumentDate,/xbrli:xbrl/gl-btx:businessTransactions/gl-btx:transactionHeader/gl-btx:referencedDocument/gl-btx:documentDate
181,btx,4,A,,Document Identifier Type,Token,0..1,,"Document identifier type. Enumerated as: C, customer, E, employee, V, vendor, O, other, I, salesperson-internal, X, salesperson-external, N, contractor.",発生元文書対象CVE種別,発生元文書の対象となるCVEの種別。_x005F_x000D_ [設定値のリスト]_x005F_x000D_ (C)、(customer：顧客)、(E)、(employee：従業員)、(V)、(vendor：仕入先)、(O)、(other：その他)、(I)、(salesperson-internal：店舗内販売員)、(X)、(salesperson-external：外交販売員)、(N)、(contractor：請負者),BT10-04,$.btx_BusinessTransactions.btx_TransactionHeader.btx_ReferencedDocument.btx_DocumentIdentifierType,btx,Referenced Document,transactionHeaderReferencedDocumentIdentifierType,/xbrli:xbrl/gl-btx:businessTransactions/gl-btx:transactionHeader/gl-btx:referencedDocument/gl-btx:documentIdentifierType
182,btx,4,A,,Document Identifier Code,String,0..1,,Document identifier code,発生元文書対象CVEコード,発生元文書の対象となるCVEのコード。,BT10-05,$.btx_BusinessTransactions.btx_TransactionHeader.btx_ReferencedDocument.btx_DocumentIdentifierCode,btx,Referenced Document,transactionHeaderReferencedDocumentIdentifierCode,/xbrli:xbrl/gl-btx:businessTransactions/gl-btx:transactionHeader/gl-btx:referencedDocument/gl-btx:documentIdentifierCode
183,btx,4,A,,Received Date,Date Time,0..1,,Date/time document was noted as received (if necessary). Represents actual date received. Posting dates are maintained separately.,元文書受領日付,（必要であれば）文書の受領が記録された日付/時刻。実際に受領された日付をあらわす。転記日付は別に管理される。,BT10-06,$.btx_BusinessTransactions.btx_TransactionHeader.btx_ReferencedDocument.btx_ReceivedDate,btx,Referenced Document,transactionHeaderReferencedDocumentReceivedDate,/xbrli:xbrl/gl-btx:businessTransactions/gl-btx:transactionHeader/gl-btx:referencedDocument/gl-btx:receivedDate
184,btx,4,A,,Document Location,String,0..1,,"Document location as URI, file name or other reference. Alternatively, text of document can be placed here.",元文書格納場所,文書の格納場所である、URI、ファイル名またはその他の参照情報。代わりに、文書のテキストも記述可能。,BT10-07,$.btx_BusinessTransactions.btx_TransactionHeader.btx_ReferencedDocument.btx_DocumentLocation,btx,Referenced Document,transactionHeaderReferencedDocumentLocation,/xbrli:xbrl/gl-btx:businessTransactions/gl-btx:transactionHeader/gl-btx:referencedDocument/gl-btx:documentLocation
185,btx,4,A,,Reference Purpose,Token,0..1,,"Purpose discriminator identifying the business purpose of a Referenced Document occurrence, such as project, contract, or tender/lot reference.",参照目的,参照文書の出現が、プロジェクト、契約、入札・ロット参照など、どの業務目的の参照であるかを識別する区分。,BT10-08,$.btx_BusinessTransactions.btx_TransactionHeader.btx_ReferencedDocument.btx_ReferencePurpose,btx,Referenced Document,transactionHeaderReferencedDocumentReferencePurpose,/xbrli:xbrl/gl-btx:businessTransactions/gl-btx:transactionHeader/gl-btx:referencedDocument/gl-btx:referencePurpose
186,btx,3,C,,Header_ Party,,0..*,,Party participating in the transaction document at header level.,【ヘッダー取引当事者】,取引文書のヘッダーレベルに関係する取引当事者。,BT15-29,$.btx_BusinessTransactions.btx_TransactionHeader.btx_HeaderParty,btx,Header_ Party,headerParty,/xbrli:xbrl/gl-btx:businessTransactions/gl-btx:transactionHeader/gl-btx:headerParty
187,btx,4,A,,Party Name,String,0..1,,Name by which the party is identified.,当事者名,当事者を識別するための名称。,BT02-01,$.btx_BusinessTransactions.btx_TransactionHeader.btx_HeaderParty.btx_PartyName,btx,Header_ Party,headerPartyName,/xbrli:xbrl/gl-btx:businessTransactions/gl-btx:transactionHeader/gl-btx:headerParty/gl-btx:partyName
188,btx,4,A,,Party ID,String,0..1,,Identifier assigned to the party.,当事者識別子,当事者を識別するために付与された識別子。,BT02-02,$.btx_BusinessTransactions.btx_TransactionHeader.btx_HeaderParty.btx_PartyID,btx,Header_ Party,headerPartyId,/xbrli:xbrl/gl-btx:businessTransactions/gl-btx:transactionHeader/gl-btx:headerParty/gl-btx:partyId
189,btx,4,A,,Party Role,Token,0..1,,Role performed by the party in the applicable business context.,当事者役割,当該業務コンテキストにおいて当事者が果たす役割。,BT02-03,$.btx_BusinessTransactions.btx_TransactionHeader.btx_HeaderParty.btx_PartyRole,btx,Header_ Party,headerPartyRole,/xbrli:xbrl/gl-btx:businessTransactions/gl-btx:transactionHeader/gl-btx:headerParty/gl-btx:partyRole
190,btx,4,A,,Party Business Description,String,0..1,,Description of the nature of the business of the party.,業種説明,当事者が営む事業の種類または内容についての説明。,BT02-04,$.btx_BusinessTransactions.btx_TransactionHeader.btx_HeaderParty.btx_PartyBusinessDescription,btx,Header_ Party,headerPartyBusinessDescription,/xbrli:xbrl/gl-btx:businessTransactions/gl-btx:transactionHeader/gl-btx:headerParty/gl-btx:partyBusinessDescription
191,bus,4,C,,Party_ Phone,,0..*,,Primary phone number of the party.,【事業体電話番号】,事業体の主要電話番号情報。,BT02-05,$.btx_BusinessTransactions.btx_TransactionHeader.btx_HeaderParty.btx_PartyPhone,bus,Party_ Phone,headerPartyPhone,/xbrli:xbrl/gl-btx:businessTransactions/gl-btx:transactionHeader/gl-btx:headerParty/gl-bus:partyPhone
192,bus,5,A,PK,Phone Number,String,1,,Phone number referred to in Phone Number Description'\.,電話番号,電話番号用途で示される電話番号。,BU01-01,$.btx_BusinessTransactions.btx_TransactionHeader.btx_HeaderParty.btx_PartyPhone.bus_PhoneNumber,bus,Party_ Phone,headerPartyPhoneNumber,/xbrli:xbrl/gl-btx:businessTransactions/gl-btx:transactionHeader/gl-btx:headerParty/gl-bus:partyPhone/gl-bus:phoneNumber
193,bus,5,A,,Phone Number Description,String,0..1,,"Entity Phone Number Description such as Main, Investor relations. Enumerated as: bookkeeper, controller, direct, fax, investor-relations, main, switchboard, other.",電話番号用途,"代表、IR用などの、電話番号の用途。
[設定値のリスト]
(bookkeeper：記帳係)、(controller：会計責任者)、(direct：直通)、(fax：FAX)、(investor-relations：IR窓口)、(main：代表)、(switchboard：交換台)、(other：その他)",BU01-02,$.btx_BusinessTransactions.btx_TransactionHeader.btx_HeaderParty.btx_PartyPhone.bus_PhoneNumberDescription,bus,Party_ Phone,headerPartyPhoneNumberDescription,/xbrli:xbrl/gl-btx:businessTransactions/gl-btx:transactionHeader/gl-btx:headerParty/gl-bus:partyPhone/gl-bus:phoneNumberDescription
194,bus,4,C,,Party_ Fax,,0..*,,Class for holding company fax information.,【事業体FAX番号】,事業体のFAX番号情報のタプル。,BT02-06,$.btx_BusinessTransactions.btx_TransactionHeader.btx_HeaderParty.btx_PartyFax,bus,Party_ Fax,headerPartyFax,/xbrli:xbrl/gl-btx:businessTransactions/gl-btx:transactionHeader/gl-btx:headerParty/gl-bus:partyFax
195,bus,5,A,PK,Fax Number,String,1,,Fax Number,FAX番号,FAX番号。,BU06-01,$.btx_BusinessTransactions.btx_TransactionHeader.btx_HeaderParty.btx_PartyFax.bus_FaxNumber,bus,Party_ Fax,headerPartyFaxNumber,/xbrli:xbrl/gl-btx:businessTransactions/gl-btx:transactionHeader/gl-btx:headerParty/gl-bus:partyFax/gl-bus:faxNumber
196,bus,5,A,,Fax Number Usage,String,0..1,,"Fax number usage (e.g. orders, head office, IR)",FAX番号用途,FAX番号の用途。(注文、本社、IRなど),BU06-02,$.btx_BusinessTransactions.btx_TransactionHeader.btx_HeaderParty.btx_PartyFax.bus_FaxNumberUsage,bus,Party_ Fax,headerPartyFaxNumberUsage,/xbrli:xbrl/gl-btx:businessTransactions/gl-btx:transactionHeader/gl-btx:headerParty/gl-bus:partyFax/gl-bus:faxNumberUsage
197,bus,4,C,,Party_ Email,,0..*,,Class for holding company email information.,【事業体Eメールアドレス】,事業体のEメールアドレス情報のタプル。,BT02-07,$.btx_BusinessTransactions.btx_TransactionHeader.btx_HeaderParty.btx_PartyEmail,bus,Party_ Email,headerPartyEmail,/xbrli:xbrl/gl-btx:businessTransactions/gl-btx:transactionHeader/gl-btx:headerParty/gl-bus:partyEmail
198,bus,5,A,PK,Email Address,String,1,,Email Address,Eメールアドレス,Eメールアドレス。,BU11-01,$.btx_BusinessTransactions.btx_TransactionHeader.btx_HeaderParty.btx_PartyEmail.bus_EmailAddress,bus,Party_ Email,headerPartyEmailAddress,/xbrli:xbrl/gl-btx:businessTransactions/gl-btx:transactionHeader/gl-btx:headerParty/gl-bus:partyEmail/gl-bus:emailAddress
199,bus,5,A,,Email Address Usage,String,0..1,,"Email address usage (e.g. orders, head office, IR)",Eメールアドレス用途,Eメールアドレスの用途。(注文、本社、IRなど),BU11-02,$.btx_BusinessTransactions.btx_TransactionHeader.btx_HeaderParty.btx_PartyEmail.bus_EmailAddressUsage,bus,Party_ Email,headerPartyEmailAddressUsage,/xbrli:xbrl/gl-btx:businessTransactions/gl-btx:transactionHeader/gl-btx:headerParty/gl-bus:partyEmail/gl-bus:emailAddressUsage
200,bus,4,C,,Party_ Address,,0..*,,Address class for the party,【住所】,報告事業体の住所構造体。,BT02-08,$.btx_BusinessTransactions.btx_TransactionHeader.btx_HeaderParty.btx_PartyAddress,bus,Party_ Address,headerPartyAddress,/xbrli:xbrl/gl-btx:businessTransactions/gl-btx:transactionHeader/gl-btx:headerParty/gl-bus:partyAddress
201,bus,5,A,,Name,String,0..1,,Address Name,住所名,住所の名前。,BU21-01,$.btx_BusinessTransactions.btx_TransactionHeader.btx_HeaderParty.btx_PartyAddress.bus_Name,bus,Party_ Address,headerPartyAddressName,/xbrli:xbrl/gl-btx:businessTransactions/gl-btx:transactionHeader/gl-btx:headerParty/gl-bus:partyAddress/gl-bus:name
202,bus,5,A,,Description,String,0..1,,Address Description,住所説明,住所の説明。,BU21-02,$.btx_BusinessTransactions.btx_TransactionHeader.btx_HeaderParty.btx_PartyAddress.bus_Description,bus,Party_ Address,headerPartyAddressDescription,/xbrli:xbrl/gl-btx:businessTransactions/gl-btx:transactionHeader/gl-btx:headerParty/gl-bus:partyAddress/gl-bus:description
203,bus,5,A,,Purpose,String,0..1,,Address Purpose,住所目的,住所の目的。,BU21-03,$.btx_BusinessTransactions.btx_TransactionHeader.btx_HeaderParty.btx_PartyAddress.bus_Purpose,bus,Party_ Address,headerPartyAddressPurpose,/xbrli:xbrl/gl-btx:businessTransactions/gl-btx:transactionHeader/gl-btx:headerParty/gl-bus:partyAddress/gl-bus:purpose
204,bus,5,A,,Location ID,String,0..1,,A code used to identify the location and to associate it with contacts and transactions,所在地識別子,所在地を識別したり、窓口や取引と関係付けるコード。,BU21-04,$.btx_BusinessTransactions.btx_TransactionHeader.btx_HeaderParty.btx_PartyAddress.bus_LocationID,bus,Party_ Address,headerPartyAddressLocationId,/xbrli:xbrl/gl-btx:businessTransactions/gl-btx:transactionHeader/gl-btx:headerParty/gl-bus:partyAddress/gl-bus:locationId
205,bus,5,A,,Building Number,String,0..1,,Building Number,住所建物番号,建物番号。,BU21-05,$.btx_BusinessTransactions.btx_TransactionHeader.btx_HeaderParty.btx_PartyAddress.bus_BuildingNumber,bus,Party_ Address,headerPartyAddressBuildingNumber,/xbrli:xbrl/gl-btx:businessTransactions/gl-btx:transactionHeader/gl-btx:headerParty/gl-bus:partyAddress/gl-bus:buildingNumber
206,bus,5,A,,Street,String,0..1,,Street address,住所通り,住所の通り。,BU21-06,$.btx_BusinessTransactions.btx_TransactionHeader.btx_HeaderParty.btx_PartyAddress.bus_Street,bus,Party_ Address,headerPartyAddressStreet,/xbrli:xbrl/gl-btx:businessTransactions/gl-btx:transactionHeader/gl-btx:headerParty/gl-bus:partyAddress/gl-bus:street
207,bus,5,A,,Address Detail,String,0..1,,Address Detail,住所詳細,住所詳細。,BU21-07,$.btx_BusinessTransactions.btx_TransactionHeader.btx_HeaderParty.btx_PartyAddress.bus_AddressDetail,bus,Party_ Address,headerPartyAddressDetail,/xbrli:xbrl/gl-btx:businessTransactions/gl-btx:transactionHeader/gl-btx:headerParty/gl-bus:partyAddress/gl-bus:addressDetail
208,bus,5,A,,City,String,0..1,,City,住所都市,住所の都市。,BU21-08,$.btx_BusinessTransactions.btx_TransactionHeader.btx_HeaderParty.btx_PartyAddress.bus_City,bus,Party_ Address,headerPartyAddressCity,/xbrli:xbrl/gl-btx:businessTransactions/gl-btx:transactionHeader/gl-btx:headerParty/gl-bus:partyAddress/gl-bus:city
209,bus,5,A,,State or Province,String,0..1,,"State, province or region",住所州,住所の州や地方。,BU21-09,$.btx_BusinessTransactions.btx_TransactionHeader.btx_HeaderParty.btx_PartyAddress.bus_StateorProvince,bus,Party_ Address,headerPartyAddressStateOrProvince,/xbrli:xbrl/gl-btx:businessTransactions/gl-btx:transactionHeader/gl-btx:headerParty/gl-bus:partyAddress/gl-bus:stateOrProvince
210,bus,5,A,,Country,String,0..1,,Country,住所国,住所の国。,BU21-10,$.btx_BusinessTransactions.btx_TransactionHeader.btx_HeaderParty.btx_PartyAddress.bus_Country,bus,Party_ Address,headerPartyAddressCountry,/xbrli:xbrl/gl-btx:businessTransactions/gl-btx:transactionHeader/gl-btx:headerParty/gl-bus:partyAddress/gl-bus:country
211,bus,5,A,,Zip or Postal Code,String,0..1,,Zip or other postal code,住所郵便番号,住所の郵便番号。,BU21-11,$.btx_BusinessTransactions.btx_TransactionHeader.btx_HeaderParty.btx_PartyAddress.bus_ZiporPostalCode,bus,Party_ Address,headerPartyAddressZipOrPostalCode,/xbrli:xbrl/gl-btx:businessTransactions/gl-btx:transactionHeader/gl-btx:headerParty/gl-bus:partyAddress/gl-bus:zipOrPostalCode
212,bus,5,A,,Active Indicator,Boolean,0..1,,"Boolean to indicate whether the address is active (=""true"") or inactive (=""false"")",住所有効性,住所が有効か無効かを示すブール値。,BU21-12,$.btx_BusinessTransactions.btx_TransactionHeader.btx_HeaderParty.btx_PartyAddress.bus_ActiveIndicator,bus,Party_ Address,headerPartyAddressActiveIndicator,/xbrli:xbrl/gl-btx:businessTransactions/gl-btx:transactionHeader/gl-btx:headerParty/gl-bus:partyAddress/gl-bus:activeIndicator
213,bus,4,C,,Party_ Web Site,,0..*,,Primary web site of the party.,【事業体Webサイト】,事業体の代表ウェブサイト。,BT02-09,$.btx_BusinessTransactions.btx_TransactionHeader.btx_HeaderParty.btx_PartyWebSite,bus,Party_ Web Site,headerPartyWebSite,/xbrli:xbrl/gl-btx:businessTransactions/gl-btx:transactionHeader/gl-btx:headerParty/gl-bus:partyWebSite
214,bus,5,A,PK,Web Site URL,anyURI,1,,Valid URL of the web site. Should be full URL.,WebサイトURL,ウェブサイトの有効なURL。 完全なURLであるべき。,BU16-01,$.btx_BusinessTransactions.btx_TransactionHeader.btx_HeaderParty.btx_PartyWebSite.bus_WebSiteURL,bus,Party_ Web Site,headerPartyWebSiteUrl,/xbrli:xbrl/gl-btx:businessTransactions/gl-btx:transactionHeader/gl-btx:headerParty/gl-bus:partyWebSite/gl-bus:webSiteUrl
215,bus,5,A,,Web Site Description,String,0..1,,Description of the web site.,Webサイト説明,ウェブサイトの説明。,BU16-02,$.btx_BusinessTransactions.btx_TransactionHeader.btx_HeaderParty.btx_PartyWebSite.bus_WebSiteDescription,bus,Party_ Web Site,headerPartyWebSiteDescription,/xbrli:xbrl/gl-btx:businessTransactions/gl-btx:transactionHeader/gl-btx:headerParty/gl-bus:partyWebSite/gl-bus:webSiteDescription
216,bus,4,C,,Party_ Contact,,0..*,,Information about contacts.,【担当者情報】,担当者に関する情報。,BT02-10,$.btx_BusinessTransactions.btx_TransactionHeader.btx_HeaderParty.btx_PartyContact,bus,Party_ Contact,headerPartyContact,/xbrli:xbrl/gl-btx:businessTransactions/gl-btx:transactionHeader/gl-btx:headerParty/gl-bus:partyContact
217,bus,5,A,,Contact Prefix,String,0..1,,"Prefix (e.g. Dr., Mr., Mrs.)",敬称,敬称(Dr.、Mr.、Mrs.など),BU22-01,$.btx_BusinessTransactions.btx_TransactionHeader.btx_HeaderParty.btx_PartyContact.bus_ContactPrefix,bus,Party_ Contact,headerPartyContactPrefix,/xbrli:xbrl/gl-btx:businessTransactions/gl-btx:transactionHeader/gl-btx:headerParty/gl-bus:partyContact/gl-bus:contactPrefix
218,bus,5,A,,Contact Last Name,String,0..1,,Last or family name,姓,姓,BU22-02,$.btx_BusinessTransactions.btx_TransactionHeader.btx_HeaderParty.btx_PartyContact.bus_ContactLastName,bus,Party_ Contact,headerPartyContactLastName,/xbrli:xbrl/gl-btx:businessTransactions/gl-btx:transactionHeader/gl-btx:headerParty/gl-bus:partyContact/gl-bus:contactLastName
219,bus,5,A,,Contact First Name,String,0..1,,First or given name,名,名、クリスチャンネーム,BU22-03,$.btx_BusinessTransactions.btx_TransactionHeader.btx_HeaderParty.btx_PartyContact.bus_ContactFirstName,bus,Party_ Contact,headerPartyContactFirstName,/xbrli:xbrl/gl-btx:businessTransactions/gl-btx:transactionHeader/gl-btx:headerParty/gl-bus:partyContact/gl-bus:contactFirstName
220,bus,5,A,,Contact Suffix,String,0..1,,"Suffix (e.g. MD, CPA, Jr.)",付加名称,付加名称(MD、CPA、Jr.など),BU22-04,$.btx_BusinessTransactions.btx_TransactionHeader.btx_HeaderParty.btx_PartyContact.bus_ContactSuffix,bus,Party_ Contact,headerPartyContactSuffix,/xbrli:xbrl/gl-btx:businessTransactions/gl-btx:transactionHeader/gl-btx:headerParty/gl-bus:partyContact/gl-bus:contactSuffix
221,bus,5,A,,Contact Attention Line,String,0..1,,Attention Line,アテンションライン,アテンションライン,BU22-05,$.btx_BusinessTransactions.btx_TransactionHeader.btx_HeaderParty.btx_PartyContact.bus_ContactAttentionLine,bus,Party_ Contact,headerPartyContactAttentionLine,/xbrli:xbrl/gl-btx:businessTransactions/gl-btx:transactionHeader/gl-btx:headerParty/gl-bus:partyContact/gl-bus:contactAttentionLine
222,bus,5,A,,Contact Position Role,String,0..1,,Position or role,地位/役職,地位や役職。,BU22-06,$.btx_BusinessTransactions.btx_TransactionHeader.btx_HeaderParty.btx_PartyContact.bus_ContactPositionRole,bus,Party_ Contact,headerPartyContactPositionRole,/xbrli:xbrl/gl-btx:businessTransactions/gl-btx:transactionHeader/gl-btx:headerParty/gl-bus:partyContact/gl-bus:contactPositionRole
223,bus,5,A,,Contact Contact Type,Token,0..1,,"Role of contact. Examples include: Source Service, Sender, Recipient, Invoicer, Auditor, Accountant",担当者役割,担当者の役割。例：ソースサービス、送付元、受取人、請求先、監査人、会計事務所。,BU22-07,$.btx_BusinessTransactions.btx_TransactionHeader.btx_HeaderParty.btx_PartyContact.bus_ContactContactType,bus,Party_ Contact,headerPartyContactContactType,/xbrli:xbrl/gl-btx:businessTransactions/gl-btx:transactionHeader/gl-btx:headerParty/gl-bus:partyContact/gl-bus:contactContactType
224,bus,5,A,,Contact Location ID cross reference,String,0..1,,This code is used to associate the contact with a specific location for the Entity. Its value should be the same as that of the organizationAddressLocationIdentifier,所在地相互参照情報,担当者と事業体の位置情報を関係付けるためのコード。organizationAddressLocationIdentifierと同じ値であるべき。,BU22-08,$.btx_BusinessTransactions.btx_TransactionHeader.btx_HeaderParty.btx_PartyContact.bus_ContactLocationIDcrossreference,bus,Party_ Contact,headerPartyContactLocationIdCrossReference,/xbrli:xbrl/gl-btx:businessTransactions/gl-btx:transactionHeader/gl-btx:headerParty/gl-bus:partyContact/gl-bus:contactLocationIdCrossReference
225,bus,5,A,,Contact Active,Boolean,0..1,,"Boolean to indicate whether the contact is active (=""true"") or inactive (=""false"")",担当者有効性,担当者が有効か無効かを示すブール値。,BU22-09,$.btx_BusinessTransactions.btx_TransactionHeader.btx_HeaderParty.btx_PartyContact.bus_ContactActive,bus,Party_ Contact,headerPartyContactActive,/xbrli:xbrl/gl-btx:businessTransactions/gl-btx:transactionHeader/gl-btx:headerParty/gl-bus:partyContact/gl-bus:contactActive
226,bus,5,C,,Contact_ Phone,,0..*,,Contact Phone Number,【担当者電話番号】,担当者の電話番号。,BU22-10,$.btx_BusinessTransactions.btx_TransactionHeader.btx_HeaderParty.btx_PartyContact.bus_ContactPhone,bus,Contact_ Phone,headerPartyContactPhone,/xbrli:xbrl/gl-btx:businessTransactions/gl-btx:transactionHeader/gl-btx:headerParty/gl-bus:partyContact/gl-bus:contactPhone
227,bus,6,A,PK,Phone Number,String,1,,Phone number referred to in Phone Number Description'\.,電話番号,電話番号用途で示される電話番号。,BU03-01,$.btx_BusinessTransactions.btx_TransactionHeader.btx_HeaderParty.btx_PartyContact.bus_ContactPhone.bus_PhoneNumber,bus,Contact_ Phone,headerPartyContactPhoneNumber,/xbrli:xbrl/gl-btx:businessTransactions/gl-btx:transactionHeader/gl-btx:headerParty/gl-bus:partyContact/gl-bus:contactPhone/gl-bus:phoneNumber
228,bus,6,A,,Phone Number Description,String,0..1,,"Entity Phone Number Description such as Main, Investor relations. Enumerated as: bookkeeper, controller, direct, fax, investor-relations, main, switchboard, other.",電話番号用途,"代表、IR用などの、電話番号の用途。
[設定値のリスト]
(bookkeeper：記帳係)、(controller：会計責任者)、(direct：直通)、(fax：FAX)、(investor-relations：IR窓口)、(main：代表)、(switchboard：交換台)、(other：その他)",BU03-02,$.btx_BusinessTransactions.btx_TransactionHeader.btx_HeaderParty.btx_PartyContact.bus_ContactPhone.bus_PhoneNumberDescription,bus,Contact_ Phone,headerPartyContactPhoneNumberDescription,/xbrli:xbrl/gl-btx:businessTransactions/gl-btx:transactionHeader/gl-btx:headerParty/gl-bus:partyContact/gl-bus:contactPhone/gl-bus:phoneNumberDescription
229,bus,5,C,,Contact_ Fax,,0..*,,Contact Fax Number Class,【担当者FAX番号】,担当者のFAX番号の構造体。,BU22-11,$.btx_BusinessTransactions.btx_TransactionHeader.btx_HeaderParty.btx_PartyContact.bus_ContactFax,bus,Contact_ Fax,headerPartyContactFax,/xbrli:xbrl/gl-btx:businessTransactions/gl-btx:transactionHeader/gl-btx:headerParty/gl-bus:partyContact/gl-bus:contactFax
230,bus,6,A,PK,Fax Number,String,1,,Fax Number,FAX番号,FAX番号。,BU08-01,$.btx_BusinessTransactions.btx_TransactionHeader.btx_HeaderParty.btx_PartyContact.bus_ContactFax.bus_FaxNumber,bus,Contact_ Fax,headerPartyContactFaxNumber,/xbrli:xbrl/gl-btx:businessTransactions/gl-btx:transactionHeader/gl-btx:headerParty/gl-bus:partyContact/gl-bus:contactFax/gl-bus:faxNumber
231,bus,6,A,,Fax Number Usage,String,0..1,,"Fax number usage (e.g. orders, head office, IR)",FAX番号用途,FAX番号の用途。(注文、本社、IRなど),BU08-02,$.btx_BusinessTransactions.btx_TransactionHeader.btx_HeaderParty.btx_PartyContact.bus_ContactFax.bus_FaxNumberUsage,bus,Contact_ Fax,headerPartyContactFaxNumberUsage,/xbrli:xbrl/gl-btx:businessTransactions/gl-btx:transactionHeader/gl-btx:headerParty/gl-bus:partyContact/gl-bus:contactFax/gl-bus:faxNumberUsage
232,bus,5,C,,Contact_ Email,,0..*,,Contact E-mail address class,【担当者Eメールアドレス】,担当者のEメールアドレスの構造体。,BU22-12,$.btx_BusinessTransactions.btx_TransactionHeader.btx_HeaderParty.btx_PartyContact.bus_ContactEmail,bus,Contact_ Email,headerPartyContactEmail,/xbrli:xbrl/gl-btx:businessTransactions/gl-btx:transactionHeader/gl-btx:headerParty/gl-bus:partyContact/gl-bus:contactEmail
233,bus,6,A,PK,Email Address,String,1,,Email Address,Eメールアドレス,Eメールアドレス。,BU13-01,$.btx_BusinessTransactions.btx_TransactionHeader.btx_HeaderParty.btx_PartyContact.bus_ContactEmail.bus_EmailAddress,bus,Contact_ Email,headerPartyContactEmailAddress,/xbrli:xbrl/gl-btx:businessTransactions/gl-btx:transactionHeader/gl-btx:headerParty/gl-bus:partyContact/gl-bus:contactEmail/gl-bus:emailAddress
234,bus,6,A,,Email Address Usage,String,0..1,,"Email address usage (e.g. orders, head office, IR)",Eメールアドレス用途,Eメールアドレスの用途。(注文、本社、IRなど),BU13-02,$.btx_BusinessTransactions.btx_TransactionHeader.btx_HeaderParty.btx_PartyContact.bus_ContactEmail.bus_EmailAddressUsage,bus,Contact_ Email,headerPartyContactEmailAddressUsage,/xbrli:xbrl/gl-btx:businessTransactions/gl-btx:transactionHeader/gl-btx:headerParty/gl-bus:partyContact/gl-bus:contactEmail/gl-bus:emailAddressUsage
235,btx,4,C,,Organization Identifier,,0..*,,Class which contains various identifiers for theparty.,【識別子】,組織に関する様々な識別子を含むセクション。,BT02-11,$.btx_BusinessTransactions.btx_TransactionHeader.btx_HeaderParty.btx_OrganizationIdentifier,btx,Organization Identifier,headerPartyOrganizationIdentifier,/xbrli:xbrl/gl-btx:businessTransactions/gl-btx:transactionHeader/gl-btx:headerParty/gl-btx:organizationIdentifier
236,btx,5,A,PK,Organization Identifier Code,String,1,,"Code representing the company or organization whose data this file represents: used for situations where one user (e.g., a CPA) needs to keep track of multiple organizations' files (e.g., multiple clients). Can be EIN#, client #, internal/external identifier, SIC code. Codes which identifies the entity. Includes the code identifier of the authority issuing the code, a colon, and the code itself. For example, CIK:01234567 for the CIK number issued by SEC EDGAR.",事業体識別子,このファイルでデータを表現している会社や組織のコード。ひとりのユーザ(例えば、公認会計士)が複数の組織(例えば、複数の顧客)のファイルを把握する必要がある場合に使用される。 EIN番号、顧客番号、内部/外部識別子、SICコードであってよい。事業体の識別子をコード化する。コードを発行する権威ある組織のコード識別子、コロン、およびコードそのものを含む。 例えば、SEC　EDGARが発行したCIK番号　CIK: 01234567。,BT01-01,$.btx_BusinessTransactions.btx_TransactionHeader.btx_HeaderParty.btx_OrganizationIdentifier.btx_OrganizationIdentifierCode,btx,Organization Identifier,headerPartyOrganizationIdentifierCode,/xbrli:xbrl/gl-btx:businessTransactions/gl-btx:transactionHeader/gl-btx:headerParty/gl-btx:organizationIdentifier/gl-btx:organizationIdentifierCode
237,btx,5,A,,Organization Identifier Purpose,String,1,,Purpose or role for which the organization identifier is used.,組織識別子用途,組織識別子が使用される目的または役割を示す。,BT01-02,$.btx_BusinessTransactions.btx_TransactionHeader.btx_HeaderParty.btx_OrganizationIdentifier.btx_OrganizationIdentifierPurpose,btx,Organization Identifier,headerPartyOrganizationIdentifierPurpose,/xbrli:xbrl/gl-btx:businessTransactions/gl-btx:transactionHeader/gl-btx:headerParty/gl-btx:organizationIdentifier/gl-btx:organizationIdentifierPurpose
238,btx,5,A,,Organization Identifier Issuing Agency,String,1,,Organization or authority that issued or assigned the organization identifier.,組織識別子発行機関,組織識別子を発行または付与した組織若しくは機関。,BT01-03,$.btx_BusinessTransactions.btx_TransactionHeader.btx_HeaderParty.btx_OrganizationIdentifier.btx_OrganizationIdentifierIssuingAgency,btx,Organization Identifier,headerPartyOrganizationIdentifierIssuingAgency,/xbrli:xbrl/gl-btx:businessTransactions/gl-btx:transactionHeader/gl-btx:headerParty/gl-btx:organizationIdentifier/gl-btx:organizationIdentifierIssuingAgency
239,btx,5,A,,Organization Identifier Description,String,0..1,,Text describing the organization identified by the organization identifier. Includes any relevant information about the code itself (e.g. issuing authority).,事業体説明,事業体識別子によって特定された組織の説明文。 コードに関するなんらかの記述情報。,BT01-04,$.btx_BusinessTransactions.btx_TransactionHeader.btx_HeaderParty.btx_OrganizationIdentifier.btx_OrganizationIdentifierDescription,btx,Organization Identifier,headerPartyOrganizationIdentifierDescription,/xbrli:xbrl/gl-btx:businessTransactions/gl-btx:transactionHeader/gl-btx:headerParty/gl-btx:organizationIdentifier/gl-btx:organizationIdentifierDescription
240,btx,3,C,,Header_ Amount Structure,,0..*,,"Structure representing monetary amounts and currency information applicable to the document as a whole, such as document-level totals or aggregated tax amounts.",【ヘッダー金額構造】,文書全体に適用される金額や通貨情報（文書レベルの合計額や集計された税額など）を表現する構造。,BT15-30,$.btx_BusinessTransactions.btx_TransactionHeader.btx_HeaderAmountStructure,btx,Header_ Amount Structure,headerAmountStructure,/xbrli:xbrl/gl-btx:businessTransactions/gl-btx:transactionHeader/gl-btx:headerAmountStructure
241,btx,4,A,,Amount,Monetary,1,,Numeric value of the monetary amount expressed in the specified currency.,金額,指定された通貨で表現された金額の数値。,BT04-01,$.btx_BusinessTransactions.btx_TransactionHeader.btx_HeaderAmountStructure.btx_Amount,btx,Header_ Amount Structure,headerAmountStructureAmount,/xbrli:xbrl/gl-btx:businessTransactions/gl-btx:transactionHeader/gl-btx:headerAmountStructure/gl-btx:amount
242,btx,4,A,,Amount Type,Token,0..1,,"Code or text specifying the type or role of the amount, such as tax amount, tax base amount, allowance amount, or charge amount.",金額種別,税額、課税標準額、値引金額、追加請求金額など、金額の種類または役割を指定するコードまたはテキスト。,BT04-02,$.btx_BusinessTransactions.btx_TransactionHeader.btx_HeaderAmountStructure.btx_AmountType,btx,Header_ Amount Structure,headerAmountStructureAmountType,/xbrli:xbrl/gl-btx:businessTransactions/gl-btx:transactionHeader/gl-btx:headerAmountStructure/gl-btx:amountType
243,btx,4,A,,Currency Code,Token,0..1,,"Code specifying the currency in which the amount is expressed, typically an ISO 4217 currency code.",通貨コード,金額が表現される通貨を指定するコード。通常は ISO 4217 通貨コードを用いる。,BT04-03,$.btx_BusinessTransactions.btx_TransactionHeader.btx_HeaderAmountStructure.btx_CurrencyCode,btx,Header_ Amount Structure,headerAmountStructureCurrencyCode,/xbrli:xbrl/gl-btx:businessTransactions/gl-btx:transactionHeader/gl-btx:headerAmountStructure/gl-btx:currencyCode
244,btx,4,A,,Currency Code Type,Token,0..1,,"Code specifying the role of the currency used for the amount, such as functional currency, local currency, reporting currency, or transaction currency.",通貨コード種別,金額に対する通貨の役割（機能通貨、ローカル通貨、報告通貨、取引通貨など）を指定するコード。,BT04-04,$.btx_BusinessTransactions.btx_TransactionHeader.btx_HeaderAmountStructure.btx_CurrencyCodeType,btx,Header_ Amount Structure,headerAmountStructureCurrencyCodeType,/xbrli:xbrl/gl-btx:businessTransactions/gl-btx:transactionHeader/gl-btx:headerAmountStructure/gl-btx:currencyCodeType
245,btx,4,A,,Header_ Amount Type,String,0..1,,"Code or text specifying the type or role of the amount, such as tax amount, tax base amount, allowance amount, or charge amount.",金額種別,税額、課税標準額、値引金額、追加請求金額など、金額の種類または役割を指定するコードまたはテキスト。,BT04-05,$.btx_BusinessTransactions.btx_TransactionHeader.btx_HeaderAmountStructure.btx_HeaderAmountType,btx,Header_ Amount Structure,headerAmountType,/xbrli:xbrl/gl-btx:businessTransactions/gl-btx:transactionHeader/gl-btx:headerAmountStructure/gl-btx:headerAmountType
246,btx,3,C,,Header_ Tax,,0..*,,Class for holding tax related information,【税情報】,税関連の情報のタプル。,BT15-31,$.btx_BusinessTransactions.btx_TransactionHeader.btx_HeaderTax,btx,Header_ Tax,headerTax,/xbrli:xbrl/gl-btx:businessTransactions/gl-btx:transactionHeader/gl-btx:headerTax
247,btx,4,A,,Tax Authority,String,0..1,,Name of the relevant tax authority,課税庁,関係する課税庁の名前。,BT07-01,$.btx_BusinessTransactions.btx_TransactionHeader.btx_HeaderTax.btx_TaxAuthority,btx,Header_ Tax,headerTaxAuthority,/xbrli:xbrl/gl-btx:businessTransactions/gl-btx:transactionHeader/gl-btx:headerTax/gl-btx:taxAuthority
248,btx,4,A,,Tax Table Code,String,0..1,,Tax table code used by the relevant tax authority,税率表コード,関係する課税庁で使用される税率表のコード。,BT07-02,$.btx_BusinessTransactions.btx_TransactionHeader.btx_HeaderTax.btx_TaxTableCode,btx,Header_ Tax,headerTaxTableCode,/xbrli:xbrl/gl-btx:businessTransactions/gl-btx:transactionHeader/gl-btx:headerTax/gl-btx:taxTableCode
249,btx,4,A,,Tax Description,String,0..1,,Description of tax authority,課税庁説明,課税庁の説明。,BT07-03,$.btx_BusinessTransactions.btx_TransactionHeader.btx_HeaderTax.btx_TaxDescription,btx,Header_ Tax,headerTaxDescription,/xbrli:xbrl/gl-btx:businessTransactions/gl-btx:transactionHeader/gl-btx:headerTax/gl-btx:taxDescription
250,btx,4,A,,Amount of Taxes,Monetary,0..1,,Amount of taxes,税額,税額。,BT07-04,$.btx_BusinessTransactions.btx_TransactionHeader.btx_HeaderTax.btx_AmountofTaxes,btx,Header_ Tax,headerTaxAmountOfTaxes,/xbrli:xbrl/gl-btx:businessTransactions/gl-btx:transactionHeader/gl-btx:headerTax/gl-btx:amountOfTaxes
251,btx,4,A,,Basis for Taxation,Monetary,0..1,,Basis for taxation,課税基準,課税基準。,BT07-05,$.btx_BusinessTransactions.btx_TransactionHeader.btx_HeaderTax.btx_BasisforTaxation,btx,Header_ Tax,headerTaxBasisForTaxation,/xbrli:xbrl/gl-btx:businessTransactions/gl-btx:transactionHeader/gl-btx:headerTax/gl-btx:basisForTaxation
252,btx,4,A,,Tax Percentage Rate,Pure,0..1,,Percent rate for VAT or other taxes normally a number between 0 and 1.0 - e.g. 50% is represented as 0.5,税率,"VAT(物品税)またはその他の税のパーセント比率。_x005F_x000D_
0から1.0の間の値。たとえば50%は0.5とあらわす。",BT07-06,$.btx_BusinessTransactions.btx_TransactionHeader.btx_HeaderTax.btx_TaxPercentageRate,btx,Header_ Tax,headerTaxPercentageRate,/xbrli:xbrl/gl-btx:businessTransactions/gl-btx:transactionHeader/gl-btx:headerTax/gl-btx:taxPercentageRate
253,btx,4,A,,Tax Category,String,0..1,,A class or category of taxes,税区分,税のクラス又はカテゴリ。,BT07-07,$.btx_BusinessTransactions.btx_TransactionHeader.btx_HeaderTax.btx_TaxCategory,btx,Header_ Tax,headerTaxCategory,/xbrli:xbrl/gl-btx:businessTransactions/gl-btx:transactionHeader/gl-btx:headerTax/gl-btx:taxCategory
254,btx,4,A,,Tax Comment/Exemption Reason,String,0..1,,Additional text/code for exemption reasons or other comments.,税コメント/免税理由,免税理由やその他のコメントのための、追加の文またはコード。,BT07-08,$.btx_BusinessTransactions.btx_TransactionHeader.btx_HeaderTax.btx_TaxCommentExemptionReason,btx,Header_ Tax,headerTaxCommentExemptionReason,/xbrli:xbrl/gl-btx:businessTransactions/gl-btx:transactionHeader/gl-btx:headerTax/gl-btx:taxCommentExemptionReason
255,btx,4,A,,Tax Amount in Document Currency,Monetary,1,,Amount of tax expressed in the document currency specified in the Transaction Header.,文書通貨税額,業務取引文書のヘッダーレベルで指定された文書通貨で表した税額。,BT07-09,$.btx_BusinessTransactions.btx_TransactionHeader.btx_HeaderTax.btx_TaxAmountinDocumentCurrency,btx,Header_ Tax,headerTaxAmountInDocumentCurrency,/xbrli:xbrl/gl-btx:businessTransactions/gl-btx:transactionHeader/gl-btx:headerTax/gl-btx:taxAmountInDocumentCurrency
256,btx,4,A,,Tax Amount in Tax Accounting Currency,Monetary,0..1,,Amount of tax expressed in the tax accounting or tax reporting currency specified in the Transaction Header.,税申告通貨税額,業務取引文書のヘッダーレベルで指定された税務会計または税申告に使用する通貨で表した税額。,BT07-10,$.btx_BusinessTransactions.btx_TransactionHeader.btx_HeaderTax.btx_TaxAmountinTaxAccountingCurrency,btx,Header_ Tax,headerTaxAmountInTaxAccountingCurrency,/xbrli:xbrl/gl-btx:businessTransactions/gl-btx:transactionHeader/gl-btx:headerTax/gl-btx:taxAmountInTaxAccountingCurrency
257,btx,4,A,,Tax Type,Token,1,,"Type of tax regime or tax family applicable to this tax occurrence, distinct from its tax category; for example VAT.",税種別,この税出現に適用される税制又は税体系の種別。税区分とは異なる。例：VAT。,BT07-11,$.btx_BusinessTransactions.btx_TransactionHeader.btx_HeaderTax.btx_TaxType,btx,Header_ Tax,headerTaxType,/xbrli:xbrl/gl-btx:businessTransactions/gl-btx:transactionHeader/gl-btx:headerTax/gl-btx:taxType
258,btx,3,C,,Transaction_ Detail,,0..*,,Parent for document line,【文書明細】,文書明細の親タグ。,BT15-32,$.btx_BusinessTransactions.btx_TransactionHeader.btx_TransactionDetail,btx,Transaction_ Detail,transactionDetail,/xbrli:xbrl/gl-btx:businessTransactions/gl-btx:transactionHeader/gl-btx:transactionDetail
259,btx,4,A,PK,Line Number,String,1,,Identifier for a particular entry detail,明細行番号,仕訳明細の識別子。,BT16-01,$.btx_BusinessTransactions.btx_TransactionHeader.btx_TransactionDetail.btx_LineNumber,btx,Transaction_ Detail,lineNumber,/xbrli:xbrl/gl-btx:businessTransactions/gl-btx:transactionHeader/gl-btx:transactionDetail/gl-btx:lineNumber
260,btx,4,A,,Line Number Counter,Decimal,0..1,,Unique reference for the line - a numeric counter,明細行番号カウンタ,明細行の一意なリファレンス　　カウンタ,BT16-02,$.btx_BusinessTransactions.btx_TransactionHeader.btx_TransactionDetail.btx_LineNumberCounter,btx,Transaction_ Detail,lineNumberCounter,/xbrli:xbrl/gl-btx:businessTransactions/gl-btx:transactionHeader/gl-btx:transactionDetail/gl-btx:lineNumberCounter
261,btx,4,A,,Posting Date,Date Time,0..1,,"At the detail level, this represents the accounting significance date. No matter what date the document is received, entered, or posted, this signifies the accounting date of the entry. If you want to see the financial results for March 5, 2002 and this entry is given that date, the entry will be part of the results for March 5, 2002. This is different from the postedDate found at the entryHeader level. If you want the accounting significance to be a particular date, it goes here. A single entry could represent multiple dates, but would only be posted on one date.",転記日付,明細レベルで、会計上意義のある日付を示す。ドキュメントの受領、入力、転記の日付に関わらず、仕訳が会計処理された日付を示す。2002.03.05の財務結果を見たいときに、ここにその日付がある場合は、この明細は2002.03.05の結果の一部である。これは、entryHeaderにあるpostedDateとは異なる。特定の日付を会計上意義のある日付にしたいなら、ここに記述する。ひとつの仕訳が複数の日付をあらわせるが、ひとつの日でのみ転記される。,BT16-03,$.btx_BusinessTransactions.btx_TransactionHeader.btx_TransactionDetail.btx_PostingDate,btx,Transaction_ Detail,postingDate,/xbrli:xbrl/gl-btx:businessTransactions/gl-btx:transactionHeader/gl-btx:transactionDetail/gl-btx:postingDate
262,btx,4,A,,Memo Line,Boolean,0..1,,A boolean like entry that indicates whether an entryDetail line has been provided solely to provide additional details and that tools should not consider the amount in postings.,メモ行フラグ,明細行が単に追加の詳細を与えるものであり、転記金額に含めるべきでないことを示すブール値。,BT16-04,$.btx_BusinessTransactions.btx_TransactionHeader.btx_TransactionDetail.btx_MemoLine,btx,Transaction_ Detail,memoLine,/xbrli:xbrl/gl-btx:businessTransactions/gl-btx:transactionHeader/gl-btx:transactionDetail/gl-btx:memoLine
263,btx,4,A,,Document Type,Token,0..1,,"An enumerated field describing the original source document, with check, debit-memo, credit-memo, finance-charge, invoice, order-customer, order-vendor, payment-other, reminder, tegata, voucher, shipment, receipt, manual-adjustment, other.",元文書種別,小切手、借方メモ、貸方メモ、財務費用、顧客への請求書、顧客オーダー、仕入先オーダー、その他支払い、督促状、手形、ベンダからの請求書、出荷票、受領票、手修正、その他の列挙値による、元文書の説明。[設定値のリスト]_x005F_x000D_ (check：小切手)、(debit-memo：借方メモ)、(credit-memo：貸方メモ)、(finance-charge：財務費用)、(invoice：顧客への請求書)、(order-customer：顧客オーダ)、(order-vendor：仕入先オーダ)、(payment-other：その他支払い)、(reminder：督促状)、(tegata：手形)、(voucher：ベンダからの請求書)、(shipment：出荷票)、(receipt：受領票)、(manual-adjustment：手修正)、(other：その他),BT16-05,$.btx_BusinessTransactions.btx_TransactionHeader.btx_TransactionDetail.btx_DocumentType,btx,Transaction_ Detail,transactionDetailDocumentType,/xbrli:xbrl/gl-btx:businessTransactions/gl-btx:transactionHeader/gl-btx:transactionDetail/gl-btx:documentType
264,btx,4,A,,Document Type Description,String,0..1,,Free format description of the document type,元文書種別説明,元文書の種別の説明。,BT16-06,$.btx_BusinessTransactions.btx_TransactionHeader.btx_TransactionDetail.btx_DocumentTypeDescription,btx,Transaction_ Detail,documentTypeDescription,/xbrli:xbrl/gl-btx:businessTransactions/gl-btx:transactionHeader/gl-btx:transactionDetail/gl-btx:documentTypeDescription
265,btx,4,A,,Document Date,Date Time,0..1,,"Date (and less likely in the paper world but possible in the e-world, time) on actual document (invoice, voucher, check date). Other dates control posting information.",元文書日付,実際の文書（請求書、証憑、小切手）の日付（および、紙の世界ではありそうにないが、電子的には時刻）。 転記の情報は別の日付で管理する。,BT16-07,$.btx_BusinessTransactions.btx_TransactionHeader.btx_TransactionDetail.btx_DocumentDate,btx,Transaction_ Detail,transactionDetailDocumentDate,/xbrli:xbrl/gl-btx:businessTransactions/gl-btx:transactionHeader/gl-btx:transactionDetail/gl-btx:documentDate
266,btx,4,A,,Received Date,Date Time,0..1,,Date/time document was noted as received (if necessary). Represents actual date received. Posting dates are maintained separately.,元文書受領日付,（必要であれば）文書の受領が記録された日付/時刻。実際に受領された日付をあらわす。転記日付は別に管理される。,BT16-08,$.btx_BusinessTransactions.btx_TransactionHeader.btx_TransactionDetail.btx_ReceivedDate,btx,Transaction_ Detail,transactionDetailReceivedDate,/xbrli:xbrl/gl-btx:businessTransactions/gl-btx:transactionHeader/gl-btx:transactionDetail/gl-btx:receivedDate
267,btx,4,A,,Document Location,String,0..1,,"Document location as URI, file name or other reference. Alternatively, text of document can be placed here.",元文書格納場所,文書の格納場所である、URI、ファイル名またはその他の参照情報。代わりに、文書のテキストも記述可能。,BT16-09,$.btx_BusinessTransactions.btx_TransactionHeader.btx_TransactionDetail.btx_DocumentLocation,btx,Transaction_ Detail,transactionDetailDocumentLocation,/xbrli:xbrl/gl-btx:businessTransactions/gl-btx:transactionHeader/gl-btx:transactionDetail/gl-btx:documentLocation
268,btx,4,A,,Posting Status,Token,0..1,,"deferred: although entered, it cannot be posted until a later time
posted: already posted
proposed: a proposed item that must be approved
simulated: a simulated item, for what-if
tax: a tax-specific entry
unposted:entered but not yet posted or validated
cancelled:entered and later cancelled
other:other status - should be described in postingStatusDescription",転記状態,"・据置：入力されたが、まだ転記できない。_x005F_x000D_
・転記済：転記済み。_x005F_x000D_
・提案済：検証が必要な項目。_x005F_x000D_
・シミュレーション：仮定のためにシミュレートされた項目。_x005F_x000D_
・税：税項目。_x005F_x000D_
・未転記：入力されたが、まだ検証も転記もされていない。_x005F_x000D_
・取消済：入力されたが、取り消された。_x005F_x000D_
・その他：その他の状態。postingStatusDescriptionで説明されるべき。_x005F_x000D_
[設定値のリスト]_x005F_x000D_
(deferred：据置)、(posted：転記済)、(proposed：提案済)、(simulated：シミュレーション)、(tax：税)、(unposted：未転記)、(cancelled：取消済)、(other：その他)",BT16-10,$.btx_BusinessTransactions.btx_TransactionHeader.btx_TransactionDetail.btx_PostingStatus,btx,Transaction_ Detail,postingStatus,/xbrli:xbrl/gl-btx:businessTransactions/gl-btx:transactionHeader/gl-btx:transactionDetail/gl-btx:postingStatus
269,btx,4,A,,Posting Status Description,String,0..1,,Free format description of the posting status,転記状態説明,転記状態の説明。,BT16-11,$.btx_BusinessTransactions.btx_TransactionHeader.btx_TransactionDetail.btx_PostingStatusDescription,btx,Transaction_ Detail,postingStatusDescription,/xbrli:xbrl/gl-btx:businessTransactions/gl-btx:transactionHeader/gl-btx:transactionDetail/gl-btx:postingStatusDescription
270,btx,4,A,,Acknowledgement Date,Date Time,0..1,,Date of acknowledgement of goods/services shipped/received.,承認日付,出荷/受領済みの物品/サービスを承認した日付。,BT16-12,$.btx_BusinessTransactions.btx_TransactionHeader.btx_TransactionDetail.btx_AcknowledgementDate,btx,Transaction_ Detail,acknowledgementDate,/xbrli:xbrl/gl-btx:businessTransactions/gl-btx:transactionHeader/gl-btx:transactionDetail/gl-btx:acknowledgementDate
271,btx,4,A,,Confirmation Date,Date Time,0..1,,Date of confirmation of shipment/receipt.,確認日付,出荷/受領を確認した日付。,BT16-13,$.btx_BusinessTransactions.btx_TransactionHeader.btx_TransactionDetail.btx_ConfirmationDate,btx,Transaction_ Detail,confirmationDate,/xbrli:xbrl/gl-btx:businessTransactions/gl-btx:transactionHeader/gl-btx:transactionDetail/gl-btx:confirmationDate
272,btx,4,A,,Measurable Class ID,Token,0..1,,"An enumerated code to identify the inventory, fixed asset or other measurable class. Enumerated as: raw material, work-in-process, finished goods, assemblies, supplies, land, building, machinery, furniture, vehicles, other.",測定可能分類コード,在庫、固定資産、その他の測定可能な分類を識別するための列挙コード。列挙例：原材料、仕掛品、製品、組立品、備品、土地、建物、機械、家具、車両、その他。,BT16-14,$.btx_BusinessTransactions.btx_TransactionHeader.btx_TransactionDetail.btx_MeasurableClassID,btx,Transaction_ Detail,measurableClassId,/xbrli:xbrl/gl-btx:businessTransactions/gl-btx:transactionHeader/gl-btx:transactionDetail/gl-btx:measurableClassId
273,btx,4,A,,Measurable Class Description,String,0..1,,Free format description associated with gl-ehm:measurableClassID to provide specialization or clarification for the enumerated value of other.,測定可能分類の説明,「その他」の列挙値を補足・特定するための自由記述形式の説明。,BT16-15,$.btx_BusinessTransactions.btx_TransactionHeader.btx_TransactionDetail.btx_MeasurableClassDescription,btx,Transaction_ Detail,measurableClassDescription,/xbrli:xbrl/gl-btx:businessTransactions/gl-btx:transactionHeader/gl-btx:transactionDetail/gl-btx:measurableClassDescription
274,btx,4,A,,Geospatial Coordinate,String,0..1,,"Enter a relevant location for this item. Format can be either:
- Degrees, minutes, and seconds (DMS): 41°24'12.2""N 2°10'26.5""E
- Degrees and decimal minutes (DMM): 41 24.2028, 2 10.4418
- Decimal degrees (DD): 41.40338, 2.17403",地理座標,"本項目の関連位置を入力。形式は以下のいずれか：
・度分秒 (DMS): 41°24'12.2""N 2°10'26.5""E
・度と小数分 (DMM): 41 24.2028, 2 10.4418
・10進度 (DD): 41.40338, 2.17403",BT16-16,$.btx_BusinessTransactions.btx_TransactionHeader.btx_TransactionDetail.btx_GeospatialCoordinate,btx,Transaction_ Detail,geospatialCoordinate,/xbrli:xbrl/gl-btx:businessTransactions/gl-btx:transactionHeader/gl-btx:transactionDetail/gl-btx:geospatialCoordinate
275,btx,4,A,,Description,String,0..1,,Description of this line of detail only,説明,この明細行のみに対する説明。,BT16-17,$.btx_BusinessTransactions.btx_TransactionHeader.btx_TransactionDetail.btx_Description,btx,Transaction_ Detail,description,/xbrli:xbrl/gl-btx:businessTransactions/gl-btx:transactionHeader/gl-btx:transactionDetail/gl-btx:description
276,cor,4,R,,Document,,0..1,,"Invoice, check, voucher, or other source document identifier",元文書番号,請求書、小切手、証憑、その他の元文書の識別子。,BT16-18,$.btx_BusinessTransactions.btx_TransactionHeader.btx_TransactionDetail.btx_Document,cor,Document,document,/xbrli:xbrl/gl-btx:businessTransactions/gl-btx:transactionHeader/gl-btx:transactionDetail/gl-cor:document
277,cor,5,A,REF,Document Number,String,1,,Document number,発生元文書番号,発生元文書の番号。,CO20-02,$.btx_BusinessTransactions.btx_TransactionHeader.btx_TransactionDetail.btx_Document.cor_DocumentNumber,cor,Document,documentNumber,/xbrli:xbrl/gl-btx:businessTransactions/gl-btx:transactionHeader/gl-btx:transactionDetail/gl-cor:document/gl-cor:documentNumber
278,taf,4,C,,Originating Document,,0..*,,"A tool to capture the flow of related documents in the business process. Some needs of end users require a greater history of the documents that are associated with a transaction, especially in the VAT audit area. Contains a repetitive class of related documents.",【発生元文書情報】,業務プロセス上の、関連文書の流れを捕捉するためのもの。特にVAT監査では、エンドユーザの要求として、取引に関係する文書の履歴が必要とされる。関連文書情報の構造の繰り返しを含む。,BT16-19,$.btx_BusinessTransactions.btx_TransactionHeader.btx_TransactionDetail.btx_OriginatingDocument,taf,Originating Document,originatingDocument,/xbrli:xbrl/gl-btx:businessTransactions/gl-btx:transactionHeader/gl-btx:transactionDetail/gl-taf:originatingDocument
279,taf,5,A,,Document Type,Token,0..1,,"Document type  check, debit-memo, credit-memo, finance-charge, invoice, order-customer, order-vendor, payment-other, reminder, tegata, voucher, shipment, receipt, manual-adjustment, other.",発生元文書種別,発生元文書の種別。小切手(check)、借方メモ(debit-memo)、貸方メモ(credit-memo)、財務費用(finance-charge)、顧客への請求書(invoice)、顧客オーダ(order-customer)、仕入先オーダ(order-vendor)、その他支払い(payment-other)、督促状(reminder)、手形(tegata)、ベンダからの請求書(voucher)、出荷票(shipment)、受領票(receipt)、手修正(manual-adjustment)、その他(other),TA01-01,$.btx_BusinessTransactions.btx_TransactionHeader.btx_TransactionDetail.btx_OriginatingDocument.taf_DocumentType,taf,Originating Document,documentType,/xbrli:xbrl/gl-btx:businessTransactions/gl-btx:transactionHeader/gl-btx:transactionDetail/gl-taf:originatingDocument/gl-taf:documentType
280,taf,5,A,PK,Document Number,String,1,,Document number,発生元文書番号,発生元文書の番号。,TA01-02,$.btx_BusinessTransactions.btx_TransactionHeader.btx_TransactionDetail.btx_OriginatingDocument.taf_DocumentNumber,taf,Originating Document,documentNumber,/xbrli:xbrl/gl-btx:businessTransactions/gl-btx:transactionHeader/gl-btx:transactionDetail/gl-taf:originatingDocument/gl-taf:documentNumber
281,taf,5,A,,Document Date,Date,0..1,,Document date,発生元文書日付,発生元文書の日付。,TA01-03,$.btx_BusinessTransactions.btx_TransactionHeader.btx_TransactionDetail.btx_OriginatingDocument.taf_DocumentDate,taf,Originating Document,documentDate,/xbrli:xbrl/gl-btx:businessTransactions/gl-btx:transactionHeader/gl-btx:transactionDetail/gl-taf:originatingDocument/gl-taf:documentDate
282,taf,5,A,,Document Identifier Type,Token,0..1,,"Document identifier type. Enumerated as: C, customer, E, employee, V, vendor, O, other, I, salesperson-internal, X, salesperson-external, N, contractor.",発生元文書対象CVE種別,発生元文書の対象となるCVEの種別。_x005F_x000D_ [設定値のリスト]_x005F_x000D_ (C)、(customer：顧客)、(E)、(employee：従業員)、(V)、(vendor：仕入先)、(O)、(other：その他)、(I)、(salesperson-internal：店舗内販売員)、(X)、(salesperson-external：外交販売員)、(N)、(contractor：請負者),TA01-04,$.btx_BusinessTransactions.btx_TransactionHeader.btx_TransactionDetail.btx_OriginatingDocument.taf_DocumentIdentifierType,taf,Originating Document,documentIdentifierType,/xbrli:xbrl/gl-btx:businessTransactions/gl-btx:transactionHeader/gl-btx:transactionDetail/gl-taf:originatingDocument/gl-taf:documentIdentifierType
283,taf,5,A,,Document Identifier Code,String,0..1,,Document identifier code,発生元文書対象CVEコード,発生元文書の対象となるCVEのコード。,TA01-05,$.btx_BusinessTransactions.btx_TransactionHeader.btx_TransactionDetail.btx_OriginatingDocument.taf_DocumentIdentifierCode,taf,Originating Document,documentIdentifierCode,/xbrli:xbrl/gl-btx:businessTransactions/gl-btx:transactionHeader/gl-btx:transactionDetail/gl-taf:originatingDocument/gl-taf:documentIdentifierCode
284,taf,5,A,,Document Identifier Tax Code,Token,0..1,,Originating document identifier tax code,発生元文書対象CVE納税者コード,発生元文書の対象となるCVEの納税者コード。,TA01-06,$.btx_BusinessTransactions.btx_TransactionHeader.btx_TransactionDetail.btx_OriginatingDocument.taf_DocumentIdentifierTaxCode,taf,Originating Document,documentIdentifierTaxCode,/xbrli:xbrl/gl-btx:businessTransactions/gl-btx:transactionHeader/gl-btx:transactionDetail/gl-taf:originatingDocument/gl-taf:documentIdentifierTaxCode
285,btx,4,C,,Detail_ Party,,0..*,,Party associated with the transaction detail line.,【明細取引当事者】,取引明細に関係する取引当事者。,BT16-20,$.btx_BusinessTransactions.btx_TransactionHeader.btx_TransactionDetail.btx_DetailParty,btx,Detail_ Party,detailParty,/xbrli:xbrl/gl-btx:businessTransactions/gl-btx:transactionHeader/gl-btx:transactionDetail/gl-btx:detailParty
286,btx,5,A,,Party Name,String,0..1,,Name by which the party is identified.,当事者名,当事者を識別するための名称。,BT03-01,$.btx_BusinessTransactions.btx_TransactionHeader.btx_TransactionDetail.btx_DetailParty.btx_PartyName,btx,Detail_ Party,detailPartyName,/xbrli:xbrl/gl-btx:businessTransactions/gl-btx:transactionHeader/gl-btx:transactionDetail/gl-btx:detailParty/gl-btx:partyName
287,btx,5,A,,Party ID,String,0..1,,Identifier assigned to the party.,当事者識別子,当事者を識別するために付与された識別子。,BT03-02,$.btx_BusinessTransactions.btx_TransactionHeader.btx_TransactionDetail.btx_DetailParty.btx_PartyID,btx,Detail_ Party,detailPartyId,/xbrli:xbrl/gl-btx:businessTransactions/gl-btx:transactionHeader/gl-btx:transactionDetail/gl-btx:detailParty/gl-btx:partyId
288,btx,5,A,,Party Role,Token,0..1,,Role performed by the party in the applicable business context.,当事者役割,当該業務コンテキストにおいて当事者が果たす役割。,BT03-03,$.btx_BusinessTransactions.btx_TransactionHeader.btx_TransactionDetail.btx_DetailParty.btx_PartyRole,btx,Detail_ Party,detailPartyRole,/xbrli:xbrl/gl-btx:businessTransactions/gl-btx:transactionHeader/gl-btx:transactionDetail/gl-btx:detailParty/gl-btx:partyRole
289,btx,5,A,,Party Business Description,String,0..1,,Description of the nature of the business of the party.,業種説明,当事者が営む事業の種類または内容についての説明。,BT03-04,$.btx_BusinessTransactions.btx_TransactionHeader.btx_TransactionDetail.btx_DetailParty.btx_PartyBusinessDescription,btx,Detail_ Party,detailPartyBusinessDescription,/xbrli:xbrl/gl-btx:businessTransactions/gl-btx:transactionHeader/gl-btx:transactionDetail/gl-btx:detailParty/gl-btx:partyBusinessDescription
290,bus,5,C,,Party_ Phone,,0..*,,Primary phone number of the party.,【事業体電話番号】,事業体の主要電話番号情報。,BT03-05,$.btx_BusinessTransactions.btx_TransactionHeader.btx_TransactionDetail.btx_DetailParty.btx_PartyPhone,bus,Party_ Phone,detailPartyPhone,/xbrli:xbrl/gl-btx:businessTransactions/gl-btx:transactionHeader/gl-btx:transactionDetail/gl-btx:detailParty/gl-bus:partyPhone
291,bus,6,A,PK,Phone Number,String,1,,Phone number referred to in Phone Number Description'\.,電話番号,電話番号用途で示される電話番号。,BU01-01,$.btx_BusinessTransactions.btx_TransactionHeader.btx_TransactionDetail.btx_DetailParty.btx_PartyPhone.bus_PhoneNumber,bus,Party_ Phone,detailPartyPhoneNumber,/xbrli:xbrl/gl-btx:businessTransactions/gl-btx:transactionHeader/gl-btx:transactionDetail/gl-btx:detailParty/gl-bus:partyPhone/gl-bus:phoneNumber
292,bus,6,A,,Phone Number Description,String,0..1,,"Entity Phone Number Description such as Main, Investor relations. Enumerated as: bookkeeper, controller, direct, fax, investor-relations, main, switchboard, other.",電話番号用途,"代表、IR用などの、電話番号の用途。
[設定値のリスト]
(bookkeeper：記帳係)、(controller：会計責任者)、(direct：直通)、(fax：FAX)、(investor-relations：IR窓口)、(main：代表)、(switchboard：交換台)、(other：その他)",BU01-02,$.btx_BusinessTransactions.btx_TransactionHeader.btx_TransactionDetail.btx_DetailParty.btx_PartyPhone.bus_PhoneNumberDescription,bus,Party_ Phone,detailPartyPhoneNumberDescription,/xbrli:xbrl/gl-btx:businessTransactions/gl-btx:transactionHeader/gl-btx:transactionDetail/gl-btx:detailParty/gl-bus:partyPhone/gl-bus:phoneNumberDescription
293,bus,5,C,,Party_ Fax,,0..*,,Class for holding company fax information.,【事業体FAX番号】,事業体のFAX番号情報のタプル。,BT03-06,$.btx_BusinessTransactions.btx_TransactionHeader.btx_TransactionDetail.btx_DetailParty.btx_PartyFax,bus,Party_ Fax,detailPartyFax,/xbrli:xbrl/gl-btx:businessTransactions/gl-btx:transactionHeader/gl-btx:transactionDetail/gl-btx:detailParty/gl-bus:partyFax
294,bus,6,A,PK,Fax Number,String,1,,Fax Number,FAX番号,FAX番号。,BU06-01,$.btx_BusinessTransactions.btx_TransactionHeader.btx_TransactionDetail.btx_DetailParty.btx_PartyFax.bus_FaxNumber,bus,Party_ Fax,detailPartyFaxNumber,/xbrli:xbrl/gl-btx:businessTransactions/gl-btx:transactionHeader/gl-btx:transactionDetail/gl-btx:detailParty/gl-bus:partyFax/gl-bus:faxNumber
295,bus,6,A,,Fax Number Usage,String,0..1,,"Fax number usage (e.g. orders, head office, IR)",FAX番号用途,FAX番号の用途。(注文、本社、IRなど),BU06-02,$.btx_BusinessTransactions.btx_TransactionHeader.btx_TransactionDetail.btx_DetailParty.btx_PartyFax.bus_FaxNumberUsage,bus,Party_ Fax,detailPartyFaxNumberUsage,/xbrli:xbrl/gl-btx:businessTransactions/gl-btx:transactionHeader/gl-btx:transactionDetail/gl-btx:detailParty/gl-bus:partyFax/gl-bus:faxNumberUsage
296,bus,5,C,,Party_ Email,,0..*,,Class for holding company email information.,【事業体Eメールアドレス】,事業体のEメールアドレス情報のタプル。,BT03-07,$.btx_BusinessTransactions.btx_TransactionHeader.btx_TransactionDetail.btx_DetailParty.btx_PartyEmail,bus,Party_ Email,detailPartyEmail,/xbrli:xbrl/gl-btx:businessTransactions/gl-btx:transactionHeader/gl-btx:transactionDetail/gl-btx:detailParty/gl-bus:partyEmail
297,bus,6,A,PK,Email Address,String,1,,Email Address,Eメールアドレス,Eメールアドレス。,BU11-01,$.btx_BusinessTransactions.btx_TransactionHeader.btx_TransactionDetail.btx_DetailParty.btx_PartyEmail.bus_EmailAddress,bus,Party_ Email,detailPartyEmailAddress,/xbrli:xbrl/gl-btx:businessTransactions/gl-btx:transactionHeader/gl-btx:transactionDetail/gl-btx:detailParty/gl-bus:partyEmail/gl-bus:emailAddress
298,bus,6,A,,Email Address Usage,String,0..1,,"Email address usage (e.g. orders, head office, IR)",Eメールアドレス用途,Eメールアドレスの用途。(注文、本社、IRなど),BU11-02,$.btx_BusinessTransactions.btx_TransactionHeader.btx_TransactionDetail.btx_DetailParty.btx_PartyEmail.bus_EmailAddressUsage,bus,Party_ Email,detailPartyEmailAddressUsage,/xbrli:xbrl/gl-btx:businessTransactions/gl-btx:transactionHeader/gl-btx:transactionDetail/gl-btx:detailParty/gl-bus:partyEmail/gl-bus:emailAddressUsage
299,bus,5,C,,Party_ Address,,0..*,,Address class for the party,【住所】,報告事業体の住所構造体。,BT03-08,$.btx_BusinessTransactions.btx_TransactionHeader.btx_TransactionDetail.btx_DetailParty.btx_PartyAddress,bus,Party_ Address,detailPartyAddress,/xbrli:xbrl/gl-btx:businessTransactions/gl-btx:transactionHeader/gl-btx:transactionDetail/gl-btx:detailParty/gl-bus:partyAddress
300,bus,6,A,,Name,String,0..1,,Address Name,住所名,住所の名前。,BU21-01,$.btx_BusinessTransactions.btx_TransactionHeader.btx_TransactionDetail.btx_DetailParty.btx_PartyAddress.bus_Name,bus,Party_ Address,detailPartyAddressName,/xbrli:xbrl/gl-btx:businessTransactions/gl-btx:transactionHeader/gl-btx:transactionDetail/gl-btx:detailParty/gl-bus:partyAddress/gl-bus:name
301,bus,6,A,,Description,String,0..1,,Address Description,住所説明,住所の説明。,BU21-02,$.btx_BusinessTransactions.btx_TransactionHeader.btx_TransactionDetail.btx_DetailParty.btx_PartyAddress.bus_Description,bus,Party_ Address,detailPartyAddressDescription,/xbrli:xbrl/gl-btx:businessTransactions/gl-btx:transactionHeader/gl-btx:transactionDetail/gl-btx:detailParty/gl-bus:partyAddress/gl-bus:description
302,bus,6,A,,Purpose,String,0..1,,Address Purpose,住所目的,住所の目的。,BU21-03,$.btx_BusinessTransactions.btx_TransactionHeader.btx_TransactionDetail.btx_DetailParty.btx_PartyAddress.bus_Purpose,bus,Party_ Address,detailPartyAddressPurpose,/xbrli:xbrl/gl-btx:businessTransactions/gl-btx:transactionHeader/gl-btx:transactionDetail/gl-btx:detailParty/gl-bus:partyAddress/gl-bus:purpose
303,bus,6,A,,Location ID,String,0..1,,A code used to identify the location and to associate it with contacts and transactions,所在地識別子,所在地を識別したり、窓口や取引と関係付けるコード。,BU21-04,$.btx_BusinessTransactions.btx_TransactionHeader.btx_TransactionDetail.btx_DetailParty.btx_PartyAddress.bus_LocationID,bus,Party_ Address,detailPartyAddressLocationId,/xbrli:xbrl/gl-btx:businessTransactions/gl-btx:transactionHeader/gl-btx:transactionDetail/gl-btx:detailParty/gl-bus:partyAddress/gl-bus:locationId
304,bus,6,A,,Building Number,String,0..1,,Building Number,住所建物番号,建物番号。,BU21-05,$.btx_BusinessTransactions.btx_TransactionHeader.btx_TransactionDetail.btx_DetailParty.btx_PartyAddress.bus_BuildingNumber,bus,Party_ Address,detailPartyAddressBuildingNumber,/xbrli:xbrl/gl-btx:businessTransactions/gl-btx:transactionHeader/gl-btx:transactionDetail/gl-btx:detailParty/gl-bus:partyAddress/gl-bus:buildingNumber
305,bus,6,A,,Street,String,0..1,,Street address,住所通り,住所の通り。,BU21-06,$.btx_BusinessTransactions.btx_TransactionHeader.btx_TransactionDetail.btx_DetailParty.btx_PartyAddress.bus_Street,bus,Party_ Address,detailPartyAddressStreet,/xbrli:xbrl/gl-btx:businessTransactions/gl-btx:transactionHeader/gl-btx:transactionDetail/gl-btx:detailParty/gl-bus:partyAddress/gl-bus:street
306,bus,6,A,,Address Detail,String,0..1,,Address Detail,住所詳細,住所詳細。,BU21-07,$.btx_BusinessTransactions.btx_TransactionHeader.btx_TransactionDetail.btx_DetailParty.btx_PartyAddress.bus_AddressDetail,bus,Party_ Address,detailPartyAddressDetail,/xbrli:xbrl/gl-btx:businessTransactions/gl-btx:transactionHeader/gl-btx:transactionDetail/gl-btx:detailParty/gl-bus:partyAddress/gl-bus:addressDetail
307,bus,6,A,,City,String,0..1,,City,住所都市,住所の都市。,BU21-08,$.btx_BusinessTransactions.btx_TransactionHeader.btx_TransactionDetail.btx_DetailParty.btx_PartyAddress.bus_City,bus,Party_ Address,detailPartyAddressCity,/xbrli:xbrl/gl-btx:businessTransactions/gl-btx:transactionHeader/gl-btx:transactionDetail/gl-btx:detailParty/gl-bus:partyAddress/gl-bus:city
308,bus,6,A,,State or Province,String,0..1,,"State, province or region",住所州,住所の州や地方。,BU21-09,$.btx_BusinessTransactions.btx_TransactionHeader.btx_TransactionDetail.btx_DetailParty.btx_PartyAddress.bus_StateorProvince,bus,Party_ Address,detailPartyAddressStateOrProvince,/xbrli:xbrl/gl-btx:businessTransactions/gl-btx:transactionHeader/gl-btx:transactionDetail/gl-btx:detailParty/gl-bus:partyAddress/gl-bus:stateOrProvince
309,bus,6,A,,Country,String,0..1,,Country,住所国,住所の国。,BU21-10,$.btx_BusinessTransactions.btx_TransactionHeader.btx_TransactionDetail.btx_DetailParty.btx_PartyAddress.bus_Country,bus,Party_ Address,detailPartyAddressCountry,/xbrli:xbrl/gl-btx:businessTransactions/gl-btx:transactionHeader/gl-btx:transactionDetail/gl-btx:detailParty/gl-bus:partyAddress/gl-bus:country
310,bus,6,A,,Zip or Postal Code,String,0..1,,Zip or other postal code,住所郵便番号,住所の郵便番号。,BU21-11,$.btx_BusinessTransactions.btx_TransactionHeader.btx_TransactionDetail.btx_DetailParty.btx_PartyAddress.bus_ZiporPostalCode,bus,Party_ Address,detailPartyAddressZipOrPostalCode,/xbrli:xbrl/gl-btx:businessTransactions/gl-btx:transactionHeader/gl-btx:transactionDetail/gl-btx:detailParty/gl-bus:partyAddress/gl-bus:zipOrPostalCode
311,bus,6,A,,Active Indicator,Boolean,0..1,,"Boolean to indicate whether the address is active (=""true"") or inactive (=""false"")",住所有効性,住所が有効か無効かを示すブール値。,BU21-12,$.btx_BusinessTransactions.btx_TransactionHeader.btx_TransactionDetail.btx_DetailParty.btx_PartyAddress.bus_ActiveIndicator,bus,Party_ Address,detailPartyAddressActiveIndicator,/xbrli:xbrl/gl-btx:businessTransactions/gl-btx:transactionHeader/gl-btx:transactionDetail/gl-btx:detailParty/gl-bus:partyAddress/gl-bus:activeIndicator
312,bus,5,C,,Party_ Web Site,,0..*,,Primary web site of the party.,【事業体Webサイト】,事業体の代表ウェブサイト。,BT03-09,$.btx_BusinessTransactions.btx_TransactionHeader.btx_TransactionDetail.btx_DetailParty.btx_PartyWebSite,bus,Party_ Web Site,detailPartyWebSite,/xbrli:xbrl/gl-btx:businessTransactions/gl-btx:transactionHeader/gl-btx:transactionDetail/gl-btx:detailParty/gl-bus:partyWebSite
313,bus,6,A,PK,Web Site URL,anyURI,1,,Valid URL of the web site. Should be full URL.,WebサイトURL,ウェブサイトの有効なURL。 完全なURLであるべき。,BU16-01,$.btx_BusinessTransactions.btx_TransactionHeader.btx_TransactionDetail.btx_DetailParty.btx_PartyWebSite.bus_WebSiteURL,bus,Party_ Web Site,detailPartyWebSiteUrl,/xbrli:xbrl/gl-btx:businessTransactions/gl-btx:transactionHeader/gl-btx:transactionDetail/gl-btx:detailParty/gl-bus:partyWebSite/gl-bus:webSiteUrl
314,bus,6,A,,Web Site Description,String,0..1,,Description of the web site.,Webサイト説明,ウェブサイトの説明。,BU16-02,$.btx_BusinessTransactions.btx_TransactionHeader.btx_TransactionDetail.btx_DetailParty.btx_PartyWebSite.bus_WebSiteDescription,bus,Party_ Web Site,detailPartyWebSiteDescription,/xbrli:xbrl/gl-btx:businessTransactions/gl-btx:transactionHeader/gl-btx:transactionDetail/gl-btx:detailParty/gl-bus:partyWebSite/gl-bus:webSiteDescription
315,bus,5,C,,Party_ Contact,,0..*,,Information about contacts.,【担当者情報】,担当者に関する情報。,BT03-10,$.btx_BusinessTransactions.btx_TransactionHeader.btx_TransactionDetail.btx_DetailParty.btx_PartyContact,bus,Party_ Contact,detailPartyContact,/xbrli:xbrl/gl-btx:businessTransactions/gl-btx:transactionHeader/gl-btx:transactionDetail/gl-btx:detailParty/gl-bus:partyContact
316,bus,6,A,,Contact Prefix,String,0..1,,"Prefix (e.g. Dr., Mr., Mrs.)",敬称,敬称(Dr.、Mr.、Mrs.など),BU22-01,$.btx_BusinessTransactions.btx_TransactionHeader.btx_TransactionDetail.btx_DetailParty.btx_PartyContact.bus_ContactPrefix,bus,Party_ Contact,detailPartyContactPrefix,/xbrli:xbrl/gl-btx:businessTransactions/gl-btx:transactionHeader/gl-btx:transactionDetail/gl-btx:detailParty/gl-bus:partyContact/gl-bus:contactPrefix
317,bus,6,A,,Contact Last Name,String,0..1,,Last or family name,姓,姓,BU22-02,$.btx_BusinessTransactions.btx_TransactionHeader.btx_TransactionDetail.btx_DetailParty.btx_PartyContact.bus_ContactLastName,bus,Party_ Contact,detailPartyContactLastName,/xbrli:xbrl/gl-btx:businessTransactions/gl-btx:transactionHeader/gl-btx:transactionDetail/gl-btx:detailParty/gl-bus:partyContact/gl-bus:contactLastName
318,bus,6,A,,Contact First Name,String,0..1,,First or given name,名,名、クリスチャンネーム,BU22-03,$.btx_BusinessTransactions.btx_TransactionHeader.btx_TransactionDetail.btx_DetailParty.btx_PartyContact.bus_ContactFirstName,bus,Party_ Contact,detailPartyContactFirstName,/xbrli:xbrl/gl-btx:businessTransactions/gl-btx:transactionHeader/gl-btx:transactionDetail/gl-btx:detailParty/gl-bus:partyContact/gl-bus:contactFirstName
319,bus,6,A,,Contact Suffix,String,0..1,,"Suffix (e.g. MD, CPA, Jr.)",付加名称,付加名称(MD、CPA、Jr.など),BU22-04,$.btx_BusinessTransactions.btx_TransactionHeader.btx_TransactionDetail.btx_DetailParty.btx_PartyContact.bus_ContactSuffix,bus,Party_ Contact,detailPartyContactSuffix,/xbrli:xbrl/gl-btx:businessTransactions/gl-btx:transactionHeader/gl-btx:transactionDetail/gl-btx:detailParty/gl-bus:partyContact/gl-bus:contactSuffix
320,bus,6,A,,Contact Attention Line,String,0..1,,Attention Line,アテンションライン,アテンションライン,BU22-05,$.btx_BusinessTransactions.btx_TransactionHeader.btx_TransactionDetail.btx_DetailParty.btx_PartyContact.bus_ContactAttentionLine,bus,Party_ Contact,detailPartyContactAttentionLine,/xbrli:xbrl/gl-btx:businessTransactions/gl-btx:transactionHeader/gl-btx:transactionDetail/gl-btx:detailParty/gl-bus:partyContact/gl-bus:contactAttentionLine
321,bus,6,A,,Contact Position Role,String,0..1,,Position or role,地位/役職,地位や役職。,BU22-06,$.btx_BusinessTransactions.btx_TransactionHeader.btx_TransactionDetail.btx_DetailParty.btx_PartyContact.bus_ContactPositionRole,bus,Party_ Contact,detailPartyContactPositionRole,/xbrli:xbrl/gl-btx:businessTransactions/gl-btx:transactionHeader/gl-btx:transactionDetail/gl-btx:detailParty/gl-bus:partyContact/gl-bus:contactPositionRole
322,bus,6,A,,Contact Contact Type,Token,0..1,,"Role of contact. Examples include: Source Service, Sender, Recipient, Invoicer, Auditor, Accountant",担当者役割,担当者の役割。例：ソースサービス、送付元、受取人、請求先、監査人、会計事務所。,BU22-07,$.btx_BusinessTransactions.btx_TransactionHeader.btx_TransactionDetail.btx_DetailParty.btx_PartyContact.bus_ContactContactType,bus,Party_ Contact,detailPartyContactContactType,/xbrli:xbrl/gl-btx:businessTransactions/gl-btx:transactionHeader/gl-btx:transactionDetail/gl-btx:detailParty/gl-bus:partyContact/gl-bus:contactContactType
323,bus,6,A,,Contact Location ID cross reference,String,0..1,,This code is used to associate the contact with a specific location for the Entity. Its value should be the same as that of the organizationAddressLocationIdentifier,所在地相互参照情報,担当者と事業体の位置情報を関係付けるためのコード。organizationAddressLocationIdentifierと同じ値であるべき。,BU22-08,$.btx_BusinessTransactions.btx_TransactionHeader.btx_TransactionDetail.btx_DetailParty.btx_PartyContact.bus_ContactLocationIDcrossreference,bus,Party_ Contact,detailPartyContactLocationIdCrossReference,/xbrli:xbrl/gl-btx:businessTransactions/gl-btx:transactionHeader/gl-btx:transactionDetail/gl-btx:detailParty/gl-bus:partyContact/gl-bus:contactLocationIdCrossReference
324,bus,6,A,,Contact Active,Boolean,0..1,,"Boolean to indicate whether the contact is active (=""true"") or inactive (=""false"")",担当者有効性,担当者が有効か無効かを示すブール値。,BU22-09,$.btx_BusinessTransactions.btx_TransactionHeader.btx_TransactionDetail.btx_DetailParty.btx_PartyContact.bus_ContactActive,bus,Party_ Contact,detailPartyContactActive,/xbrli:xbrl/gl-btx:businessTransactions/gl-btx:transactionHeader/gl-btx:transactionDetail/gl-btx:detailParty/gl-bus:partyContact/gl-bus:contactActive
325,bus,6,C,,Contact_ Phone,,0..*,,Contact Phone Number,【担当者電話番号】,担当者の電話番号。,BU22-10,$.btx_BusinessTransactions.btx_TransactionHeader.btx_TransactionDetail.btx_DetailParty.btx_PartyContact.bus_ContactPhone,bus,Contact_ Phone,detailPartyContactPhone,/xbrli:xbrl/gl-btx:businessTransactions/gl-btx:transactionHeader/gl-btx:transactionDetail/gl-btx:detailParty/gl-bus:partyContact/gl-bus:contactPhone
326,bus,7,A,PK,Phone Number,String,1,,Phone number referred to in Phone Number Description'\.,電話番号,電話番号用途で示される電話番号。,BU03-01,$.btx_BusinessTransactions.btx_TransactionHeader.btx_TransactionDetail.btx_DetailParty.btx_PartyContact.bus_ContactPhone.bus_PhoneNumber,bus,Contact_ Phone,detailPartyContactPhoneNumber,/xbrli:xbrl/gl-btx:businessTransactions/gl-btx:transactionHeader/gl-btx:transactionDetail/gl-btx:detailParty/gl-bus:partyContact/gl-bus:contactPhone/gl-bus:phoneNumber
327,bus,7,A,,Phone Number Description,String,0..1,,"Entity Phone Number Description such as Main, Investor relations. Enumerated as: bookkeeper, controller, direct, fax, investor-relations, main, switchboard, other.",電話番号用途,"代表、IR用などの、電話番号の用途。
[設定値のリスト]
(bookkeeper：記帳係)、(controller：会計責任者)、(direct：直通)、(fax：FAX)、(investor-relations：IR窓口)、(main：代表)、(switchboard：交換台)、(other：その他)",BU03-02,$.btx_BusinessTransactions.btx_TransactionHeader.btx_TransactionDetail.btx_DetailParty.btx_PartyContact.bus_ContactPhone.bus_PhoneNumberDescription,bus,Contact_ Phone,detailPartyContactPhoneNumberDescription,/xbrli:xbrl/gl-btx:businessTransactions/gl-btx:transactionHeader/gl-btx:transactionDetail/gl-btx:detailParty/gl-bus:partyContact/gl-bus:contactPhone/gl-bus:phoneNumberDescription
328,bus,6,C,,Contact_ Fax,,0..*,,Contact Fax Number Class,【担当者FAX番号】,担当者のFAX番号の構造体。,BU22-11,$.btx_BusinessTransactions.btx_TransactionHeader.btx_TransactionDetail.btx_DetailParty.btx_PartyContact.bus_ContactFax,bus,Contact_ Fax,detailPartyContactFax,/xbrli:xbrl/gl-btx:businessTransactions/gl-btx:transactionHeader/gl-btx:transactionDetail/gl-btx:detailParty/gl-bus:partyContact/gl-bus:contactFax
329,bus,7,A,PK,Fax Number,String,1,,Fax Number,FAX番号,FAX番号。,BU08-01,$.btx_BusinessTransactions.btx_TransactionHeader.btx_TransactionDetail.btx_DetailParty.btx_PartyContact.bus_ContactFax.bus_FaxNumber,bus,Contact_ Fax,detailPartyContactFaxNumber,/xbrli:xbrl/gl-btx:businessTransactions/gl-btx:transactionHeader/gl-btx:transactionDetail/gl-btx:detailParty/gl-bus:partyContact/gl-bus:contactFax/gl-bus:faxNumber
330,bus,7,A,,Fax Number Usage,String,0..1,,"Fax number usage (e.g. orders, head office, IR)",FAX番号用途,FAX番号の用途。(注文、本社、IRなど),BU08-02,$.btx_BusinessTransactions.btx_TransactionHeader.btx_TransactionDetail.btx_DetailParty.btx_PartyContact.bus_ContactFax.bus_FaxNumberUsage,bus,Contact_ Fax,detailPartyContactFaxNumberUsage,/xbrli:xbrl/gl-btx:businessTransactions/gl-btx:transactionHeader/gl-btx:transactionDetail/gl-btx:detailParty/gl-bus:partyContact/gl-bus:contactFax/gl-bus:faxNumberUsage
331,bus,6,C,,Contact_ Email,,0..*,,Contact E-mail address class,【担当者Eメールアドレス】,担当者のEメールアドレスの構造体。,BU22-12,$.btx_BusinessTransactions.btx_TransactionHeader.btx_TransactionDetail.btx_DetailParty.btx_PartyContact.bus_ContactEmail,bus,Contact_ Email,detailPartyContactEmail,/xbrli:xbrl/gl-btx:businessTransactions/gl-btx:transactionHeader/gl-btx:transactionDetail/gl-btx:detailParty/gl-bus:partyContact/gl-bus:contactEmail
332,bus,7,A,PK,Email Address,String,1,,Email Address,Eメールアドレス,Eメールアドレス。,BU13-01,$.btx_BusinessTransactions.btx_TransactionHeader.btx_TransactionDetail.btx_DetailParty.btx_PartyContact.bus_ContactEmail.bus_EmailAddress,bus,Contact_ Email,detailPartyContactEmailAddress,/xbrli:xbrl/gl-btx:businessTransactions/gl-btx:transactionHeader/gl-btx:transactionDetail/gl-btx:detailParty/gl-bus:partyContact/gl-bus:contactEmail/gl-bus:emailAddress
333,bus,7,A,,Email Address Usage,String,0..1,,"Email address usage (e.g. orders, head office, IR)",Eメールアドレス用途,Eメールアドレスの用途。(注文、本社、IRなど),BU13-02,$.btx_BusinessTransactions.btx_TransactionHeader.btx_TransactionDetail.btx_DetailParty.btx_PartyContact.bus_ContactEmail.bus_EmailAddressUsage,bus,Contact_ Email,detailPartyContactEmailAddressUsage,/xbrli:xbrl/gl-btx:businessTransactions/gl-btx:transactionHeader/gl-btx:transactionDetail/gl-btx:detailParty/gl-bus:partyContact/gl-bus:contactEmail/gl-bus:emailAddressUsage
334,btx,5,C,,Organization Identifier,,0..*,,Class which contains various identifiers for theparty.,【識別子】,組織に関する様々な識別子を含むセクション。,BT03-11,$.btx_BusinessTransactions.btx_TransactionHeader.btx_TransactionDetail.btx_DetailParty.btx_OrganizationIdentifier,btx,Organization Identifier,detailPartyOrganizationIdentifier,/xbrli:xbrl/gl-btx:businessTransactions/gl-btx:transactionHeader/gl-btx:transactionDetail/gl-btx:detailParty/gl-btx:organizationIdentifier
335,btx,6,A,PK,Organization Identifier Code,String,1,,"Code representing the company or organization whose data this file represents: used for situations where one user (e.g., a CPA) needs to keep track of multiple organizations' files (e.g., multiple clients). Can be EIN#, client #, internal/external identifier, SIC code. Codes which identifies the entity. Includes the code identifier of the authority issuing the code, a colon, and the code itself. For example, CIK:01234567 for the CIK number issued by SEC EDGAR.",事業体識別子,このファイルでデータを表現している会社や組織のコード。ひとりのユーザ(例えば、公認会計士)が複数の組織(例えば、複数の顧客)のファイルを把握する必要がある場合に使用される。 EIN番号、顧客番号、内部/外部識別子、SICコードであってよい。事業体の識別子をコード化する。コードを発行する権威ある組織のコード識別子、コロン、およびコードそのものを含む。 例えば、SEC　EDGARが発行したCIK番号　CIK: 01234567。,BT01-01,$.btx_BusinessTransactions.btx_TransactionHeader.btx_TransactionDetail.btx_DetailParty.btx_OrganizationIdentifier.btx_OrganizationIdentifierCode,btx,Organization Identifier,detailPartyOrganizationIdentifierCode,/xbrli:xbrl/gl-btx:businessTransactions/gl-btx:transactionHeader/gl-btx:transactionDetail/gl-btx:detailParty/gl-btx:organizationIdentifier/gl-btx:organizationIdentifierCode
336,btx,6,A,,Organization Identifier Purpose,String,1,,Purpose or role for which the organization identifier is used.,組織識別子用途,組織識別子が使用される目的または役割を示す。,BT01-02,$.btx_BusinessTransactions.btx_TransactionHeader.btx_TransactionDetail.btx_DetailParty.btx_OrganizationIdentifier.btx_OrganizationIdentifierPurpose,btx,Organization Identifier,detailPartyOrganizationIdentifierPurpose,/xbrli:xbrl/gl-btx:businessTransactions/gl-btx:transactionHeader/gl-btx:transactionDetail/gl-btx:detailParty/gl-btx:organizationIdentifier/gl-btx:organizationIdentifierPurpose
337,btx,6,A,,Organization Identifier Issuing Agency,String,1,,Organization or authority that issued or assigned the organization identifier.,組織識別子発行機関,組織識別子を発行または付与した組織若しくは機関。,BT01-03,$.btx_BusinessTransactions.btx_TransactionHeader.btx_TransactionDetail.btx_DetailParty.btx_OrganizationIdentifier.btx_OrganizationIdentifierIssuingAgency,btx,Organization Identifier,detailPartyOrganizationIdentifierIssuingAgency,/xbrli:xbrl/gl-btx:businessTransactions/gl-btx:transactionHeader/gl-btx:transactionDetail/gl-btx:detailParty/gl-btx:organizationIdentifier/gl-btx:organizationIdentifierIssuingAgency
338,btx,6,A,,Organization Identifier Description,String,0..1,,Text describing the organization identified by the organization identifier. Includes any relevant information about the code itself (e.g. issuing authority).,事業体説明,事業体識別子によって特定された組織の説明文。 コードに関するなんらかの記述情報。,BT01-04,$.btx_BusinessTransactions.btx_TransactionHeader.btx_TransactionDetail.btx_DetailParty.btx_OrganizationIdentifier.btx_OrganizationIdentifierDescription,btx,Organization Identifier,detailPartyOrganizationIdentifierDescription,/xbrli:xbrl/gl-btx:businessTransactions/gl-btx:transactionHeader/gl-btx:transactionDetail/gl-btx:detailParty/gl-btx:organizationIdentifier/gl-btx:organizationIdentifierDescription
339,btx,4,C,,Referenced Document,,0..*,,Reference for the document; number assigned to track the document,元文書参照情報,上の文書のための内部参照情報。文書を追跡するために内部的に割り当てた番号。,BT16-21,$.btx_BusinessTransactions.btx_TransactionHeader.btx_TransactionDetail.btx_ReferencedDocument,btx,Referenced Document,transactionDetailReferencedDocument,/xbrli:xbrl/gl-btx:businessTransactions/gl-btx:transactionHeader/gl-btx:transactionDetail/gl-btx:referencedDocument
340,btx,5,A,,Document Type,Token,0..1,,"Document type  check, debit-memo, credit-memo, finance-charge, invoice, order-customer, order-vendor, payment-other, reminder, tegata, voucher, shipment, receipt, manual-adjustment, other.",発生元文書種別,発生元文書の種別。小切手(check)、借方メモ(debit-memo)、貸方メモ(credit-memo)、財務費用(finance-charge)、顧客への請求書(invoice)、顧客オーダ(order-customer)、仕入先オーダ(order-vendor)、その他支払い(payment-other)、督促状(reminder)、手形(tegata)、ベンダからの請求書(voucher)、出荷票(shipment)、受領票(receipt)、手修正(manual-adjustment)、その他(other),BT10-01,$.btx_BusinessTransactions.btx_TransactionHeader.btx_TransactionDetail.btx_ReferencedDocument.btx_DocumentType,btx,Referenced Document,transactionDetailReferencedDocumentType,/xbrli:xbrl/gl-btx:businessTransactions/gl-btx:transactionHeader/gl-btx:transactionDetail/gl-btx:referencedDocument/gl-btx:documentType
341,btx,5,A,PK,Document Number,String,1,,Document number,発生元文書番号,発生元文書の番号。,BT10-02,$.btx_BusinessTransactions.btx_TransactionHeader.btx_TransactionDetail.btx_ReferencedDocument.btx_DocumentNumber,btx,Referenced Document,transactionDetailReferencedDocumentNumber,/xbrli:xbrl/gl-btx:businessTransactions/gl-btx:transactionHeader/gl-btx:transactionDetail/gl-btx:referencedDocument/gl-btx:documentNumber
342,btx,5,A,,Document Date,Date,0..1,,Document date,発生元文書日付,発生元文書の日付。,BT10-03,$.btx_BusinessTransactions.btx_TransactionHeader.btx_TransactionDetail.btx_ReferencedDocument.btx_DocumentDate,btx,Referenced Document,transactionDetailReferencedDocumentDate,/xbrli:xbrl/gl-btx:businessTransactions/gl-btx:transactionHeader/gl-btx:transactionDetail/gl-btx:referencedDocument/gl-btx:documentDate
343,btx,5,A,,Document Identifier Type,Token,0..1,,"Document identifier type. Enumerated as: C, customer, E, employee, V, vendor, O, other, I, salesperson-internal, X, salesperson-external, N, contractor.",発生元文書対象CVE種別,発生元文書の対象となるCVEの種別。_x005F_x000D_ [設定値のリスト]_x005F_x000D_ (C)、(customer：顧客)、(E)、(employee：従業員)、(V)、(vendor：仕入先)、(O)、(other：その他)、(I)、(salesperson-internal：店舗内販売員)、(X)、(salesperson-external：外交販売員)、(N)、(contractor：請負者),BT10-04,$.btx_BusinessTransactions.btx_TransactionHeader.btx_TransactionDetail.btx_ReferencedDocument.btx_DocumentIdentifierType,btx,Referenced Document,transactionDetailReferencedDocumentIdentifierType,/xbrli:xbrl/gl-btx:businessTransactions/gl-btx:transactionHeader/gl-btx:transactionDetail/gl-btx:referencedDocument/gl-btx:documentIdentifierType
344,btx,5,A,,Document Identifier Code,String,0..1,,Document identifier code,発生元文書対象CVEコード,発生元文書の対象となるCVEのコード。,BT10-05,$.btx_BusinessTransactions.btx_TransactionHeader.btx_TransactionDetail.btx_ReferencedDocument.btx_DocumentIdentifierCode,btx,Referenced Document,transactionDetailReferencedDocumentIdentifierCode,/xbrli:xbrl/gl-btx:businessTransactions/gl-btx:transactionHeader/gl-btx:transactionDetail/gl-btx:referencedDocument/gl-btx:documentIdentifierCode
345,btx,5,A,,Received Date,Date Time,0..1,,Date/time document was noted as received (if necessary). Represents actual date received. Posting dates are maintained separately.,元文書受領日付,（必要であれば）文書の受領が記録された日付/時刻。実際に受領された日付をあらわす。転記日付は別に管理される。,BT10-06,$.btx_BusinessTransactions.btx_TransactionHeader.btx_TransactionDetail.btx_ReferencedDocument.btx_ReceivedDate,btx,Referenced Document,transactionDetailReferencedDocumentReceivedDate,/xbrli:xbrl/gl-btx:businessTransactions/gl-btx:transactionHeader/gl-btx:transactionDetail/gl-btx:referencedDocument/gl-btx:receivedDate
346,btx,5,A,,Document Location,String,0..1,,"Document location as URI, file name or other reference. Alternatively, text of document can be placed here.",元文書格納場所,文書の格納場所である、URI、ファイル名またはその他の参照情報。代わりに、文書のテキストも記述可能。,BT10-07,$.btx_BusinessTransactions.btx_TransactionHeader.btx_TransactionDetail.btx_ReferencedDocument.btx_DocumentLocation,btx,Referenced Document,transactionDetailReferencedDocumentLocation,/xbrli:xbrl/gl-btx:businessTransactions/gl-btx:transactionHeader/gl-btx:transactionDetail/gl-btx:referencedDocument/gl-btx:documentLocation
347,btx,5,A,,Reference Purpose,Token,0..1,,"Purpose discriminator identifying the business purpose of a Referenced Document occurrence, such as project, contract, or tender/lot reference.",参照目的,参照文書の出現が、プロジェクト、契約、入札・ロット参照など、どの業務目的の参照であるかを識別する区分。,BT10-08,$.btx_BusinessTransactions.btx_TransactionHeader.btx_TransactionDetail.btx_ReferencedDocument.btx_ReferencePurpose,btx,Referenced Document,transactionDetailReferencedDocumentReferencePurpose,/xbrli:xbrl/gl-btx:businessTransactions/gl-btx:transactionHeader/gl-btx:transactionDetail/gl-btx:referencedDocument/gl-btx:referencePurpose
348,bus,4,C,,Detail_ Measurable,,0..*,,"Parent for information regarding measurable items associated with the enclosing entryDetail line. Primary area used for holding performance measures. Based on needs for tracking inventory transactional detail, but suitable for anything assigned to an ""account"", ""reporting bucket"" or ""code"". Can be used to track any movements.",【計測可能物情報】,明細行に関係付けられた、計測可能物の情報の親タグ。おもにパフォーマンス測定のために使用される。在庫移動の詳細の追跡の必要性に基づき、「科目」、「報告バケット」、「コード」に関係付けられるあらゆるものに適する。あらゆる活動を追跡するために使用可能。,BT16-22,$.btx_BusinessTransactions.btx_TransactionHeader.btx_TransactionDetail.btx_DetailMeasurable,bus,Detail_ Measurable,detailMeasurable,/xbrli:xbrl/gl-btx:businessTransactions/gl-btx:transactionHeader/gl-btx:transactionDetail/gl-bus:detailMeasurable
349,bus,5,A,PK,Measurable Code,Token,1,,"Code for measurable item including BP - Business process, FA - Fixed asset/Capitalized item, IN - Inventory, KPI - Metric, NT - Intangible, SP - Supplies, SV-P - Service by employee, vendor or contractor, SV-M - Service by equipment/machinery, OT - Other",計測可能物コード,"計測可能物のコード。ビジネスプロセス、固定資産/資産化項目、在庫、測定基準、無形資産、貯蔵品、従業員/提供元/請負者によるサービス、装置/機械によるサービス、その他_x005F_x000D_
[設定値のリスト]_x005F_x000D_
(BP：ビジネスプロセス)、(FA：固定資産/資産化項目)、(IN：在庫)、(KPI：測定基準)、(NT：無形資産)、(SP：貯蔵品)、(SV-P：従業員/提供元/請負者によるサービス)、(SV-M：装置/機械によるサービス)、(OT：その他)",BU31-01,$.btx_BusinessTransactions.btx_TransactionHeader.btx_TransactionDetail.btx_DetailMeasurable.bus_MeasurableCode,bus,Detail_ Measurable,measurableCode,/xbrli:xbrl/gl-btx:businessTransactions/gl-btx:transactionHeader/gl-btx:transactionDetail/gl-bus:detailMeasurable/gl-bus:measurableCode
350,bus,5,A,,Measurable Code Description,String,0..1,,Free format description of the measurable code,計測可能物コード説明,計測可能物のコードの説明。,BU31-02,$.btx_BusinessTransactions.btx_TransactionHeader.btx_TransactionDetail.btx_DetailMeasurable.bus_MeasurableCodeDescription,bus,Detail_ Measurable,measurableCodeDescription,/xbrli:xbrl/gl-btx:businessTransactions/gl-btx:transactionHeader/gl-btx:transactionDetail/gl-bus:detailMeasurable/gl-bus:measurableCodeDescription
351,bus,5,A,,Measurable Category,String,0..1,,Category of the measurable,計測可能物カテゴリ,計測可能物のカテゴリ。,BU31-03,$.btx_BusinessTransactions.btx_TransactionHeader.btx_TransactionDetail.btx_DetailMeasurable.bus_MeasurableCategory,bus,Detail_ Measurable,measurableCategory,/xbrli:xbrl/gl-btx:businessTransactions/gl-btx:transactionHeader/gl-btx:transactionDetail/gl-bus:detailMeasurable/gl-bus:measurableCategory
352,bus,5,A,,Measurable Identification,String,0..1,,Internal inventory part or SKU number or other code identifier for the measurable.,計測可能物識別子,計測可能物の社内在庫部分またはSKU番号またはその他のコード識別子。,BU31-04,$.btx_BusinessTransactions.btx_TransactionHeader.btx_TransactionDetail.btx_DetailMeasurable.bus_MeasurableIdentification,bus,Detail_ Measurable,measurableIdentification,/xbrli:xbrl/gl-btx:businessTransactions/gl-btx:transactionHeader/gl-btx:transactionDetail/gl-bus:detailMeasurable/gl-bus:measurableIdentification
353,bus,5,A,,Schema for Measurable Identification,String,0..1,,URI or other identifier for schema with which measurable ID can be validated,計測可能物識別子スキーマ,計測可能物のIDを検証するスキーマの、URIまたはその他の識別子。,BU31-05,$.btx_BusinessTransactions.btx_TransactionHeader.btx_TransactionDetail.btx_DetailMeasurable.bus_SchemaforMeasurableIdentification,bus,Detail_ Measurable,schemaForMeasurableIdentification,/xbrli:xbrl/gl-btx:businessTransactions/gl-btx:transactionHeader/gl-btx:transactionDetail/gl-bus:detailMeasurable/gl-bus:schemaForMeasurableIdentification
354,bus,5,A,,Secondary Measurable Code,String,0..1,,Second identifier (such as vendor's item number),計測可能物第二識別子,第二識別子。（例えば、ベンダーでの品目番号）。,BU31-06,$.btx_BusinessTransactions.btx_TransactionHeader.btx_TransactionDetail.btx_DetailMeasurable.bus_SecondaryMeasurableCode,bus,Detail_ Measurable,secondaryMeasurableCode,/xbrli:xbrl/gl-btx:businessTransactions/gl-btx:transactionHeader/gl-btx:transactionDetail/gl-bus:detailMeasurable/gl-bus:secondaryMeasurableCode
355,bus,5,A,,Schema for Secondary Measurable Identification,String,0..1,,URI or other identifier for schema with which measurable ID Other can be validated,計測可能物第二識別子スキーマ,計測可能物の第二IDを検証するスキーマの、URIまたはその他の識別子。,BU31-07,$.btx_BusinessTransactions.btx_TransactionHeader.btx_TransactionDetail.btx_DetailMeasurable.bus_SchemaforSecondaryMeasurableIdentification,bus,Detail_ Measurable,schemaForSecondaryMeasurableIdentification,/xbrli:xbrl/gl-btx:businessTransactions/gl-btx:transactionHeader/gl-btx:transactionDetail/gl-bus:detailMeasurable/gl-bus:schemaForSecondaryMeasurableIdentification
356,bus,5,A,,Measurable Description,String,0..1,,Text description of measurable (e.g. inventory item or other identifier),計測可能物説明,計測可能物の説明。（たとえば、在庫やその他の識別子）,BU31-08,$.btx_BusinessTransactions.btx_TransactionHeader.btx_TransactionDetail.btx_DetailMeasurable.bus_MeasurableDescription,bus,Detail_ Measurable,measurableDescription,/xbrli:xbrl/gl-btx:businessTransactions/gl-btx:transactionHeader/gl-btx:transactionDetail/gl-bus:detailMeasurable/gl-bus:measurableDescription
357,bus,5,A,,Measurable Quantity,Decimal,0..1,,"Number of units in this transaction; for non-monetary calculations; can be square footage, number of people, etc.",数量,この取引における、単位数量。金額計算用ではない。平方フィート、人数など。,BU31-09,$.btx_BusinessTransactions.btx_TransactionHeader.btx_TransactionDetail.btx_DetailMeasurable.bus_MeasurableQuantity,bus,Detail_ Measurable,measurableQuantity,/xbrli:xbrl/gl-btx:businessTransactions/gl-btx:transactionHeader/gl-btx:transactionDetail/gl-bus:detailMeasurable/gl-bus:measurableQuantity
358,bus,5,A,,Measurable Qualifier,Token,0..1,,"Field that can represent grading, inspection codes, ratings and other qualifiers to properly capture PKI/Balanced Scorecard information",修飾子,PKI又はバランススコアカード情報を適正に把握するための、等級付け、検査コード、格付けその他の修飾子を示す。,BU31-10,$.btx_BusinessTransactions.btx_TransactionHeader.btx_TransactionDetail.btx_DetailMeasurable.bus_MeasurableQualifier,bus,Detail_ Measurable,measurableQualifier,/xbrli:xbrl/gl-btx:businessTransactions/gl-btx:transactionHeader/gl-btx:transactionDetail/gl-bus:detailMeasurable/gl-bus:measurableQualifier
359,bus,5,A,,Measurable Unit of Measure,String,0..1,,"Description of unit: e.g. each, case, dozen, etc. ISO standard coding recommended.",計量単位,単位の説明。たとえば、個、箱、ダースなど。ISO標準のコードを推奨。,BU31-11,$.btx_BusinessTransactions.btx_TransactionHeader.btx_TransactionDetail.btx_DetailMeasurable.bus_MeasurableUnitofMeasure,bus,Detail_ Measurable,measurableUnitOfMeasure,/xbrli:xbrl/gl-btx:businessTransactions/gl-btx:transactionHeader/gl-btx:transactionDetail/gl-bus:detailMeasurable/gl-bus:measurableUnitOfMeasure
360,bus,5,A,,Measurable Per Unit Cost/Price,Monetary,0..1,,"Per unit price of the measurable. Although one might expect that measurableQuantity * measurableCostPerUnit = amount, this is not mandated except by external rules sets.",単価,"計測可能物の単価。_x005F_x000D_
measurableQuantity * measurableCostPerUnit = amountであることを期待するかもしれないが、外部規則がなければ必須ではない。",BU31-12,$.btx_BusinessTransactions.btx_TransactionHeader.btx_TransactionDetail.btx_DetailMeasurable.bus_MeasurablePerUnitCostPrice,bus,Detail_ Measurable,measurablePerUnitCostPrice,/xbrli:xbrl/gl-btx:businessTransactions/gl-btx:transactionHeader/gl-btx:transactionDetail/gl-bus:detailMeasurable/gl-bus:measurablePerUnitCostPrice
361,bus,5,A,,Measurable Start Time,Date Time,0..1,,Start time of the duration being measured,開始日時,計量期間の開始時刻。,BU31-13,$.btx_BusinessTransactions.btx_TransactionHeader.btx_TransactionDetail.btx_DetailMeasurable.bus_MeasurableStartTime,bus,Detail_ Measurable,measurableStartTime,/xbrli:xbrl/gl-btx:businessTransactions/gl-btx:transactionHeader/gl-btx:transactionDetail/gl-bus:detailMeasurable/gl-bus:measurableStartTime
362,bus,5,A,,Measurable End Time,Date Time,0..1,,End time of the duration being measured,終了日時,計量期間の終了時刻。,BU31-14,$.btx_BusinessTransactions.btx_TransactionHeader.btx_TransactionDetail.btx_DetailMeasurable.bus_MeasurableEndTime,bus,Detail_ Measurable,measurableEndTime,/xbrli:xbrl/gl-btx:businessTransactions/gl-btx:transactionHeader/gl-btx:transactionDetail/gl-bus:detailMeasurable/gl-bus:measurableEndTime
363,bus,5,A,,Measurable Active,Boolean,0..1,,"Boolean to indicate whether the measurable is active (=""true"") or inactive (=""false"")",計測可能物有効性,計測可能物が有効か無効かを示すブール値。,BU31-15,$.btx_BusinessTransactions.btx_TransactionHeader.btx_TransactionDetail.btx_DetailMeasurable.bus_MeasurableActive,bus,Detail_ Measurable,measurableActive,/xbrli:xbrl/gl-btx:businessTransactions/gl-btx:transactionHeader/gl-btx:transactionDetail/gl-bus:detailMeasurable/gl-bus:measurableActive
364,ehm,4,C,,Detail_ Serial or Lot,,0..*,,"Class for holding information about serial numbers or lots (batches). As a class, this permits multiple serial numbers or multiple lot number batches within a single gl-cor:measurable class.",【シリアル番号・ロット情報】,シリアル番号やロット（バッチ）に関する情報を保持するタプル。単一の構造内に複数のシリアル番号やロット情報を保持可能。,BT16-23,$.btx_BusinessTransactions.btx_TransactionHeader.btx_TransactionDetail.btx_DetailSerialorLot,ehm,Detail_ Serial or Lot,detailSerialOrLot,/xbrli:xbrl/gl-btx:businessTransactions/gl-btx:transactionHeader/gl-btx:transactionDetail/gl-ehm:detailSerialOrLot
365,ehm,5,A,PK,Serial or Lot Code,Token,1,,"Is this item tracked by serial numbers or lot numbers? A serial number is usually a unique number assigned to a single; a lot or batch number is provided when a batch of items is fungible but must be differentiated from similar items from other batches. Enumerated indicator for serial or lot items. Enumeration are: serial, lot, other, neither. If not included within the class, neither is assumed.",シリアル・ロット識別コード,この項目はシリアル番号またはロット番号で管理されているか？シリアル番号は一意に付番されたもので、ロット番号は同一バッチの区別を目的に使用される。,EH01-01,$.btx_BusinessTransactions.btx_TransactionHeader.btx_TransactionDetail.btx_DetailSerialorLot.ehm_SerialorLotCode,ehm,Detail_ Serial or Lot,serialOrLotCode,/xbrli:xbrl/gl-btx:businessTransactions/gl-btx:transactionHeader/gl-btx:transactionDetail/gl-ehm:detailSerialOrLot/gl-ehm:serialOrLotCode
366,ehm,5,A,,Serial or Lot Description,String,0..1,,Free format description associated with gl-ehm:serialLotCode to provide specialization and especially to provide clarification for the enumerated value of other in serialLotCode. Examples might be “batch” or “group”.,シリアル・ロットの説明,gl-ehm:serialLotCode の「その他」の値のための自由記述の説明（例：バッチ、グループなど）。,EH01-02,$.btx_BusinessTransactions.btx_TransactionHeader.btx_TransactionDetail.btx_DetailSerialorLot.ehm_SerialorLotDescription,ehm,Detail_ Serial or Lot,serialOrLotDescription,/xbrli:xbrl/gl-btx:businessTransactions/gl-btx:transactionHeader/gl-btx:transactionDetail/gl-ehm:detailSerialOrLot/gl-ehm:serialOrLotDescription
367,ehm,5,A,,Serial or Lot Number,String,0..1,,The holder for that actual serial number or lot (batch) number/code assigned to an item or a batch of items.,シリアル番号・ロット番号,対象アイテムやロットに割り当てられた実際の番号／コードを保持する。,EH01-03,$.btx_BusinessTransactions.btx_TransactionHeader.btx_TransactionDetail.btx_DetailSerialorLot.ehm_SerialorLotNumber,ehm,Detail_ Serial or Lot,serialOrLotNumber,/xbrli:xbrl/gl-btx:businessTransactions/gl-btx:transactionHeader/gl-btx:transactionDetail/gl-ehm:detailSerialOrLot/gl-ehm:serialOrLotNumber
368,ehm,5,A,,Next Serial or Lot Number,String,0..1,,"A field for holding the next expected serial or lot number to be given to future assignments, or for chaining between already assigned items.",次のシリアル・ロット番号,今後割り当て予定の次のシリアル／ロット番号や、既に割り当てられたアイテムの連結に使用。,EH01-04,$.btx_BusinessTransactions.btx_TransactionHeader.btx_TransactionDetail.btx_DetailSerialorLot.ehm_NextSerialorLotNumber,ehm,Detail_ Serial or Lot,nextSerialOrLotNumber,/xbrli:xbrl/gl-btx:businessTransactions/gl-btx:transactionHeader/gl-btx:transactionDetail/gl-ehm:detailSerialOrLot/gl-ehm:nextSerialOrLotNumber
369,ehm,5,A,,Serial or Lot Quantity,Decimal,0..1,,The quantity of units in this particular batch. Unit of measure is the gl-bus:measurableUnitofMeasure.,シリアル・ロットの数量,該当ロット内の単位数。単位は gl-bus:measurableUnitofMeasure に基づく。,EH01-05,$.btx_BusinessTransactions.btx_TransactionHeader.btx_TransactionDetail.btx_DetailSerialorLot.ehm_SerialorLotQuantity,ehm,Detail_ Serial or Lot,serialOrLotQuantity,/xbrli:xbrl/gl-btx:businessTransactions/gl-btx:transactionHeader/gl-btx:transactionDetail/gl-ehm:detailSerialOrLot/gl-ehm:serialOrLotQuantity
370,ehm,5,A,,Serial or Lot Original Quantity,Decimal,0..1,,The quantity of units in this batch on inception.,シリアル・ロット元数量,このロットが生成された時点の元の数量。,EH01-06,$.btx_BusinessTransactions.btx_TransactionHeader.btx_TransactionDetail.btx_DetailSerialorLot.ehm_SerialorLotOriginalQuantity,ehm,Detail_ Serial or Lot,serialOrLotOriginalQuantity,/xbrli:xbrl/gl-btx:businessTransactions/gl-btx:transactionHeader/gl-btx:transactionDetail/gl-ehm:detailSerialOrLot/gl-ehm:serialOrLotOriginalQuantity
371,ehm,5,A,,Serial or Lot Remaining Quantity,Decimal,0..1,,The remaining quantity of units from the original batch; may be the same as the quantity in this batch or include other batches from the same original batch.,シリアル・ロット残数量,元ロットからの残りの数量。,EH01-07,$.btx_BusinessTransactions.btx_TransactionHeader.btx_TransactionDetail.btx_DetailSerialorLot.ehm_SerialorLotRemainingQuantity,ehm,Detail_ Serial or Lot,serialOrLotRemainingQuantity,/xbrli:xbrl/gl-btx:businessTransactions/gl-btx:transactionHeader/gl-btx:transactionDetail/gl-ehm:detailSerialOrLot/gl-ehm:serialOrLotRemainingQuantity
372,ehm,5,A,,Serial or Lot Origination,Date Time,0..1,,Date of manufacture or creation.,シリアル・ロット生成日,製造日または作成日。,EH01-08,$.btx_BusinessTransactions.btx_TransactionHeader.btx_TransactionDetail.btx_DetailSerialorLot.ehm_SerialorLotOrigination,ehm,Detail_ Serial or Lot,serialOrLotOrigination,/xbrli:xbrl/gl-btx:businessTransactions/gl-btx:transactionHeader/gl-btx:transactionDetail/gl-ehm:detailSerialOrLot/gl-ehm:serialOrLotOrigination
373,ehm,5,A,,Serial or Lot Expiration,Date Time,0..1,,Expiration date of the batch.,シリアル・ロット有効期限,ロットの有効期限。,EH01-09,$.btx_BusinessTransactions.btx_TransactionHeader.btx_TransactionDetail.btx_DetailSerialorLot.ehm_SerialorLotExpiration,ehm,Detail_ Serial or Lot,serialOrLotExpiration,/xbrli:xbrl/gl-btx:businessTransactions/gl-btx:transactionHeader/gl-btx:transactionDetail/gl-ehm:detailSerialOrLot/gl-ehm:serialOrLotExpiration
374,ehm,5,A,,Serial or Lot Manufacturer,String,0..1,,Manufacturer of the item (serial) or items (lot/batch).,シリアル・ロット製造元,シリアル番号またはロットの製造者。,EH01-10,$.btx_BusinessTransactions.btx_TransactionHeader.btx_TransactionDetail.btx_DetailSerialorLot.ehm_SerialorLotManufacturer,ehm,Detail_ Serial or Lot,serialOrLotManufacturer,/xbrli:xbrl/gl-btx:businessTransactions/gl-btx:transactionHeader/gl-btx:transactionDetail/gl-ehm:detailSerialOrLot/gl-ehm:serialOrLotManufacturer
375,ehm,5,A,,Serial or Lot Batch Description,String,0..1,,A name or description of the items in the lot or batch.,シリアル・ロットバッチの説明,ロットまたはバッチ内のアイテムの名称や説明。,EH01-11,$.btx_BusinessTransactions.btx_TransactionHeader.btx_TransactionDetail.btx_DetailSerialorLot.ehm_SerialorLotBatchDescription,ehm,Detail_ Serial or Lot,serialOrLotBatchDescription,/xbrli:xbrl/gl-btx:businessTransactions/gl-btx:transactionHeader/gl-btx:transactionDetail/gl-ehm:detailSerialOrLot/gl-ehm:serialOrLotBatchDescription
376,ehm,5,A,,Serial or Lot Warranty Start Date,Date Time,0..1,,"If the items are covered by warranty, when that warranty covered will begin or has begun.",保証開始日,保証対象となる場合の保証開始日。,EH01-12,$.btx_BusinessTransactions.btx_TransactionHeader.btx_TransactionDetail.btx_DetailSerialorLot.ehm_SerialorLotWarrantyStartDate,ehm,Detail_ Serial or Lot,serialOrLotWarrantyStartDate,/xbrli:xbrl/gl-btx:businessTransactions/gl-btx:transactionHeader/gl-btx:transactionDetail/gl-ehm:detailSerialOrLot/gl-ehm:serialOrLotWarrantyStartDate
377,ehm,5,A,,Serial or Lot Warranty End Date,Date Time,0..1,,"If the items are covered by warranty, when that warranty covered will end or ended.",保証終了日,保証対象となる場合の保証終了日。,EH01-13,$.btx_BusinessTransactions.btx_TransactionHeader.btx_TransactionDetail.btx_DetailSerialorLot.ehm_SerialorLotWarrantyEndDate,ehm,Detail_ Serial or Lot,serialOrLotWarrantyEndDate,/xbrli:xbrl/gl-btx:businessTransactions/gl-btx:transactionHeader/gl-btx:transactionDetail/gl-ehm:detailSerialOrLot/gl-ehm:serialOrLotWarrantyEndDate
378,ehm,5,A,,Serial or Lot Warranty Period,Decimal,0..1,,"Warranty period – numeric portion; for a 30 day warranty period, the 30 would go here, and the day would go in gl-ehm:serialLotWarrantyPeriodUnit.",保証期間（数値）,保証期間の数値部分（例：30日保証の場合は「30」）。,EH01-14,$.btx_BusinessTransactions.btx_TransactionHeader.btx_TransactionDetail.btx_DetailSerialorLot.ehm_SerialorLotWarrantyPeriod,ehm,Detail_ Serial or Lot,serialOrLotWarrantyPeriod,/xbrli:xbrl/gl-btx:businessTransactions/gl-btx:transactionHeader/gl-btx:transactionDetail/gl-ehm:detailSerialOrLot/gl-ehm:serialOrLotWarrantyPeriod
379,ehm,5,A,,Serial or Lot Warrant Period Unit,String,0..1,,"Warrant period – time or cycle unit portion. Values from the XBRL Unit Registry (www.xbrl.org/utr/utr.xml) are suggested where possible. Examples might include: H (hours), D (days), M (months), Y (years), machine cycles, km (kilometers).",保証期間（単位）,保証期間の単位（例：日、月、年、km、機械サイクルなど）。,EH01-15,$.btx_BusinessTransactions.btx_TransactionHeader.btx_TransactionDetail.btx_DetailSerialorLot.ehm_SerialorLotWarrantPeriodUnit,ehm,Detail_ Serial or Lot,serialOrLotWarrantPeriodUnit,/xbrli:xbrl/gl-btx:businessTransactions/gl-btx:transactionHeader/gl-btx:transactionDetail/gl-ehm:detailSerialOrLot/gl-ehm:serialOrLotWarrantPeriodUnit
380,ehm,5,A,,Warranty Vendor,String,0..1,,The vendor providing warranty; this may differ from the manufacturer.,保証提供業者,保証を提供するベンダー（製造者とは異なる可能性あり）。,EH01-16,$.btx_BusinessTransactions.btx_TransactionHeader.btx_TransactionDetail.btx_DetailSerialorLot.ehm_WarrantyVendor,ehm,Detail_ Serial or Lot,warrantyVendor,/xbrli:xbrl/gl-btx:businessTransactions/gl-btx:transactionHeader/gl-btx:transactionDetail/gl-ehm:detailSerialOrLot/gl-ehm:warrantyVendor
381,ehm,5,A,,Warranty Contract,String,0..1,,"Contract or document information related to the warranty, such as a contract number and date or a URL with more information.",保証契約情報,保証に関する契約番号、日付、URL などの情報。,EH01-17,$.btx_BusinessTransactions.btx_TransactionHeader.btx_TransactionDetail.btx_DetailSerialorLot.ehm_WarrantyContract,ehm,Detail_ Serial or Lot,warrantyContract,/xbrli:xbrl/gl-btx:businessTransactions/gl-btx:transactionHeader/gl-btx:transactionDetail/gl-ehm:detailSerialOrLot/gl-ehm:warrantyContract
382,ehm,5,A,,Serial or Lot Comment,String,0..1,,Free format text related to the serial number or lot.,シリアル・ロット備考,シリアルまたはロットに関する自由形式のテキスト。,EH01-18,$.btx_BusinessTransactions.btx_TransactionHeader.btx_TransactionDetail.btx_DetailSerialorLot.ehm_SerialorLotComment,ehm,Detail_ Serial or Lot,serialOrLotComment,/xbrli:xbrl/gl-btx:businessTransactions/gl-btx:transactionHeader/gl-btx:transactionDetail/gl-ehm:detailSerialOrLot/gl-ehm:serialOrLotComment
383,bus,4,C,,Detail_ Job,,0..*,,"Class for holding job related information, separate from jobs represented in account identifier. Would probably only have one jobinfo class for each entry line, but there may be a need to express more than one.",【ジョブ情報】,科目識別子で表現されるジョブとは別の、ジョブに関係する情報のタプル。個々の明細行に対してひとつだけ存在すると思われるが、複数必要かもしれない。,BT16-24,$.btx_BusinessTransactions.btx_TransactionHeader.btx_TransactionDetail.btx_DetailJob,bus,Detail_ Job,detailJob,/xbrli:xbrl/gl-btx:businessTransactions/gl-btx:transactionHeader/gl-btx:transactionDetail/gl-bus:detailJob
384,bus,5,A,PK,Job ID,String,1,,"Associated job number or code. This could be built into the account, but many systems maintain a separate job coding system. Use primarily if job identification is a separate system, and not considered part of the chart of accounts.",ジョブ識別子,関連するジョブ番号かジョブコード。 科目に組み込めるかもしれないが、多くのシステムでは独立したジョブコードシステムを持っている。おもに、ジョブの識別が別システムであり、科目体系に含まれないときに使用される。,BU32-01,$.btx_BusinessTransactions.btx_TransactionHeader.btx_TransactionDetail.btx_DetailJob.bus_JobID,bus,Detail_ Job,jobId,/xbrli:xbrl/gl-btx:businessTransactions/gl-btx:transactionHeader/gl-btx:transactionDetail/gl-bus:detailJob/gl-bus:jobId
385,bus,5,A,,Job Description,String,0..1,,Description of job,ジョブ説明,ジョブの説明。,BU32-02,$.btx_BusinessTransactions.btx_TransactionHeader.btx_TransactionDetail.btx_DetailJob.bus_JobDescription,bus,Detail_ Job,jobDescription,/xbrli:xbrl/gl-btx:businessTransactions/gl-btx:transactionHeader/gl-btx:transactionDetail/gl-bus:detailJob/gl-bus:jobDescription
386,bus,5,A,,Job Phase,String,0..1,,"Job code, phase, activity. Allows greater granularity than a simple job number. Although the core only reaches down from job to phases, this can be customized to extend down to cost codes.",ジョブフェーズ,ジョブコード、フェーズ、活動。 簡単なジョブ番号より詳細な定義が可能。基本的には、ジョブからフェーズを導くのみだが、コストコードにまでいたるように拡張可能。,BU32-03,$.btx_BusinessTransactions.btx_TransactionHeader.btx_TransactionDetail.btx_DetailJob.bus_JobPhase,bus,Detail_ Job,jobPhase,/xbrli:xbrl/gl-btx:businessTransactions/gl-btx:transactionHeader/gl-btx:transactionDetail/gl-bus:detailJob/gl-bus:jobPhase
387,bus,5,A,,Job Phase Description,String,0..1,,"Description of Job code, phase, activity",ジョブフェーズ説明,ジョブコード、フェーズ、活動の説明。,BU32-04,$.btx_BusinessTransactions.btx_TransactionHeader.btx_TransactionDetail.btx_DetailJob.bus_JobPhaseDescription,bus,Detail_ Job,jobPhaseDescription,/xbrli:xbrl/gl-btx:businessTransactions/gl-btx:transactionHeader/gl-btx:transactionDetail/gl-bus:detailJob/gl-bus:jobPhaseDescription
388,bus,5,A,,Job Active,Boolean,0..1,,"Boolean to indicate whether the job is active (=""true"") or inactive (=""false"")",ジョブ有効性,ジョブが有効か無効かを示すブール値。,BU32-05,$.btx_BusinessTransactions.btx_TransactionHeader.btx_TransactionDetail.btx_DetailJob.bus_JobActive,bus,Detail_ Job,jobActive,/xbrli:xbrl/gl-btx:businessTransactions/gl-btx:transactionHeader/gl-btx:transactionDetail/gl-bus:detailJob/gl-bus:jobActive
389,btx,4,C,,Detail_ Adjustment,,0..*,,Line-level allowance or charge adjustment.,【明細調整】,明細レベルの値引又は追加請求の調整。,BT16-25,$.btx_BusinessTransactions.btx_TransactionHeader.btx_TransactionDetail.btx_DetailAdjustment,btx,Detail_ Adjustment,detailAdjustment,/xbrli:xbrl/gl-btx:businessTransactions/gl-btx:transactionHeader/gl-btx:transactionDetail/gl-btx:detailAdjustment
390,btx,5,A,,Adjustment Type,Token,1..1,,Type of adjustment. The current semantic discriminator values used by the EN CIUS binding are allowance and charge.,調整種別,調整の種別。現在のEN CIUS Bindingで使用する意味上の識別値は allowance（値引）及び charge（追加請求）。,BT13-01,$.btx_BusinessTransactions.btx_TransactionHeader.btx_TransactionDetail.btx_DetailAdjustment.btx_AdjustmentType,btx,Detail_ Adjustment,detailAdjustmentType,/xbrli:xbrl/gl-btx:businessTransactions/gl-btx:transactionHeader/gl-btx:transactionDetail/gl-btx:detailAdjustment/gl-btx:adjustmentType
391,btx,5,A,,Amount,Monetary,1,,Monetary amount of the adjustment.,調整金額,調整の金額。,BT13-02,$.btx_BusinessTransactions.btx_TransactionHeader.btx_TransactionDetail.btx_DetailAdjustment.btx_Amount,btx,Detail_ Adjustment,detailAdjustmentAmount,/xbrli:xbrl/gl-btx:businessTransactions/gl-btx:transactionHeader/gl-btx:transactionDetail/gl-btx:detailAdjustment/gl-btx:amount
392,btx,5,A,,Base Amount,Monetary,0..1,,Monetary base amount used to calculate the adjustment.,調整基礎金額,調整の計算に用いる基礎金額。,BT13-03,$.btx_BusinessTransactions.btx_TransactionHeader.btx_TransactionDetail.btx_DetailAdjustment.btx_BaseAmount,btx,Detail_ Adjustment,detailAdjustmentBaseAmount,/xbrli:xbrl/gl-btx:businessTransactions/gl-btx:transactionHeader/gl-btx:transactionDetail/gl-btx:detailAdjustment/gl-btx:baseAmount
393,btx,5,A,,Percentage,Pure,0..1,,"Percentage rate used to calculate the adjustment, represented as a pure numeric value.",調整率,調整の計算に用いる比率。純粋数値として表現する。,BT13-04,$.btx_BusinessTransactions.btx_TransactionHeader.btx_TransactionDetail.btx_DetailAdjustment.btx_Percentage,btx,Detail_ Adjustment,detailAdjustmentPercentage,/xbrli:xbrl/gl-btx:businessTransactions/gl-btx:transactionHeader/gl-btx:transactionDetail/gl-btx:detailAdjustment/gl-btx:percentage
394,btx,5,A,,Reason,String,0..1,,Human-readable reason for the adjustment.,調整理由,調整理由の可読テキスト。,BT13-05,$.btx_BusinessTransactions.btx_TransactionHeader.btx_TransactionDetail.btx_DetailAdjustment.btx_Reason,btx,Detail_ Adjustment,detailAdjustmentReason,/xbrli:xbrl/gl-btx:businessTransactions/gl-btx:transactionHeader/gl-btx:transactionDetail/gl-btx:detailAdjustment/gl-btx:reason
395,btx,5,A,,Reason Code,Token,0..1,,Code identifying the reason for the adjustment.,調整理由コード,調整理由を識別するコード。,BT13-06,$.btx_BusinessTransactions.btx_TransactionHeader.btx_TransactionDetail.btx_DetailAdjustment.btx_ReasonCode,btx,Detail_ Adjustment,detailAdjustmentReasonCode,/xbrli:xbrl/gl-btx:businessTransactions/gl-btx:transactionHeader/gl-btx:transactionDetail/gl-btx:detailAdjustment/gl-btx:reasonCode
396,btx,5,A,,Tax Category,Token,0..1,,Tax category applicable to the adjustment.,調整税区分,調整に適用される税区分。,BT13-07,$.btx_BusinessTransactions.btx_TransactionHeader.btx_TransactionDetail.btx_DetailAdjustment.btx_TaxCategory,btx,Detail_ Adjustment,detailAdjustmentTaxCategory,/xbrli:xbrl/gl-btx:businessTransactions/gl-btx:transactionHeader/gl-btx:transactionDetail/gl-btx:detailAdjustment/gl-btx:taxCategory
397,btx,5,A,,Tax Rate,Pure,0..1,,Tax percentage rate applicable to the adjustment.,調整税率,調整に適用される税率。,BT13-08,$.btx_BusinessTransactions.btx_TransactionHeader.btx_TransactionDetail.btx_DetailAdjustment.btx_TaxRate,btx,Detail_ Adjustment,detailAdjustmentTaxRate,/xbrli:xbrl/gl-btx:businessTransactions/gl-btx:transactionHeader/gl-btx:transactionDetail/gl-btx:detailAdjustment/gl-btx:taxRate
398,btx,4,C,,Detail_ Amount Structure,,0..*,,"Structure representing monetary amounts and currency information applicable to an individual line, such as line-level net amounts, tax calculation bases, allowances, or charges.",【行金額構造】,個々の明細行に適用される金額や通貨情報（行レベルの正味金額、税計算基礎額、値引または追加請求など）を表現する構造。,BT16-26,$.btx_BusinessTransactions.btx_TransactionHeader.btx_TransactionDetail.btx_DetailAmountStructure,btx,Detail_ Amount Structure,detailAmountStructure,/xbrli:xbrl/gl-btx:businessTransactions/gl-btx:transactionHeader/gl-btx:transactionDetail/gl-btx:detailAmountStructure
399,btx,5,A,,Amount,Monetary,1,,Numeric value of the monetary amount expressed in the specified currency.,金額,指定された通貨で表現された金額の数値。,BT05-01,$.btx_BusinessTransactions.btx_TransactionHeader.btx_TransactionDetail.btx_DetailAmountStructure.btx_Amount,btx,Detail_ Amount Structure,detailAmountStructureAmount,/xbrli:xbrl/gl-btx:businessTransactions/gl-btx:transactionHeader/gl-btx:transactionDetail/gl-btx:detailAmountStructure/gl-btx:amount
400,btx,5,A,,Amount Type,Token,0..1,,"Code or text specifying the type or role of the amount, such as tax amount, tax base amount, allowance amount, or charge amount.",金額種別,税額、課税標準額、値引金額、追加請求金額など、金額の種類または役割を指定するコードまたはテキスト。,BT05-02,$.btx_BusinessTransactions.btx_TransactionHeader.btx_TransactionDetail.btx_DetailAmountStructure.btx_AmountType,btx,Detail_ Amount Structure,detailAmountStructureAmountType,/xbrli:xbrl/gl-btx:businessTransactions/gl-btx:transactionHeader/gl-btx:transactionDetail/gl-btx:detailAmountStructure/gl-btx:amountType
401,btx,5,A,,Currency Code,Token,0..1,,"Code specifying the currency in which the amount is expressed, typically an ISO 4217 currency code.",通貨コード,金額が表現される通貨を指定するコード。通常は ISO 4217 通貨コードを用いる。,BT05-03,$.btx_BusinessTransactions.btx_TransactionHeader.btx_TransactionDetail.btx_DetailAmountStructure.btx_CurrencyCode,btx,Detail_ Amount Structure,detailAmountStructureCurrencyCode,/xbrli:xbrl/gl-btx:businessTransactions/gl-btx:transactionHeader/gl-btx:transactionDetail/gl-btx:detailAmountStructure/gl-btx:currencyCode
402,btx,5,A,,Currency Code Type,Token,0..1,,"Code specifying the role of the currency used for the amount, such as functional currency, local currency, reporting currency, or transaction currency.",通貨コード種別,金額に対する通貨の役割（機能通貨、ローカル通貨、報告通貨、取引通貨など）を指定するコード。,BT05-04,$.btx_BusinessTransactions.btx_TransactionHeader.btx_TransactionDetail.btx_DetailAmountStructure.btx_CurrencyCodeType,btx,Detail_ Amount Structure,detailAmountStructureCurrencyCodeType,/xbrli:xbrl/gl-btx:businessTransactions/gl-btx:transactionHeader/gl-btx:transactionDetail/gl-btx:detailAmountStructure/gl-btx:currencyCodeType
403,btx,5,A,,Detail_ Amount Type,String,0..1,,"Code or text specifying the type or role of the amount, such as tax amount, tax base amount, allowance amount, or charge amount.",金額種別,税額、課税標準額、値引金額、追加請求金額など、金額の種類または役割を指定するコードまたはテキスト。,BT05-05,$.btx_BusinessTransactions.btx_TransactionHeader.btx_TransactionDetail.btx_DetailAmountStructure.btx_DetailAmountType,btx,Detail_ Amount Structure,detailAmountType,/xbrli:xbrl/gl-btx:businessTransactions/gl-btx:transactionHeader/gl-btx:transactionDetail/gl-btx:detailAmountStructure/gl-btx:detailAmountType
404,btx,4,C,,Detail_ Tax,,0..*,,Class for holding tax related information,【税情報】,税関連の情報のタプル。,BT16-27,$.btx_BusinessTransactions.btx_TransactionHeader.btx_TransactionDetail.btx_DetailTax,btx,Detail_ Tax,detailTax,/xbrli:xbrl/gl-btx:businessTransactions/gl-btx:transactionHeader/gl-btx:transactionDetail/gl-btx:detailTax
405,btx,5,A,,Tax Authority,String,0..1,,Name of the relevant tax authority,課税庁,関係する課税庁の名前。,BT08-01,$.btx_BusinessTransactions.btx_TransactionHeader.btx_TransactionDetail.btx_DetailTax.btx_TaxAuthority,btx,Detail_ Tax,detailTaxAuthority,/xbrli:xbrl/gl-btx:businessTransactions/gl-btx:transactionHeader/gl-btx:transactionDetail/gl-btx:detailTax/gl-btx:taxAuthority
406,btx,5,A,,Tax Table Code,String,0..1,,Tax table code used by the relevant tax authority,税率表コード,関係する課税庁で使用される税率表のコード。,BT08-02,$.btx_BusinessTransactions.btx_TransactionHeader.btx_TransactionDetail.btx_DetailTax.btx_TaxTableCode,btx,Detail_ Tax,detailTaxTableCode,/xbrli:xbrl/gl-btx:businessTransactions/gl-btx:transactionHeader/gl-btx:transactionDetail/gl-btx:detailTax/gl-btx:taxTableCode
407,btx,5,A,,Tax Description,String,0..1,,Description of tax authority,課税庁説明,課税庁の説明。,BT08-03,$.btx_BusinessTransactions.btx_TransactionHeader.btx_TransactionDetail.btx_DetailTax.btx_TaxDescription,btx,Detail_ Tax,detailTaxDescription,/xbrli:xbrl/gl-btx:businessTransactions/gl-btx:transactionHeader/gl-btx:transactionDetail/gl-btx:detailTax/gl-btx:taxDescription
408,btx,5,A,,Amount of Taxes,Monetary,0..1,,Amount of taxes,税額,税額。,BT08-04,$.btx_BusinessTransactions.btx_TransactionHeader.btx_TransactionDetail.btx_DetailTax.btx_AmountofTaxes,btx,Detail_ Tax,detailTaxAmountOfTaxes,/xbrli:xbrl/gl-btx:businessTransactions/gl-btx:transactionHeader/gl-btx:transactionDetail/gl-btx:detailTax/gl-btx:amountOfTaxes
409,btx,5,A,,Basis for Taxation,Monetary,0..1,,Basis for taxation,課税基準,課税基準。,BT08-05,$.btx_BusinessTransactions.btx_TransactionHeader.btx_TransactionDetail.btx_DetailTax.btx_BasisforTaxation,btx,Detail_ Tax,detailTaxBasisForTaxation,/xbrli:xbrl/gl-btx:businessTransactions/gl-btx:transactionHeader/gl-btx:transactionDetail/gl-btx:detailTax/gl-btx:basisForTaxation
410,btx,5,A,,Tax Percentage Rate,Pure,0..1,,Percent rate for VAT or other taxes normally a number between 0 and 1.0 - e.g. 50% is represented as 0.5,税率,"VAT(物品税)またはその他の税のパーセント比率。_x005F_x000D_
0から1.0の間の値。たとえば50%は0.5とあらわす。",BT08-06,$.btx_BusinessTransactions.btx_TransactionHeader.btx_TransactionDetail.btx_DetailTax.btx_TaxPercentageRate,btx,Detail_ Tax,detailTaxPercentageRate,/xbrli:xbrl/gl-btx:businessTransactions/gl-btx:transactionHeader/gl-btx:transactionDetail/gl-btx:detailTax/gl-btx:taxPercentageRate
411,btx,5,A,,Tax Category,String,0..1,,A class or category of taxes,税区分,税のクラス又はカテゴリ。,BT08-07,$.btx_BusinessTransactions.btx_TransactionHeader.btx_TransactionDetail.btx_DetailTax.btx_TaxCategory,btx,Detail_ Tax,detailTaxCategory,/xbrli:xbrl/gl-btx:businessTransactions/gl-btx:transactionHeader/gl-btx:transactionDetail/gl-btx:detailTax/gl-btx:taxCategory
412,btx,5,A,,Tax Comment/Exemption Reason,String,0..1,,Additional text/code for exemption reasons or other comments.,税コメント/免税理由,免税理由やその他のコメントのための、追加の文またはコード。,BT08-08,$.btx_BusinessTransactions.btx_TransactionHeader.btx_TransactionDetail.btx_DetailTax.btx_TaxCommentExemptionReason,btx,Detail_ Tax,detailTaxCommentExemptionReason,/xbrli:xbrl/gl-btx:businessTransactions/gl-btx:transactionHeader/gl-btx:transactionDetail/gl-btx:detailTax/gl-btx:taxCommentExemptionReason
413,btx,5,A,,Tax Amount in Document Currency,Monetary,1,,Amount of tax expressed in the document currency specified in the Transaction Header.,文書通貨税額,業務取引文書のヘッダーレベルで指定された文書通貨で表した税額。,BT08-09,$.btx_BusinessTransactions.btx_TransactionHeader.btx_TransactionDetail.btx_DetailTax.btx_TaxAmountinDocumentCurrency,btx,Detail_ Tax,detailTaxAmountInDocumentCurrency,/xbrli:xbrl/gl-btx:businessTransactions/gl-btx:transactionHeader/gl-btx:transactionDetail/gl-btx:detailTax/gl-btx:taxAmountInDocumentCurrency
414,btx,5,A,,Tax Amount in Tax Accounting Currency,Monetary,0..1,,Amount of tax expressed in the tax accounting or tax reporting currency specified in the Transaction Header.,税申告通貨税額,業務取引文書のヘッダーレベルで指定された税務会計または税申告に使用する通貨で表した税額。,BT08-10,$.btx_BusinessTransactions.btx_TransactionHeader.btx_TransactionDetail.btx_DetailTax.btx_TaxAmountinTaxAccountingCurrency,btx,Detail_ Tax,detailTaxAmountInTaxAccountingCurrency,/xbrli:xbrl/gl-btx:businessTransactions/gl-btx:transactionHeader/gl-btx:transactionDetail/gl-btx:detailTax/gl-btx:taxAmountInTaxAccountingCurrency
415,btx,5,A,,Tax Type,Token,1,,"Type of tax regime or tax family applicable to this tax occurrence, distinct from its tax category; for example VAT.",税種別,この税出現に適用される税制又は税体系の種別。税区分とは異なる。例：VAT。,BT08-11,$.btx_BusinessTransactions.btx_TransactionHeader.btx_TransactionDetail.btx_DetailTax.btx_TaxType,btx,Detail_ Tax,detailTaxType,/xbrli:xbrl/gl-btx:businessTransactions/gl-btx:transactionHeader/gl-btx:transactionDetail/gl-btx:detailTax/gl-btx:taxType
416,bus,4,C,,Detail_ Depreciation Mortgage,,0..*,,"Parent for information related to depreciation, mortgages, etc.",【減価償却/抵当債務情報】,減価償却、抵当債務等に関連する情報の親タグ。,BT16-28,$.btx_BusinessTransactions.btx_TransactionHeader.btx_TransactionDetail.btx_DetailDepreciationMortgage,bus,Detail_ Depreciation Mortgage,detailDepreciationMortgage,/xbrli:xbrl/gl-btx:businessTransactions/gl-btx:transactionHeader/gl-btx:transactionDetail/gl-bus:detailDepreciationMortgage
417,bus,5,A,,Depreciation Mortgage Jurisdiction,Token,0..1,,"Jurisdiction (e.g. federal, state, local): e.g. US Federal, Province of Québec, other identifier. Enumerated as: F, federal, S, state, L, local, other.",抵当債務管轄,"管轄地区。（連邦、州、ローカル、等）。たとえば、米国連邦政府、ケベック州、その他の識別子。_x005F_x000D_
[設定値のリスト]_x005F_x000D_
(F)、(federal：連邦)、(S)、(state：州)、(L)、(local：地域)、(other：その他)",BU33-01,$.btx_BusinessTransactions.btx_TransactionHeader.btx_TransactionDetail.btx_DetailDepreciationMortgage.bus_DepreciationMortgageJurisdiction,bus,Detail_ Depreciation Mortgage,depreciationMortgageJurisdiction,/xbrli:xbrl/gl-btx:businessTransactions/gl-btx:transactionHeader/gl-btx:transactionDetail/gl-bus:detailDepreciationMortgage/gl-bus:depreciationMortgageJurisdiction
418,bus,5,A,,Depreciation Method,String,0..1,,"Type of depreciation method: used for information about the loan percentage for loan or the depreciation method. This is used for informational purposes only. Examples of entries are ""20%"", ""5 year DDB"" (Double Declining Balance).",減価償却方法,減価償却方法のタイプ。ローンのパーセンテージや減価償却方法に関する情報を含む。単なる情報提供を目的とする。たとえば、20%、5年、DDB(倍額定率)。,BU33-02,$.btx_BusinessTransactions.btx_TransactionHeader.btx_TransactionDetail.btx_DetailDepreciationMortgage.bus_DepreciationMethod,bus,Detail_ Depreciation Mortgage,depreciationMethod,/xbrli:xbrl/gl-btx:businessTransactions/gl-btx:transactionHeader/gl-btx:transactionDetail/gl-bus:detailDepreciationMortgage/gl-bus:depreciationMethod
419,bus,5,A,,Depreciation Mortgage Life,Decimal,0..1,,Length of life in number of periods.,抵当債務期間,存在する期間数。,BU33-03,$.btx_BusinessTransactions.btx_TransactionHeader.btx_TransactionDetail.btx_DetailDepreciationMortgage.bus_DepreciationMortgageLife,bus,Detail_ Depreciation Mortgage,depreciationMortgageLife,/xbrli:xbrl/gl-btx:businessTransactions/gl-btx:transactionHeader/gl-btx:transactionDetail/gl-bus:detailDepreciationMortgage/gl-bus:depreciationMortgageLife
420,bus,5,A,,Depreciation Mortgage Description,String,0..1,,"Description of each item related to depreciation, mortgage, loan, credit facility, etc.",債務説明,減価償却や債権債務、ローン、信用供与等に関する項目の説明。,BU33-04,$.btx_BusinessTransactions.btx_TransactionHeader.btx_TransactionDetail.btx_DetailDepreciationMortgage.bus_DepreciationMortgageDescription,bus,Detail_ Depreciation Mortgage,depreciationMortgageDescription,/xbrli:xbrl/gl-btx:businessTransactions/gl-btx:transactionHeader/gl-btx:transactionDetail/gl-bus:detailDepreciationMortgage/gl-bus:depreciationMortgageDescription
421,bus,5,A,,Depreciation Mortgage Start Date,Date Time,0..1,,"Start of the applicable period of each item related to depreciation, mortgage, loan, credit facility, etc.",開始日付,減価償却や債権債務、ローン、信用供与等に関する項目の、適用期間の開始日。,BU33-05,$.btx_BusinessTransactions.btx_TransactionHeader.btx_TransactionDetail.btx_DetailDepreciationMortgage.bus_DepreciationMortgageStartDate,bus,Detail_ Depreciation Mortgage,depreciationMortgageStartDate,/xbrli:xbrl/gl-btx:businessTransactions/gl-btx:transactionHeader/gl-btx:transactionDetail/gl-bus:detailDepreciationMortgage/gl-bus:depreciationMortgageStartDate
422,bus,5,A,,Depreciation Mortgage End Date,Date Time,0..1,,"End of the applicable period of each item related to depreciation, mortgage, loan, credit facility, etc.",終了日付,減価償却や債権債務、ローン、信用供与等に関する項目の、適用期間の終了日。,BU33-06,$.btx_BusinessTransactions.btx_TransactionHeader.btx_TransactionDetail.btx_DetailDepreciationMortgage.bus_DepreciationMortgageEndDate,bus,Detail_ Depreciation Mortgage,depreciationMortgageEndDate,/xbrli:xbrl/gl-btx:businessTransactions/gl-btx:transactionHeader/gl-btx:transactionDetail/gl-bus:detailDepreciationMortgage/gl-bus:depreciationMortgageEndDate
423,bus,5,A,,Depreciation Mortgage Amount,Monetary,0..1,,"Amount of a cost or fee charged for a mortgage, loan, credit facility, etc.",手数料,減価償却や債権債務、ローン、信用供与等で請求されるコストや手数料。,BU33-07,$.btx_BusinessTransactions.btx_TransactionHeader.btx_TransactionDetail.btx_DetailDepreciationMortgage.bus_DepreciationMortgageAmount,bus,Detail_ Depreciation Mortgage,depreciationMortgageAmount,/xbrli:xbrl/gl-btx:businessTransactions/gl-btx:transactionHeader/gl-btx:transactionDetail/gl-bus:detailDepreciationMortgage/gl-bus:depreciationMortgageAmount
424,lnk,4,C,,Detail_ Rich Text Comment,,0..*,,"Accepts text in rich text format, including XHTML. It can be used for different purposes, such as to create footnotes in XBRL instances or to create a comment for a document or an entry.",【リッチテキストコメント】,XHTMLを含む、リッチテキスト形式のテキストを受け入れる。XBRLインスタンスのフットノートの生成や、文書や伝票のコメントの生成などの、さまざまな目的で利用可能。,BT16-29,$.btx_BusinessTransactions.btx_TransactionHeader.btx_TransactionDetail.btx_DetailRichTextComment,lnk,Detail_ Rich Text Comment,detailRichTextComment,/xbrli:xbrl/gl-btx:businessTransactions/gl-btx:transactionHeader/gl-btx:transactionDetail/gl-lnk:detailRichTextComment
425,lnk,5,A,,Comment Code,String,0..1,,"An enumerated code that identifies the purpose of the rich text comment. Enumerated values: link_footnote, footnote, source_document, source_journal, batch, other.",リッチテキストコメントコード,"リッチテキストコメントの用途を識別する、列挙コード。_x005F_x000D_
[設定値のリスト]_x005F_x000D_
link_footnote：リンクフットノート、footnote：フットノート、source_document：元文書、source_journal：元仕訳帳、batch：仕訳の束、other：その他",LN01-01,$.btx_BusinessTransactions.btx_TransactionHeader.btx_TransactionDetail.btx_DetailRichTextComment.lnk_CommentCode,lnk,Detail_ Rich Text Comment,commentCode,/xbrli:xbrl/gl-btx:businessTransactions/gl-btx:transactionHeader/gl-btx:transactionDetail/gl-lnk:detailRichTextComment/gl-lnk:commentCode
426,lnk,5,A,,Comment Description,String,0..1,,Free format description of the Rich text Comment Code.,リッチテキストコメント説明,リッチテキストコメントコードの説明。,LN01-02,$.btx_BusinessTransactions.btx_TransactionHeader.btx_TransactionDetail.btx_DetailRichTextComment.lnk_CommentDescription,lnk,Detail_ Rich Text Comment,commentDescription,/xbrli:xbrl/gl-btx:businessTransactions/gl-btx:transactionHeader/gl-btx:transactionDetail/gl-lnk:detailRichTextComment/gl-lnk:commentDescription
427,lnk,5,A,,Comment Content,String,0..1,,Content of the Rich Text Comment.,リッチテキストコメント内容,リッチテキストコメントの内容。,LN01-03,$.btx_BusinessTransactions.btx_TransactionHeader.btx_TransactionDetail.btx_DetailRichTextComment.lnk_CommentContent,lnk,Detail_ Rich Text Comment,commentContent,/xbrli:xbrl/gl-btx:businessTransactions/gl-btx:transactionHeader/gl-btx:transactionDetail/gl-lnk:detailRichTextComment/gl-lnk:commentContent
428,lnk,5,A,,Comment Locator,String,0..1,,An XPath expression that identifies the item that the comment relates to.,リッチテキストコメントロケータ,コメントが関係する項目を識別する、XPath表現。,LN01-04,$.btx_BusinessTransactions.btx_TransactionHeader.btx_TransactionDetail.btx_DetailRichTextComment.lnk_CommentLocator,lnk,Detail_ Rich Text Comment,commentLocator,/xbrli:xbrl/gl-btx:businessTransactions/gl-btx:transactionHeader/gl-btx:transactionDetail/gl-lnk:detailRichTextComment/gl-lnk:commentLocator
429,cor,4,C,,Detail_ XBRL,,0..*,,This will roll up to XBRL reporting information - this is a parent - repeatable so that the same item can be reported through many taxonomies. Care should be taken to consider what happens if people post to the same account but different XBRL elements.,【XBRL情報】,XBRLレポート情報へのロールアップ情報。親タグであり、同じ項目が複数のタクソノミを通じて報告されうるように繰り返し可能。同一の勘定科目を異なるXBRL要素に転記した場合にどうなるか、注意深く考慮すべきである。,BT16-30,$.btx_BusinessTransactions.btx_TransactionHeader.btx_TransactionDetail.btx_DetailXBRL,cor,Detail_ XBRL,detailXbrl,/xbrli:xbrl/gl-btx:businessTransactions/gl-btx:transactionHeader/gl-btx:transactionDetail/gl-cor:detailXbrl
430,cor,5,A,,XBRL Allocation,Token,0..1,,"Indicates that the information being given is beginning_balance, ending_balance, period_change.",XBRL割当,"与えられた情報が、期首残高、期末残高、期中増減のいずれであるかを示す。_x005F_x000D_
[設定値のリスト]_x005F_x000D_
(beginning_balance：期首残高)、(ending_balance：期末残高)、(period_change：期中増減)",CO18-01,$.btx_BusinessTransactions.btx_TransactionHeader.btx_TransactionDetail.btx_DetailXBRL.cor_XBRLAllocation,cor,Detail_ XBRL,xbrlAllocation,/xbrli:xbrl/gl-btx:businessTransactions/gl-btx:transactionHeader/gl-btx:transactionDetail/gl-cor:detailXbrl/gl-cor:xbrlAllocation
431,cor,5,A,,XBRL Summary Reporting Element,QName,0..1,,Associated XBRL element or XML element within an XML taxonomy - mapping to an XBRL concept.,集約報告エレメント,関係付けられた、XMLタクソノミ中のXBRL要素または、XML要素。XBRLコンセプトへのマッピング。,CO18-02,$.btx_BusinessTransactions.btx_TransactionHeader.btx_TransactionDetail.btx_DetailXBRL.cor_XBRLSummaryReportingElement,cor,Detail_ XBRL,xbrlSummaryReportingElement,/xbrli:xbrl/gl-btx:businessTransactions/gl-btx:transactionHeader/gl-btx:transactionDetail/gl-cor:detailXbrl/gl-cor:xbrlSummaryReportingElement
432,cor,5,A,,XBRL Detail Matching Element,QName,0..1,,Associated XBRL element in XBRL-GL instance.,明細対応エレメント,関係付けられた、XBRL-GLインスタンス中のXBRL要素。,CO18-03,$.btx_BusinessTransactions.btx_TransactionHeader.btx_TransactionDetail.btx_DetailXBRL.cor_XBRLDetailMatchingElement,cor,Detail_ XBRL,xbrlDetailMatchingElement,/xbrli:xbrl/gl-btx:businessTransactions/gl-btx:transactionHeader/gl-btx:transactionDetail/gl-cor:detailXbrl/gl-cor:xbrlDetailMatchingElement
433,cor,5,A,,XBRL Summary Tuple Path,String,0..1,,Specific filter for parent class class. This value must be valid XPath. And the result of the XPath must be resolved to a node.,集約タプルパス,親タグ構造を特定するフィルタ。妥当なXPath記述でなければならない。XPathの結果はノードでなければならない。,CO18-04,$.btx_BusinessTransactions.btx_TransactionHeader.btx_TransactionDetail.btx_DetailXBRL.cor_XBRLSummaryTuplePath,cor,Detail_ XBRL,xbrlSummaryTuplePath,/xbrli:xbrl/gl-btx:businessTransactions/gl-btx:transactionHeader/gl-btx:transactionDetail/gl-cor:detailXbrl/gl-cor:xbrlSummaryTuplePath
434,cor,5,A,,XBRL Detailed Content Filter,String,0..1,,"Filtering mechanism. This value must be valid XPath. And the result of the XPath must be resolved to boolean. If the resulting value is false, the entry  must not mapped into specified facts in F/S.",明細コンテントフィルタ,フィルタリング手段。妥当なXPath記述でなければならない。XPathの結果はブール値でなければならない。結果がfalseの場合は、仕訳はF/S内の特定のfactsにマッピングされてはならない。,CO18-05,$.btx_BusinessTransactions.btx_TransactionHeader.btx_TransactionDetail.btx_DetailXBRL.cor_XBRLDetailedContentFilter,cor,Detail_ XBRL,xbrlDetailedContentFilter,/xbrli:xbrl/gl-btx:businessTransactions/gl-btx:transactionHeader/gl-btx:transactionDetail/gl-cor:detailXbrl/gl-cor:xbrlDetailedContentFilter
435,cor,5,A,,XBRL Reporting Date Selector,Token,0..1,,This holds the concepts in GL data to create FS contexts.  The value must be a list of QName. Each QName must be resolved to GL items. Order of the items defines priority to access.,報告日付セレクタ,F/Sのコンテキストを生成するためのGLデータの概念を示す。QNameのリストでなければならない。個々のQNameはGL項目を示さなければならない。項目の並びはアクセスの優先度を示す。,CO18-06,$.btx_BusinessTransactions.btx_TransactionHeader.btx_TransactionDetail.btx_DetailXBRL.cor_XBRLReportingDateSelector,cor,Detail_ XBRL,xbrlReportingDateSelector,/xbrli:xbrl/gl-btx:businessTransactions/gl-btx:transactionHeader/gl-btx:transactionDetail/gl-cor:detailXbrl/gl-cor:xbrlReportingDateSelector
436,cor,5,A,,XBRL Summary Operator,String,0..1,,The operator applied to the amount or quantity when it is rolled up to a summary reporting element.,,,CO18-07,$.btx_BusinessTransactions.btx_TransactionHeader.btx_TransactionDetail.btx_DetailXBRL.cor_XBRLSummaryOperator,cor,Detail_ XBRL,xbrlSummaryOperator,/xbrli:xbrl/gl-btx:businessTransactions/gl-btx:transactionHeader/gl-btx:transactionDetail/gl-cor:detailXbrl/gl-cor:xbrlSummaryOperator
437,cor,5,A,,XBRL Summary Unit Numerator,Token,1..1,,This holds the list of measure information for unit numerator. The value must be a list of QName. Each QName must be resolved to be measure information such as iso4217:usd.,集約ユニット分子,集約のユニットの分子の測定情報のリスト。QNameのリストでなければならない。QNameはiso4217:usdのような、解決される測定情報でなければならない。,CO18-08,$.btx_BusinessTransactions.btx_TransactionHeader.btx_TransactionDetail.btx_DetailXBRL.cor_XBRLSummaryUnitNumerator,cor,Detail_ XBRL,xbrlSummaryUnitNumerator,/xbrli:xbrl/gl-btx:businessTransactions/gl-btx:transactionHeader/gl-btx:transactionDetail/gl-cor:detailXbrl/gl-cor:xbrlSummaryUnitNumerator
438,cor,5,A,,XBRL Summary Unit Denominator,Token,0..1,,This holds the list of measure information for unit denominator. The value must be a list of QName. Each QName must be resolved to be measure information such as iso4217:usd.,集約ユニット分母,集約のユニットの分母の測定情報のリスト。QNameのリストでなければならない。QNameはiso4217:usdのような、解決される測定情報でなければならない。,CO18-09,$.btx_BusinessTransactions.btx_TransactionHeader.btx_TransactionDetail.btx_DetailXBRL.cor_XBRLSummaryUnitDenominator,cor,Detail_ XBRL,xbrlSummaryUnitDenominator,/xbrli:xbrl/gl-btx:businessTransactions/gl-btx:transactionHeader/gl-btx:transactionDetail/gl-cor:detailXbrl/gl-cor:xbrlSummaryUnitDenominator
439,cor,5,A,,XBRL Summary Reporting Taxonomy ID Reference,String,0..1,,"Reference to the ID of the relevant target reporting taxonomy, defined in the [summaryReportingTaxonomies] class at [documentInfo] level. Allows consuming applications to identify sets of [xbrlInfo] classs that point to a specific taxonomy.",集約報告タクソノミ識別子参照情報,関連する報告タクソノミの識別子への参照情報。documentInfo内のsummaryReportingTaxonomies構造体で定義される。特定のタクソノミを示すxbrlInfo構造体の集合を、アプリケーションが識別できるようにする。,CO18-10,$.btx_BusinessTransactions.btx_TransactionHeader.btx_TransactionDetail.btx_DetailXBRL.cor_XBRLSummaryReportingTaxonomyIDReference,cor,Detail_ XBRL,xbrlSummaryReportingTaxonomyIdReference,/xbrli:xbrl/gl-btx:businessTransactions/gl-btx:transactionHeader/gl-btx:transactionDetail/gl-cor:detailXbrl/gl-cor:xbrlSummaryReportingTaxonomyIdReference
