sequence,level,property_type,identifier,module,class_term,property_term,association_role,representation_term,associated_module,associated_class,multiplicity,definition,label_local,definition_local
1,1,Abstract Class,,bus,Phone,,,,,,0..*,Phone number information.,【電話番号】,主要電話番号情報。
2,2,Attribute,PK,bus,Phone,Phone Number,,String,,,0..1,Phone number referred to in Phone Number Description'\.,電話番号,電話番号用途で示される電話番号。
3,2,Attribute,,bus,Phone,Phone Number Description,,String,,,0..1,"Entity Phone Number Description such as Main, Investor relations. Enumerated as: bookkeeper, controller, direct, fax, investor-relations, main, switchboard, other.",電話番号用途,"代表、IR用などの、電話番号の用途。
[設定値のリスト]
(bookkeeper：記帳係)、(controller：会計責任者)、(direct：直通)、(fax：FAX)、(investor-relations：IR窓口)、(main：代表)、(switchboard：交換台)、(other：その他)"
4,1,Class,,bus,Party_ Phone,,,,,,0..*,Primary phone number of the entity.,【事業体電話番号】,事業体の主要電話番号情報。
5,2,Specialization,,bus,Party_ Phone,,,,bus,Phone,1,Phone number information.,【電話番号】,主要電話番号情報。
6,1,Class,,bus,Entity_ Party_ Phone,,,,,,0..*,Primary phone number of the entity.,【事業体電話番号】,事業体の主要電話番号情報。
7,2,Specialization,,bus,Entity_ Party_ Phone,,,,bus,Phone,1,Phone number information.,【電話番号】,主要電話番号情報。
8,1,Class,,bus,Contact_ Phone,,,,,,0..*,Contact Phone Number,【担当者電話番号】,担当者の電話番号。
9,2,Specialization,,bus,Contact_ Phone,,,,bus,Phone,1,Phone number information.,【電話番号】,主要電話番号情報。
10,1,Class,,bus,Accountant_ Contact_ Phone,,,,,,0..*,Phone Number for Accountant Contact,【会計事務所担当者電話番号】,会計事務所の担当者の電話番号
11,2,Specialization,,bus,Accountant_ Contact_ Phone,,,,bus,Contact_ Phone,1,Phone number information.,【電話番号】,主要電話番号情報。
12,1,Class,,bus,Entity_ Party_ Contact_ Phone,,,,,,0..*,Contact Phone Number,【担当者電話番号】,担当者の電話番号。
13,2,Specialization,,bus,Entity_ Party_ Contact_ Phone,,,,bus,Contact_ Phone,1,Phone number information.,【電話番号】,主要電話番号情報。
14,1,Class,,cor,Identifier_ Phone,,,,,,0..*,Phone number related to Identifier.,【CVE電話番号】,CVE識別子の電話番号。
15,2,Specialization,,cor,Identifier_ Phone,,,,bus,Phone,1,Phone number information.,【電話番号】,主要電話番号情報。
16,1,Class,,cor,Identifier_ Contact_ Phone,,,,,,0..*,Phone Number,【CVE担当者電話番号】,電話番号
17,2,Specialization,,cor,Identifier_ Contact_ Phone,,,,bus,Contact_ Phone,1,Phone number information.,【電話番号】,主要電話番号情報。
18,1,Abstract Class,,bus,Fax,,,,,,0..*,Fax number information.,【FAX番号】,FAX番号情報。
19,2,Attribute,PK,bus,Fax,Fax Number,,String,,,0..1,Fax Number,FAX番号,FAX番号。
20,2,Attribute,,bus,Fax,Fax Number Usage,,String,,,0..1,"Fax number usage (e.g. orders, head office, IR)",FAX番号用途,FAX番号の用途。(注文、本社、IRなど)
21,1,Class,,bus,Party_ Fax,,,,,,0..*,Class for holding company fax information.,【事業体FAX番号】,事業体のFAX番号情報のタプル。
22,2,Specialization,,bus,Party_ Fax,,,,bus,Fax,1,Fax number information.,【FAX番号】,FAX番号情報。
23,1,Class,,bus,Entity_ Party_ Fax,,,,,,0..*,Class for holding company fax information.,【事業体FAX番号】,事業体のFAX番号情報のタプル。
24,2,Specialization,,bus,Entity_ Party_ Fax,,,,bus,Fax,1,Fax number information.,【FAX番号】,FAX番号情報。
25,1,Class,,bus,Contact_ Fax,,,,,,0..*,Contact Fax Number Class,【担当者FAX番号】,担当者のFAX番号の構造体。
26,2,Specialization,,bus,Contact_ Fax,,,,bus,Fax,1,Fax number information.,【FAX番号】,FAX番号情報。
27,1,Class,,bus,Accountant_ Contact_ Fax,,,,,,0..*,Accountant Contact Fax Number Class,【会計事務所担当者FAX番号】,会計事務所の担当者のFAX番号の構造体。
28,2,Specialization,,bus,Accountant_ Contact_ Fax,,,,bus,Contact_ Fax,1,Fax number information.,【FAX番号】,FAX番号情報。
29,1,Class,,bus,Entity_ Party_ Contact_ Fax,,,,,,0..*,Contact Fax Number Class,【担当者FAX番号】,担当者のFAX番号の構造体。
30,2,Specialization,,bus,Entity_ Party_ Contact_ Fax,,,,bus,Contact_ Fax,1,Fax number information.,【FAX番号】,FAX番号情報。
31,1,Class,,cor,Identifier_ Fax,,,,,,0..*,Fax number class related to identifier.,【CVEFAX番号】,CVE識別子のFAX番号の構造体。
32,2,Specialization,,cor,Identifier_ Fax,,,,bus,Fax,1,Fax number information.,【FAX番号】,FAX番号情報。
33,1,Class,,cor,Identifier_ Contact_ Fax,,,,,,0..*,Fax Number,【CVE担当者FAX番号】,FAX番号。
34,2,Specialization,,cor,Identifier_ Contact_ Fax,,,,bus,Contact_ Fax,1,Fax number information.,【FAX番号】,FAX番号情報。
35,1,Abstract Class,,bus,Email,,,,,,0..*,Email address information.,【Eメールアドレス】,Eメールアドレス情報。
36,2,Attribute,PK,bus,Email,Email Address,,String,,,0..1,Email Address,Eメールアドレス,Eメールアドレス。
37,2,Attribute,,bus,Email,Email Address Usage,,String,,,0..1,"Email address usage (e.g. orders, head office, IR)",Eメールアドレス用途,Eメールアドレスの用途。(注文、本社、IRなど)
38,1,Class,,bus,Party_ Email,,,,,,0..*,Class for holding company email information.,【事業体Eメールアドレス】,事業体のEメールアドレス情報のタプル。
39,2,Specialization,,bus,Party_ Email,,,,bus,Email,1,Email address information.,【Eメールアドレス】,Eメールアドレス情報。
40,1,Class,,bus,Entity_ Party_ Email,,,,,,0..*,Class for holding company email information.,【事業体Eメールアドレス】,事業体のEメールアドレス情報のタプル。
41,2,Specialization,,bus,Entity_ Party_ Email,,,,bus,Email,1,Email address information.,【Eメールアドレス】,Eメールアドレス情報。
42,1,Class,,bus,Contact_ Email,,,,,,0..*,Contact E-mail address class,【担当者Eメールアドレス】,担当者のEメールアドレスの構造体。
43,2,Specialization,,bus,Contact_ Email,,,,bus,Email,1,Email address information.,【Eメールアドレス】,Eメールアドレス情報。
44,1,Class,,bus,Accountant_ Contact_ Email,,,,,,0..*,Accountant contact E-mail address class,【会計事務所担当者Eメールアドレス】,会計事務所の担当者のEメールアドレスの構造体。
45,2,Specialization,,bus,Accountant_ Contact_ Email,,,,bus,Contact_ Email,1,Email address information.,【Eメールアドレス】,Eメールアドレス情報。
46,1,Class,,bus,Entity_ Party_ Contact_ Email,,,,,,0..*,Contact E-mail address class,【担当者Eメールアドレス】,担当者のEメールアドレスの構造体。
47,2,Specialization,,bus,Entity_ Party_ Contact_ Email,,,,bus,Contact_ Email,1,Email address information.,【Eメールアドレス】,Eメールアドレス情報。
48,1,Class,,cor,Identifier_ Email,,,,,,0..*,Email address for Identifier.,【CVEEメールアドレス】,CVE識別子のEメールアドレス。
49,2,Specialization,,cor,Identifier_ Email,,,,bus,Email,1,Email address information.,【Eメールアドレス】,Eメールアドレス情報。
50,1,Class,,cor,Identifier_ Contact_ Email,,,,,,0..*,Email Address,【CVE担当者Eメールアドレス】,Eメールアドレス。
51,2,Specialization,,cor,Identifier_ Contact_ Email,,,,bus,Contact_ Email,1,Email address information.,【Eメールアドレス】,Eメールアドレス情報。
52,1,Abstract Class,,bus,Web Site,,,,,,0..*,Web site information.,【Webサイト】,ウェブサイト情報。
53,2,Attribute,PK,bus,Web Site,Web Site URL,,anyURI,,,0..1,Valid URL of the web site. Should be full URL.,WebサイトURL,ウェブサイトの有効なURL。 完全なURLであるべき。
54,2,Attribute,,bus,Web Site,Web Site Description,,String,,,0..1,Description of the web site.,Webサイト説明,ウェブサイトの説明。
55,1,Class,,bus,Party_ Web Site,,,,,,0..*,Primary web site of the entity.,【事業体Webサイト】,事業体の代表ウェブサイト。
56,2,Specialization,,bus,Party_ Web Site,,,,bus,Web Site,1,Web site information.,【Webサイト】,ウェブサイト情報。
57,1,Class,,bus,Entity_ Party_ Web Site,,,,,,0..*,Primary web site of the entity.,【事業体Webサイト】,事業体の代表ウェブサイト。
58,2,Specialization,,bus,Entity_ Party_ Web Site,,,,bus,Web Site,1,Web site information.,【Webサイト】,ウェブサイト情報。
59,1,Class,,cor,Identifier_ Web Site,,,,,,0..*,Primary web site of the entity.,【事業体Webサイト】,事業体の代表ウェブサイト。
60,2,Specialization,,cor,Identifier_ Web Site,,,,bus,Web Site,1,Web site information.,【Webサイト】,ウェブサイト情報。
61,1,Abstract Class,,bus,Address,,,,,,0..*,Class which contains address information.,【住所】,住所情報。
62,2,Attribute,,bus,Address,Name,,String,,,0..1,Address Name,住所名,住所の名前。
63,2,Attribute,,bus,Address,Description,,String,,,0..1,Address Description,住所説明,住所の説明。
64,2,Attribute,,bus,Address,Purpose,,String,,,0..1,Address Purpose,住所目的,住所の目的。
65,2,Attribute,,bus,Address,Location ID,,String,,,0..1,A code used to identify the location and to associate it with contacts and transactions,所在地識別子,所在地を識別したり、窓口や取引と関係付けるコード。
66,2,Attribute,,bus,Address,Building Number,,String,,,0..1,Building Number,住所建物番号,建物番号。
67,2,Attribute,,bus,Address,Street,,String,,,0..1,Street address,住所通り,住所の通り。
68,2,Attribute,,bus,Address,Address Detail,,String,,,0..1,Address Detail,住所詳細,住所詳細。
69,2,Attribute,,bus,Address,City,,String,,,0..1,City,住所都市,住所の都市。
70,2,Attribute,,bus,Address,State or Province,,String,,,0..1,"State, province or region",住所州,住所の州や地方。
71,2,Attribute,,bus,Address,Country,,String,,,0..1,Country,住所国,住所の国。
72,2,Attribute,,bus,Address,Zip or Postal Code,,String,,,0..1,Zip or other postal code,住所郵便番号,住所の郵便番号。
73,2,Attribute,,bus,Address,Active Indicator,,Boolean,,,0..1,"Boolean to indicate whether the address is active (=""true"") or inactive (=""false"")",住所有効性,住所が有効か無効かを示すブール値。
74,1,Class,,bus,Party_Address,,,,,,0..*,Class which contains accountant address information.,【会計事務所住所】,会計事務所の住所情報を含むセクション。
75,2,Specialization,,bus,Party_Address,,,,bus,Address,1,Class which contains address information.,【住所】,住所情報。
76,1,Class,,cor,Identifier_ Address,,,,,,0..*,"Address (block) of customer, vendor, employee for integration purposes, VAT.",【CVE住所】,統合目的やVATのための、顧客、仕入先、従業員の住所(ブロック)。
77,2,Specialization,,cor,Identifier_ Address,,,,bus,Address,1,Class which contains address information.,【住所】,住所情報。
78,2,Attribute,,cor,Identifier_ Address,Name,,String,,,0,Address Name,住所名,住所の名前。
79,2,Attribute,,cor,Identifier_ Address,Active Indicator,,Boolean,,,0,"Boolean to indicate whether the address is active (=""true"") or inactive (=""false"")",住所有効性,住所が有効か無効かを示すブール値。
80,1,Class,,bus,Accountant_ Address,,,,,,0..*,Class which contains accountant address information.,【会計事務所住所】,会計事務所の住所情報を含むセクション。
81,2,Specialization,,bus,Accountant_ Address,,,,bus,Address,1,Class which contains address information.,【住所】,住所情報。
82,1,Class,,bus,Organization_ Address,,,,,,0..*,Address class for the reporting entity,【住所】,報告事業体の住所構造体。
83,2,Specialization,,bus,Organization_ Address,,,,bus,Address,1,Class which contains address information.,【住所】,住所情報。
84,1,Class,,bus,Party_ Address,,,,,,0..*,Address class for the party,【住所】,報告事業体の住所構造体。
85,2,Specialization,,bus,Party_ Address,,,,bus,Address,1,,,
86,1,Class,,cor,Entity_ Party_ Address,,,,,,0..*,Address class for the party,【住所】,報告事業体の住所構造体。
87,2,Specialization,,cor,Entity_ Party_ Address,,,,bus,Party_ Address,1,,,
88,1,Class,,cor,Document Information,,,,,,1..1,Parent for descriptive information about the accountingEntries Class in which it is contained.,【文書情報】,この会計仕訳に関する情報の親タグ。
89,2,Attribute,,cor,Document Information,Document Type,,Token,,,1..1,"account: information to fill in a chart of accounts file.  
balance: the results of accumulation of a complete and validated list of entries for an account (or a list of account) in a specific period - sometimes called general ledger  
entries: a list of individual accounting entries, which might be posted/validated or nonposted/validated   
journal: a self-balancing (Dr = Cr) list of entries for a specific period including beginning balance for that period.  
ledger: a complete list of entries for a specific account (or list of accounts) for a specific period; note - debits do not have to equal credits.   
assets: a listing of open receivables, payables, inventory, fixed assets or other information that can be extracted from but are not necessarily included as part of a journal entry.  
trialBalance: the self-balancing (Dr = Cr) result of accumulation of a complete and validated list of entries for the entity in a complete list of accounts in a specific period. 
taxtables: aids automated interpretation of instances that represent tax tables; Tax table are defined by using multiple [taxes] classs to gather the population of codes, authorities and rates; through [taxTableCode] cross-references in the [taxes] class, these ""master file"" tax tables can be referenced. 
mapping: a collection of mappings between interrelated data sets, such as a local and related corporate standard chart of accounts or detail data mapped to summarized end reporting concepts.   
versioning: a collection of changes between two versions of the same class of information, such as updates to a master file like a chart of accounts.   
master_file: a collection of master files, such as the customer or inventory master file.   
trade_documents: a collection of trade/transactional documents, such as vendor invoices or customer orders.   
profile_compliant: the meaning of this collection of information can be determined by understanding an established profile and especially an XBRL GL Profile. Profiles are determined through namespace declarations, schemaRef and conventions of those profiles.   
other: for all other types of representations.

Often sorted by date or by account, these terms have specific, and sometimes different, meanings in different areas. Common practice will drive accounting method/term matches.",文書種別,・科目:科目体系ファイルの情報。_x000D_ ・残高:特定の期間について、勘定科目(または勘定科目リスト)の、完了し検証された仕訳リストの累算結果。時に総勘定元帳と呼ばれる。_x000D_ ・仕訳:個々の勘定記入のリスト。転記/検証されていることもあり、されていないこともある。_x000D_ ・仕訳帳:特定の期間における、その期間の開始残高を含む貸借が一致(Dr=Cr)した仕訳のリスト 。_x000D_ ・元帳:特定の期間における特定の勘定科目(または勘定科目リスト)についての、仕訳の全リスト 。注意－貸借が一致する必要はない。_x000D_ ・資産:仕訳記入の一部として必ずしも含まれていないが、そこから抽出可能な売掛金、買掛金、在庫、固定資産、その他の情報のリスト。_x000D_ ・試算表:事業体に対する、特定期間の全勘定科目リストでの、完了し検証された仕訳リストの、貸借が一致（Dr=Cr)した累算結果。_x000D_ ・税率表:税率表をあらわすデータを自動的に解釈できるようにする。税率表は、コード、税務当局情報、レートをあらわす複数のtaxes構造データを使って定義される。taxTableCodeはtaxes構造データ内で相互に参照されるが、これらのマスタファイルが参照可能。_x000D_ ・マッピング情報:互いに関係があるデータセットの間の対応関係を集めたもの。例えば、企業グループ内の各会社で使用する勘定科目と全社勘定科目との対応付け、または明細データと最終的な報告書上の要約された科目への対応付け。 ・差分情報:同じクラス（種類）で異なるバージョンを持つ項目の変更・差分情報。例えば、勘定科目一覧のようなマスタファイルの特定科目の更新情報など。  ・マスターファイル:マスタファイルの一覧。例えば、顧客マスタ又は在庫/棚卸マスタなど。  ・取引伝票:取引に用いる情報の集合。例えば、納入業者からのインボイス 又は顧客からの受注情報など。  ・プロファイル情報:確立された文書説明情報及び特にXBRL GLプロファイルを理解し決定するこの情報の集合の意味を示す。説明情報は、名前空間宣言、スキーマ参照及びこれらの規約を通して決定する。  ・その他：その他のすべての表現形式  多くの場合、日付または科目によりソートされる。会計処理方法や用語は慣行により適合させる。_x000D_ [設定値のリスト]_x000D_ (account：科目)、(balance：残高)、(entries：仕訳)、(journal：仕訳帳)、(ledger：元帳)、(assets：資産)、(trialbalance：試算表)、(taxtables：税率表)、(other：その他)_x000D_、(Mapping：マッピング情報)、(versioning：差分情報)、(master_file：マスターファイル)、(trade_documents：取引伝票)、(profile_compliant：プロファイル情報)、(other：その他)
90,2,Attribute,PK,cor,Document Information,Audit Number,,String,,,0..1,Unique identifier for this file.,監査番号,このファイルの一意識別子。
91,2,Attribute,,cor,Document Information,Revises Audit Number,,String,,,0..1,"If this batch of information revises a previous batch of information, this field identifies the previous batch that is being revised. 'uniqueID' of the previous batch goes here. Developers should consider exception reporting.",改訂前監査番号,この仕訳の束が以前の仕訳の束を改訂する場合に、以前の束を示す。元の文書のuniqueIDが指定される。開発者は、例外報告を考慮すべきである。
92,2,Attribute,,cor,Document Information,Action to Take with Previous Data,,Token,,,0..1,Provides guidance on action to take with previous set of data: supersedes - old data should be considered as obsolete/overwritten; supplements - belongs with that data as if it was included with it.,改訂前データ処置,"以前のデータの束に対する操作のガイダンス。 取替え-古いデータを無効にし上書きする。_x000D_
補完-元々含まれていたかのように、そのデータに所属させる。_x000D_
[設定値のリスト]_x000D_
(supplement：補完)、(supersede：取替え)"
93,2,Attribute,,cor,Document Information,Language,,QName,,,0..1,"Primary language of the intellectual content. Where practical, the content of this field should coincide with ISO 639-1988 language codes.",言語,主要言語。 実用的には、このフィールドの内容はISO639-1988言語コードに一致すべきである。
94,2,Attribute,,cor,Document Information,Creation Date,,Date Time,,,0..1,Date/time file was created.,作成日付,ファイルが作成された日付/時間。
95,2,Attribute,,cor,Document Information,Creator,,String,,,0..1,Identifies the creator of the XBRL instance.,作成者,ファイルの作成者の識別子。
96,2,Attribute,,cor,Document Information,Document Comment,,String,,,0..1,Text for entire document.,文書コメント,文書全体に対する説明文。
97,2,Attribute,,cor,Document Information,Period Covered Start,,Date Time,,,0..1,"Start of date range for contents. Used as basis for many assumptions about data, including the date as of which open balances are open.",対象期間開始日付,内容の日付範囲の開始日。 残高の開始日付などの、データに関する多くの仮定の基礎として使用される。
98,2,Attribute,,cor,Document Information,Period Covered End,,Date Time,,,0..1,"End of date range for contents. Used as basis for many assumptions about data, including the date as of which open balances are open.",対象期間終了日付,内容の日付範囲の終了日。 残高の開始日付などの、データに関する多くの仮定の基礎として使用される。
99,2,Attribute,,cor,Document Information,Period Count,,Decimal,,,0..1,"Number of periods or buckets, used by postingCode. Used to interpret posting date. It may be preferable to limit entries by period covered to be by individual reporting period.",期間数,postingCodeで使用される期間又はバケットの数。 転記日付を説明するために使用される。対象期間の仕訳を個々の報告期間に限定することが望ましいかもしれない。
100,2,Attribute,,cor,Document Information,Period Unit,,Token,,,0..1,"Type of periods covered by periodCount. Enumerated as: daily, weekly, bi-weekly, semi-monthly, monthly, quarterly, thirdly, semiannual, annual, ad-hoc, current-period-only, other.",期間単位,"periodCountで対象とする期間の種別。_x000D_
[設定値のリスト]_x000D_
(daily：日次)、(weekly：週次)、(bi-weekly：隔週)、(semi-monthly：半月ごと)、(monthly：月次)、(quarterly：四半期ごと)、(thirdly：年3回)、(semiannual：半年ごと)、(annual：年次)、(ad-hoc：随時)、(current-period-only：当期)、(other：その他)"
101,2,Attribute,,cor,Document Information,Period Unit Description,,String,,,0..1,Free format description of the period unit,期間単位説明,対象期間単位の説明。
102,2,Attribute,,cor,Document Information,Source Application,,String,,,0..1,"Product or service that produced this file. Used by many systems (e.g., VAT). Version number can be included or extended.",作成元アプリケーション,このファイルを作り出した製品又はサービス。 多くのシステム(例えば、VATなど)で、使用される。 バージョン番号を含むことも可能。
103,2,Attribute,,cor,Document Information,Target Application,,String,,,0..1,Particular use for which file was generated.,対象アプリケーション,ファイルが作成された用途。
104,2,Attribute,,cor,Document Information,Default Currency,,QName,,,0..1,"The default currency related to the amount can be entered here instead of the XBRL instance specified way, especially important in multi-currency situations. Recommend ISO 4217 coding",既定通貨,XBRLインスタンス内に指定する方法のかわりに、金額の既定の通貨を指定可能。多通貨環境で特に重要。ISO4217コード体系を推奨。
105,2,Composition,,cor,Document Information,,,,lnk,Summary Reporting Taxonomies,0..*,Identifies and provides information about one or more target reporting taxonomies to which the data represented in the document rolls up to.,【集約報告タクソノミ】,この文書で示されたデータのロールアップ先となる、1つ以上の報告タクソノミの情報を、識別し提供する。
106,1,Abstract Class,,bus,Contact,,,,,,0..*,Information about contacts.,【担当者情報】,担当者に関する情報。
107,2,Attribute,,bus,Contact,Contact Prefix,,String,,,0..1,"Prefix (e.g. Dr., Mr., Mrs.)",敬称,敬称(Dr.、Mr.、Mrs.など)
108,2,Attribute,,bus,Contact,Contact Last Name,,String,,,0..1,Last or family name,姓,姓
109,2,Attribute,,bus,Contact,Contact First Name,,String,,,0..1,First or given name,名,名、クリスチャンネーム
110,2,Attribute,,bus,Contact,Contact Suffix,,String,,,0..1,"Suffix (e.g. MD, CPA, Jr.)",付加名称,付加名称(MD、CPA、Jr.など)
111,2,Attribute,,bus,Contact,Contact Attention Line,,String,,,0..1,Attention Line,アテンションライン,アテンションライン
112,2,Attribute,,bus,Contact,Contact Position Role,,String,,,0..1,Position or role,地位/役職,地位や役職。
113,2,Attribute,,bus,Contact,Contact Contact Type,,String,,,0..1,"Role of contact. Examples include: Source Service, Sender, Recipient, Invoicer, Auditor, Accountant",担当者役割,担当者の役割。例：ソースサービス、送付元、受取人、請求先、監査人、会計事務所。
114,2,Attribute,,bus,Contact,Contact Location ID cross reference,,String,,,0..1,This code is used to associate the contact with a specific location for the Entity. Its value should be the same as that of the organizationAddressLocationIdentifier,所在地相互参照情報,担当者と事業体の位置情報を関係付けるためのコード。organizationAddressLocationIdentifierと同じ値であるべき。
115,2,Attribute,,bus,Contact,Contact Active,,Boolean,,,0..1,"Boolean to indicate whether the contact is active (=""true"") or inactive (=""false"")",担当者有効性,担当者が有効か無効かを示すブール値。
116,2,Composition,,bus,Contact,,,,bus,Contact_ Phone,0..*,Contact Phone Number,【担当者電話番号】,担当者の電話番号。
117,2,Composition,,bus,Contact,,,,bus,Contact_ Fax,0..*,Contact Fax Number Class,【担当者FAX番号】,担当者のFAX番号の構造体。
118,2,Composition,,bus,Contact,,,,bus,Contact_ Email,0..*,Contact E-mail address class,【担当者Eメールアドレス】,担当者のEメールアドレスの構造体。
119,1,Class,,bus,Party_ Contact,,,,,,0..*,Information about contacts.,【担当者情報】,担当者に関する情報。
120,2,Specialization,,bus,Party_ Contact,,,,bus,Contact,1,,,
121,1,Class,,bus,Entity_ Party_ Contact,,,,,,0..*,Information about contacts.,【担当者情報】,担当者に関する情報。
122,2,Specialization,,bus,Entity_ Party_ Contact,,,,bus,Contact,1,,,
123,1,Class,,cor,Identifier_ Contact,,,,,,0..*,Identifier Contact Information Class,【CVE担当者情報】,CVE識別子の担当者情報の構造体。
124,2,Specialization,,cor,Identifier_ Contact,,,,bus,Contact,1,,,
125,1,Class,,bus,Accountant_ Contact,,,,,,0..*,Accountant Contact Information Class,【会計事務所担当者情報】,会計事務所の担当者情報の構造体。
126,2,Specialization,,bus,Accountant_ Contact,,,,bus,Contact,1,,,
127,1,Class,,bus,Accounting Method Structure,,,,,,0..*,Class for identifying the methods of accounting used by the entity for different reporting purposes,【会計処理方法】,異なる報告目的に応じて事業体が使用する会計処理方法を識別するためのセクション。
128,2,Attribute,,bus,Accounting Method Structure,Accounting Method,,Token,,,0..1,"For this entity, the method of accounting represented - from: accrual, cash, modified cash, modified accrual, encumbrance, special methods, hybrid methods, other",会計処理方法,"事業体の会計処理方法を表す。発生基準、現金基準、修正現金基準、修正発生基準、債務基準、特別な方法、混合方法、その他_x000D_
[設定値のリスト]_x000D_
(accrual：発生基準)、(cash：現金基準)、(modified cash：修正現金基準)、(modified accrual：修正発生基準)、(encumbrance：債務基準)、(special methods：特別な方法)、(hybrid methods：混合方法)、(other：その他)"
129,2,Attribute,,bus,Accounting Method Structure,Accounting Method Description,,String,,,0..1,Free format description of the accounting method,会計処理方法説明,会計処理方法の説明。
130,2,Attribute,,bus,Accounting Method Structure,Accounting Method Purpose,,Token,,,0..1,"For this entity, the reporting purpose represented - from book, tax, management, statutory, other",会計処理方法目的,"事業体の報告の目的を表す。帳簿、税、管理、スタチュトリ、その他から選択する。_x000D_
[設定値のリスト]_x000D_
(book：帳簿)、(tax：税)、(management：管理)、(statutory：スタチュトリ)、(other：その他)"
131,2,Attribute,,bus,Accounting Method Structure,Accounting Method Purpose Description,,String,,,0..1,Free format description of the accounting method purpose,会計処理方法目的説明,会計処理方法の目的の説明。
132,2,Attribute,,bus,Accounting Method Structure,Accounting Method Start Date,,Date Time,,,0..1,Accounting Method Start Date,会計処理方法開始日付,会計処理方法の開始日。
133,2,Attribute,,bus,Accounting Method Structure,Accounting Method End Date,,Date Time,,,0..1,Accounting Method End Date,会計処理方法終了日付,会計処理方法の終了日。
134,1,Class,,bus,Accountant,,,,,,0..*,Information about the relevant external accountant,【会計事務所情報】,関連する外部会計事務所に関する情報。
135,2,Attribute,,bus,Accountant,Accountant Name,,String,,,0..1,Name of the accountant,会計事務所名,会計事務所の名前。
136,2,Attribute,,bus,Accountant,Accountant Type of Engagement,,Token,,,0..1,"Type of engagement being performed by external accountant. Enumerated as: audit, review, compilation, tax, other.",契約種別,"外部会計事務所によって実行される契約の種別。_x000D_
[設定値のリスト]_x000D_
(audit：監査)、(review：検査)、(compilation：帳簿作成)、(tax：税)、(other：その他)"
137,2,Attribute,,bus,Accountant,Accountant Type of Engagement Description,,String,,,0..1,Free format description of the type of engagement,契約種別説明,契約種別の説明。
138,2,Composition,,bus,Accountant,,,,bus,Accountant_ Address,0..*,Class which contains accountant address information.,【会計事務所住所】,会計事務所の住所情報を含むセクション。
139,2,Composition,,bus,Accountant,,,,bus,Accountant_ Contact,0..*,Accountant Contact Information Class,【会計事務所担当者情報】,会計事務所の担当者情報の構造体。
140,1,Class,,bus,Period,,,,,,0..*,A tool to collect a specific set of periods used to summarize results from transactions.,【報告カレンダー期間】,取引の結果をまとめるための特定の期間を集めるもの。
141,2,Attribute,PK,bus,Period,Period ID,,String,,,0..1,An identifier for this period in this calendar,報告期間識別子,このカレンダーにおけるこの期間の識別子。
142,2,Attribute,,bus,Period,Period Description,,String,,,0..1,A description of this specific reporting period in this calendar.,期間説明,このカレンダーにおけるこの特定の期間の説明。
143,2,Attribute,,bus,Period,Period Start Date,,Date Time,,,0..1,The beginning date/time of a period,期間開始日付,期間の開始日付/時刻
144,2,Attribute,,bus,Period,Period End Date,,Date Time,,,0..1,The ending date/time of a period,期間終了日付,期間の終了日付/時刻
145,1,Class,,bus,Reporting Calendar_ Period,,,,,,0..*,A tool to collect a specific set of periods used to summarize results from transactions.,【報告カレンダー期間】,取引の結果をまとめるための特定の期間を集めるもの。
146,2,Specialization,,bus,Reporting Calendar_ Period,,,,bus,Period,1,,,
147,2,Attribute,,bus,Reporting Calendar_ Period,Reporting Calendar_ Period Closed Date,,Date Time,,,0..1,"The date/time a period has been closed for activity. If this is present with a nill value (xsi:nill=""true"") then the period is not closed.",期間締日付,"この期間の活動が締め切られた日付/時刻。この値がニル値(xsi:nill=""true"")であれば、この期間は、締め切られていない。"
148,1,Class,,bus,Reporting Calendar,,,,,,0..*,A tool to collect the periods used to summarise results from transactions.,【報告カレンダー】,取引の結果をまとめるための期間を集めるもの。
149,2,Attribute,PK,bus,Reporting Calendar,Reporting Calendar Code,,String,,,0..1,"The code used to identify this specific reporting calendar, unique across periods",報告カレンダーコード,この報告カレンダーを識別するコード。複数期間にわたって一意。
150,2,Attribute,,bus,Reporting Calendar,Reporting Calendar Description,,String,,,0..1,A description of the reporting calendar (associated with the reportingCalendarCode given),報告カレンダー説明,報告カレンダーの説明（reportingCalendarCodeと関係付けられる）。
151,2,Attribute,,bus,Reporting Calendar,Reporting Calendar Title,,String,,,0..1,A description of the reporting period. The actual beginning and ending dates are found within the 'reportingCalendarPeriod' class,報告カレンダータイトル,報告期間の説明。実際の開始日及び終了日はreportingCalendarPeriodに記述する。
152,2,Attribute,,bus,Reporting Calendar,Reporting Calendar Period Type,,Token,,,0..1,"A code for the type of period involved. Enumerated as: monthly, quarterly, semi-annually, 4-5-4, ad-hoc, other.",期間種別コード,"報告期間の種別コード。月次、四半期ごと、半期ごと、4-5-4、随時、その他_x000D_
[設定値のリスト]_x000D_
(monthly：月次)、(quarterly：四半期ごと)、(semi-annually：半期ごと)、(4-5-4：4-5-4)、(ad-hoc：随時)、(other：その他)"
153,2,Attribute,,bus,Reporting Calendar,Reporting Calendar Period Type Description,,String,,,0..1,A description of the type of period involved.,期間種別説明,報告期間の種別の説明。
154,2,Attribute,,bus,Reporting Calendar,Reporting Calendar Closed Status,,Token,,,0..1,"An identifier on whether the reporting calendar is still open for activity. enumerated, ""open"", ""closed"", ""pending""",締状態,"報告カレンダーがオープンかどうかを示す識別子。オープン、締切り済み、保留中_x000D_
[設定値のリスト]_x000D_
(open：オープン)、(closed：締切り済み)、(pending：保留中)"
155,2,Attribute,,bus,Reporting Calendar,Reporting Calendar Purpose,,Token,,,0..1,A description of the accounting set of books involved. Uses enumeration from accounting method purpose.,報告目的,"帳簿の集合の説明。会計処理方法の目的の列挙値を使用する。_x000D_
[設定値のリスト]_x000D_
(book：帳簿)、(tax：税)、(management：管理)、(statutory：スタチュトリ)、(other：その他)"
156,2,Attribute,,bus,Reporting Calendar,Reporting Calendar Purpose Description,,String,,,0..1,Free format description of the reporting purpose,報告目的説明,報告目的の説明。
157,2,Composition,,bus,Reporting Calendar,,,,bus,Reporting Calendar_ Period,0..*,A tool to collect a specific set of periods used to summarize results from transactions.,【報告カレンダー期間】,取引の結果をまとめるための特定の期間を集めるもの。
158,1,Class,,cor,External Authority,,,,,,0..*,Class containing references to an external authority associated with identifier,【外部機関】,識別子と関係付けられる外部機関への参照情報を含む構造体。
159,2,Attribute,PK,cor,External Authority,External Authority Code,,String,,,0..1,"External Authority (e,g, Tax Authority) ID Number associated with identifierReference",外部機関付与識別番号,identifierReferenceと関係付けられる、外部機関（たとえば、税務署）によるID番号。
160,2,Attribute,,cor,External Authority,External Authority Name,,String,,,0..1,Name of External Authority (e.g. Tax Authority),外部機関名,外部機関の名前（たとえば、税務署）
161,2,Attribute,,cor,External Authority,External Authority Verification Date,,Date Time,,,0..1,Date on which the External Authority last performed a verification,外部機関認証日付,外部機関が最後に認証した日付。
162,1,Class,,bus,Organization Identifier,,,,,,0..*,Class which contains various identifiers for the party.,【識別子】,組織に関する様々な識別子を含むセクション。
163,2,Attribute,PK,bus,Organization Identifier,Organization Identifier Code,,String,,,0..1,"Code representing the company or organization whose data this file represents: used for situations where one user (e.g., a CPA) needs to keep track of multiple organizations' files (e.g., multiple clients). Can be EIN#, client #, internal/external identifier, SIC code. Codes which identifies the entity. Includes the code identifier of the authority issuing the code, a colon, and the code itself. For example, CIK:01234567 for the CIK number issued by SEC EDGAR.",事業体識別子,このファイルでデータを表現している会社や組織のコード。ひとりのユーザ(例えば、公認会計士)が複数の組織(例えば、複数の顧客)のファイルを把握する必要がある場合に使用される。 EIN番号、顧客番号、内部/外部識別子、SICコードであってよい。事業体の識別子をコード化する。コードを発行する権威ある組織のコード識別子、コロン、およびコードそのものを含む。 例えば、SEC　EDGARが発行したCIK番号　CIK: 01234567。
164,2,Attribute,,bus,Organization Identifier,Organization Identifier Description,,String,,,0..1,Text describing the organization identified by the organization identifier. Includes any relevant information about the code itself (e.g. issuing authority).,事業体説明,事業体識別子によって特定された組織の説明文。 コードに関するなんらかの記述情報。
165,1,Abstract Class,,cor,Identifier Reference,,,,,,0..*,"Identification for customer, vendor, or employee.",【CVE情報】,顧客、仕入先、従業員のための識別子。
166,2,Attribute,PK,cor,Identifier Reference,Identifier  Code,,String,,,0..1,Unique ID Number associated with identifierReference,CVE識別番号（内部）,identifierReferenceに関係付けられた、内部ID番号。
167,2,Attribute,,cor,Identifier Reference,Identifier Purpose,,String,,,0..1,"Freeform for codes like purchasing, billing, manufacturing at identifier level.",CVE目的,購買、請求、製造などの、CVE識別子のレベルのコードの自由記述。
168,2,Attribute,,cor,Identifier Reference,Identifier Active,,Boolean,,,0..1,"Boolean to indicate whether the identifier is active (=""true"") or inactive (=""false"")",CVE有効性,CVE識別子が有効か無効かを示すブール値。
169,2,Attribute,,cor,Identifier Reference,Identifier Organization Type,,Token,,,0..1,"Identifier Organization Type. Enumerated as: individual, organization, other.",CVE組織種別,"CVE識別子の組織種別。_x000D_
[設定値のリスト]_x000D_
(individual：個人)、(organization：組織)、(other：その他)"
170,2,Attribute,,cor,Identifier Reference,Identifier Organization Type Description,,String,,,0..1,Free format description of the identifier organization type,CVE組織種別説明,CVE識別子の組織種別の説明。
171,2,Attribute,,cor,Identifier Reference,Identifier Description,,String,,,0..1,Textual description of identifierReference.,CVE説明,identifierReferenceの説明。
172,2,Attribute,,cor,Identifier Reference,Identifier Type,,Token,,,0..1,"Entity type (enumerated): C, customer, E, employee, V, vendor, O, other, I, salesperson-internal, X, salesperson-external, N, contractor.",CVE種別,実体の種別。_x000D_ [設定値のリスト]_x000D_ (C)、(customer：顧客)、(E)、(employee：従業員)、(V)、(vendor：仕入先)、(O)、(other：その他)、(I)、(salesperson-internal：店舗内販売員)、(X)、(salesperson-external：外交販売員)、(N)、(contractor：請負者)
173,2,Attribute,,cor,Identifier Reference,Identifier Category,,String,,,0..1,"For use as Customer, Vendor or Employee Class (such as Residential/Commercial/Institutional/Government or Retail/Wholesale or other classifications used by business).",CVEカテゴリ,顧客、仕入先、従業員の分類に使用する。　（住居/商業/機関/政府や、小売/卸や、ビジネスで使用されるその他の分類）。
174,2,Composition,,cor,Identifier Reference,,,,cor,External Authority,0..*,Class containing references to an external authority associated with identifier,【外部機関】,識別子と関係付けられる外部機関への参照情報を含む構造体。
175,2,Composition,,cor,Identifier Reference,,,,cor,Identifier_ Phone,0..*,Phone number related to Identifier.,【電話番号】,CVE識別子の電話番号。
176,2,Composition,,cor,Identifier Reference,,,,cor,Identifier_ Fax,0..*,Fax number class related to identifier.,【FAX番号】,CVE識別子のFAX番号の構造体。
177,2,Composition,,cor,Identifier Reference,,,,cor,Identifier_ Email,0..*,Email address for Identifier.,【CVEEメールアドレス】,CVE識別子のEメールアドレス。
178,2,Composition,,cor,Identifier Reference,,,,cor,Identifier_ Address,0..*,"Address (block) of customer, vendor, employee for integration purposes, VAT.",【CVE住所】,統合目的やVATのための、顧客、仕入先、従業員の住所(ブロック)。
179,2,Composition,,cor,Identifier Reference,,,,cor,Identifier_ Contact,0..*,Identifier Contact Information Class,【CVE担当者情報】,CVE識別子の担当者情報の構造体。
180,1,Class,,cor,Detail_ Identifier Reference,,,,,,0..*,"Identification for customer, vendor, or employee.",【CVE情報】,顧客、仕入先、従業員のための識別子。
181,2,Specialization,,cor,Detail_ Identifier Reference,,,,cor,Identifier Reference,1,,,
182,1,Abstract Class,,cor,Party,,,,,,0..*,Class for the party,,
183,2,Attribute,,cor,Party,Party Name,,String,,,0..1,Name of the party,,
184,2,Attribute,,cor,Party,Party ID,,String,,,0..1,ID Number of the party,,
185,2,Attribute,,cor,Party,Party Business Description,,String,,,0..1,Description of the nature of the business of the party.,業種説明,事業体の事業の種類についての説明。
186,2,Composition,,cor,Party,,,,bus,Party_  Phone,0..*,Primary phone number of the party.,【事業体電話番号】,事業体の主要電話番号情報。
187,2,Composition,,cor,Party,,,,bus,Party_  Fax,0..*,Class for holding company fax information.,【事業体FAX番号】,事業体のFAX番号情報のタプル。
188,2,Composition,,cor,Party,,,,bus,Party_  Email,0..*,Class for holding company email information.,【事業体Eメールアドレス】,事業体のEメールアドレス情報のタプル。
189,2,Composition,,cor,Party,,Registered,,bus,Organization Identifier,0..*,Class which contains various identifiers for theparty.,【識別子】,組織に関する様々な識別子を含むセクション。
190,2,Composition,,cor,Party,,,,bus,Party_  Address,0..*,Address class for the party,【住所】,報告事業体の住所構造体。
191,2,Composition,,cor,Party,,,,bus,Party_ Web Site,0..*,Primary web site of the party.,【事業体Webサイト】,事業体の代表ウェブサイト。
192,2,Composition,,cor,Party,,,,bus,Party_  Contact,0..*,Information about contacts.,【担当者情報】,担当者に関する情報。
193,1,Class,,cor,Entity_ Party,,,,,,0..1,Holder for entity information - information about the reporting organization.,【事業体情報】,事業体情報（報告組織に関する情報）の入れ物。
194,2,Specialization,,cor,Entity_ Party,,,,cor,Party,1,,,
195,2,Attribute,,cor,Entity_ Party,Default Accounting Method Purpose,,Token,,,0..1,"If not stated explicitly at the line level, the default reporting purpose - from book, tax, management, statutory, other",既定会計処理方法目的,"明細レベルで明確に指定しない場合の、既定の報告目的を表す。帳簿、税、管理、スタチュトリ、その他から選択する。_x000D_
[設定値のリスト]_x000D_
(book：帳簿)、(tax：税)、(management：管理)、(statutory：スタチュトリ)、(other：その他)"
196,2,Attribute,,cor,Entity_ Party,Default Accounting Method Purpose Description,,String,,,0..1,Free format description of the default accounting method purpose,既定会計処理方法目的説明,既定の会計処理方法目的の説明。
197,2,Attribute,,cor,Entity_ Party,Fiscal Year Start,,Date,,,0..1,"Start of fiscal year. Where appropriate, corporate year period representation permits non-365 or 366 day years (more appropriate for internal sharing than data from external sources), In Europe, some jurisdictions allow 2 year minus 1 day fiscal years.",会計年度開始日付,会計年度の開始日。妥当であれば、企業の会計年度表示において、366日や365日でない年も許可する（外部ソースからのデータより内部共有のための方が適している）。ヨーロッパでは、2年マイナス1日の会計年度を許可するところもある。
198,2,Attribute,,cor,Entity_ Party,Fiscal Year End,,Date,,,0..1,"End of fiscal year. Where appropriate, corporate year period representation permits non-365 or 366 day years (more appropriate for internal sharing than data from external sources), In Europe, some jurisdictions allow 2 year minus 1 day fiscal years.",会計年度終了日付,会計年度の終了日。妥当であれば、企業の会計年度表示において、366日や365日でない年も許可する（外部ソースからのデータより内部共有のための方が適している）。ヨーロッパでは、2年マイナス1日の会計年度を許可するところもある。
199,2,Composition,,cor,Entity_ Party,,Specified,,bus,Accounting Method Structure,0..*,Class for identifying the methods of accounting used by the entity for different reporting purposes,【会計処理方法】,異なる報告目的に応じて事業体が使用する会計処理方法を識別するためのセクション。
200,2,Aggregation,,cor,Entity_ Party,,Assigned,,bus,Accountant,0..*,Information about the relevant external accountant,【会計事務所情報】,関連する外部会計事務所に関する情報。
201,2,Composition,,cor,Entity_ Party,,Specified,,bus,Reporting Calendar,0..*,A tool to collect the periods used to summarise results from transactions.,【報告カレンダー】,取引の結果をまとめるための期間を集めるもの。
202,1,Class,,cor,Subaccount,,,,,,0..*,Class to hold multiple accountSubIDs and Descriptions,【補助勘定科目情報】,複数のaccountSubIDと説明文を含むタプル。
203,2,Attribute,,cor,Subaccount,Subaccount Description,,String,,,0..1,The description that accompanies accountSubID belongs here.,補助勘定科目説明,accountSubIDに関する説明。
204,2,Attribute,,cor,Subaccount,Subaccount ID,,String,,,0..1,"Where the primary account was placed in accountMainID, the code used for each profit center, division, business unit, fund, program, branch, project, class, su-class or other modifier is placed here.",補助勘定科目コード,主勘定科目をaccountMainIDに指定したときに、各プロフィットセンタ、事業部、事業体、基金、プログラム、支店、プロジェクト、クラス、su-クラス又は他の修飾子に使用されるコードはここに指定する。
205,2,Attribute,,cor,Subaccount,Type,,Token,,,0..1,"Type of sub-account - profit center, division, business unit, fund, program, branch, project, class, su-class or other modifier is placed here. For example:: Accountability center: Business unit: Class:Department: Project: Fund: Program:Job: Profit center: Branch: Setup class: Division: Unit",補助勘定科目種別,小勘定科目の種別。プロフィットセンタ、事業部、事業体、基金、プログラム、支店、プロジェクト、クラス、su-クラス又は他の修飾子がここに配置される。 例えば、責任単位、事業単位、クラス、部、プロジェクト、基金、プログラム、ジョブ、プロフィットセンター、支店、セットアップクラス、部門、ユニット
206,2,Reference Association,,cor,Subaccount,,,,cor,Parent Subaccount,0..1,Reference to the ID of the parent subaccount.,親補助勘定科目コード,
207,1,Class,,cor,Parent Subaccount,,,,,,0..*,Class for showing the detail necessary to roll up from one segment (type of subaccount) to another.,【親補助勘定科目情報】,あるセグメント（補助勘定の種別）から別のセグメントへ集約（ロールアップ）するために必要な詳細を表すクラス。
208,2,Attribute,PK,cor,Parent Subaccount,Parent Subaccount Code,,String,,,0..1,Subaccount NUMBER this subaccount rolls up to - see also subaccount type it rolls up to.,親補助勘定科目コード,この小勘定科目のロールアップ先の小勘定科目の番号-ロールアップ先の小勘定科目の種別も参照。
209,2,Attribute,,cor,Parent Subaccount,Parent Subaccount Type,,String,,,0..1,The describer of the segment this subaccount rolls up to.,親補助勘定科目種別,この小勘定科目のロールアップ先のセグメントの説明。
210,2,Attribute,,cor,Parent Subaccount,Parent Subaccount Reporting Tree ID,,String,,,0..1,Used for representing descriptions of reporting trees.,親補助勘定レポーティングツリーID,レポーティングツリーの階層構造における親ノードを識別するために用いられる識別子。
211,2,Attribute,,cor,Parent Subaccount,Parent Subaccount Percentage,,Pure,,,0..1,"For partial allocations of amounts to different parents, the percentage of a child that will be allocated to a parent.",親補助勘定科目配分パーセンテージ,異なる親科目に配分する場合に、親科目に割り当てるパーセンテージ。
212,1,Abstract Class,,cor,Account Identifier,,,,,,0..*,"Class: parent container for account numbers and identifiers. No entry is made here, but each detail line may have multiple accounts assigned to it for reporting in different GAAPs, offsetting accounts in Japan, passing along information to consolidation systems about local versus consolidating accounts, etc. For example, the account 4783HG-QOWI-192837-1000 may be expressed so: 

/account/accountMainID 1000  
/account/accountMainDescription Cash  
/account/accountSub/accountSubID 4783HG  
/account/accountSub/accountSubDescription Department  
/account/accountSub/accountSubID QOWI  
/account/accountSub/accountSubDescription Branch  
/account/accountSub/accountSubID 192837  
/account/accountSub/accountSubDescription Division",【科目識別子】,"タプル。勘定科目番号と識別子の親コンテナ。 ここには記入されないが、個々の明細行は、異なるGAAPでの報告や、日本の見返勘定や、連結勘定科目に対する個別情報の連結会計システムへの伝達などのための、複数の勘定科目を持ちうる。例えば、勘定科目4783HG-QOWI-192837-1000は、次のように表現されうる。_x000D_
/account/accountMainID 1000  
/account/accountMainDescription Cash  
/account/accountSub/accountSubID 4783HG  
/account/accountSub/accountSubDescription Department  
/account/accountSub/accountSubID QOWI  
/account/accountSub/accountSubDescription Branch  
/account/accountSub/accountSubID 192837  
/account/accountSub/accountSubDescription Division"
213,2,Attribute,PK,cor,Account Identifier,Account Number,,String,,,0..1,"Main account - the code used to identify the accounting bucket the entry has been assigned to. Examples might be 1000 for Cash, 567GAAZ for Sales Expense or Z for tax payments. Identifiers such as department, branch, division, manager, or other modifiers are noted in the Subaccount area. Before needing to post, account is not necessary. Posting to the general ledger almost always requires an entry here.",主勘定科目コード,"主勘定科目。仕訳が関連する会計バケットを特定するためのコード。例えば、現金を表す1000、販売費を表す567GAAZ、税を表すZ。_x000D_
部門、支店、事業部、マネージャ、その他の識別子は、Subaccount領域に記述される。転記の必要がなければ、勘定科目は必要ではない。総勘定元帳に転記するにはほとんどの場合必要。"
214,2,Attribute,,cor,Account Identifier,Account Description,,String,,,0..1,Description of accountMainID - the human readable describer that accompanies the code used in accountMainID,主勘定科目説明,主勘定科目コードの説明。主勘定科目コードとして使用されるコードについての、人が読める記述。
215,2,Attribute,,cor,Account Identifier,Account Classification,,Token,,,0..1,"Account type - FASB Concepts 6 and similar international designs. When xbrlInfo is used to associated other XBRL reporting items, this field is more suited to representing existing systems (audit) than data interchange. Enumerated as: asset, liability, equity, income, gain, expense, loss, contr-to-equity, distr-from-equity, comprehensive-income, other.",主勘定科目区分,"主勘定科目の種別。FASB Concepts 6および、同様の国際的な様式。xbrlInfoが他のXBRL項目と関係付けられる場合、データ交換より現存システム(audit)を示すべき。_x000D_
[設定値のリスト]_x000D_
(asset：資産)、(liability：負債)、(equity：資本)、(income：収益)、(gain：利得)、(expense：費用)、(loss：損失)、(contr-to-equity：資本増加)、(distr-from-equity：資本減少)、(comprehensive-income：包括利益)、(other：その他)"
216,2,Attribute,,cor,Account Identifier,Account Classification Description,,String,,,0..1,Free format description of the account classification,主勘定科目区分説明,主勘定科目の区分の説明。
217,2,Attribute,,cor,Account Identifier,Parent Account Number,,String,,,0..1,Roll up item from child natural account to parent natural account.,親勘定科目コード,子勘定科目から親勘定科目に包み込む科目。
218,2,Attribute,,cor,Account Identifier,Purpose of Account,,Token,,,0..1,"Code related to usage for account aggregate - Consolidating, European, IFRS, Offsetting, Primary, Tax, USGAAP, Japanese, Other. Japanese companies will use this for the tax required offsetting entry. If left blank, assumes default accounting method for company.",勘定科目目的,"勘定科目群の使用法を示すコード。連結、European, IFRS, 見返、プライマリ, 税, USGAAP, Japanese,その他。日本企業では、見返仕訳で要求される税務処理に利用するかもしれない。空白の場合、企業の既定の勘定方法とみなす。_x000D_
[設定値のリスト]_x000D_
(consolidating：連結)、(european：ヨーロッパ)、(ifrs：IFRS)、(offsetting：見返)、(primary：プライマリ)、(tax：税)、(usgaap：US GAAP)、(japanese：日本)、(other：その他)"
219,2,Attribute,,cor,Account Identifier,Purpose of Account Description,,String,,,0..1,Description of usage for aggregate account,勘定科目目的説明,勘定科目群の使用法の説明。
220,2,Attribute,,cor,Account Identifier,Account Type,,Token,,,0..1,"Type of account. Enumerated as: account, bank, employee, customer, job, vendor, measurable, statistical, other.",科目種別,"科目の種別。_x000D_
[設定値のリスト]_x000D_
(account：勘定科目)、(bank：銀行)、(employee：従業員)、(customer：顧客)、(job：ジョブ)、(vendor：仕入先)、(measurable：計測可能物)、(statistical：統計)、(other：その他)"
221,2,Attribute,,cor,Account Identifier,Account Type Description,,String,,,0..1,Free format description of the account type,科目種別説明,科目の種別の説明。
222,2,Attribute,,cor,Account Identifier,Accounting Method,,Token,,,0..1,"For this entry, the method of accounting represented - from: accrual, cash, modified cash, modified accrual, encumbrance, special methods, hybrid methods, other",仕訳会計処理方法,"この仕訳の会計処理方法を表す。発生基準、現金基準、修正現金基準、修正発生基準、債務基準、特別な方法、混合方法、その他_x000D_
[設定値のリスト]_x000D_
(accrual：発生基準)、(cash：現金基準)、(modified cash：修正現金基準)、(modified accrual：修正発生基準)、(encumbrance：債務基準)、(special methods：特別な方法)、(hybrid methods：混合方法)、(other：その他)"
223,2,Attribute,,cor,Account Identifier,Accounting Method Description,,String,,,0..1,Free format description of the entry accounting method,仕訳会計処理方法説明,仕訳の会計処理方法の説明。
224,2,Attribute,,cor,Account Identifier,Accounting Method Purpose,,Token,,,0..1,"For this entry, the reporting purpose represented - from book, tax, management, statutory, other",仕訳会計処理方法目的,"仕訳の報告の目的を表す。帳簿、税、管理、スタチュトリ、その他_x000D_
[設定値のリスト]_x000D_
(book：帳簿)、(tax：税)、(management：管理)、(statutory：スタチュトリ)、(other：その他)"
225,2,Attribute,,cor,Account Identifier,Accounting Method Purpose Description,,String,,,0..1,Free format description of the entry accounting method purpose,仕訳会計処理方法目的説明,仕訳の会計処理方法の目的の説明。
226,2,Attribute,,cor,Account Identifier,Account Active,,Boolean,,,0..1,"Boolean to indicate whether the account is active (=""true"") or inactive (=""false"")",科目有効性,科目が有効か無効かを示すブール値。
227,2,Composition,,cor,Account Identifier,,,,cor,Subaccount,0..*,Class to hold multiple accountSubIDs and Descriptions,【サブ科目情報】,複数のaccountSubIDと説明文を含むタプル。
228,1,Class,,cor,Detail_ Account Identifier,,,,,,0..*,"Class: parent container for account numbers and identifiers. No entry is made here, but each detail line may have multiple accounts assigned to it for reporting in different GAAPs, offsetting accounts in Japan, passing along information to consolidation systems about local versus consolidating accounts, etc. For example, the account 4783HG-QOWI-192837-1000 may be expressed so: 

/account/accountMainID 1000  
/account/accountMainDescription Cash  
/account/accountSub/accountSubID 4783HG  
/account/accountSub/accountSubDescription Department  
/account/accountSub/accountSubID QOWI  
/account/accountSub/accountSubDescription Branch  
/account/accountSub/accountSubID 192837  
/account/accountSub/accountSubDescription Division",【科目識別子】,"タプル。勘定科目番号と識別子の親コンテナ。 ここには記入されないが、個々の明細行は、異なるGAAPでの報告や、日本の見返勘定や、連結勘定科目に対する個別情報の連結会計システムへの伝達などのための、複数の勘定科目を持ちうる。例えば、勘定科目4783HG-QOWI-192837-1000は、次のように表現されうる。_x000D_
/account/accountMainID 1000  
/account/accountMainDescription Cash  
/account/accountSub/accountSubID 4783HG  
/account/accountSub/accountSubDescription Department  
/account/accountSub/accountSubID QOWI  
/account/accountSub/accountSubDescription Branch  
/account/accountSub/accountSubID 192837  
/account/accountSub/accountSubDescription Division"
229,2,Specialization,,cor,Detail_ Account Identifier,,,,cor,Account Identifier,1,,,
230,1,Abstract Class,,muc,Multicurrency,,,,,,0..*,Class to provide additional information related to home currencies that differ from original currencies and related exchange rates - typically this will be used to record exchange rates and amounts in currencies and/or on dates other than those of the original transaction. This class allows recording of exchange rates using a third currency as a triangulation currency. This is often EUR but is not restricted to being so. This class may be repeated as many times as necessary to record amounts in foreign currencies on the same or different dates.,【多通貨明細】,"原取引時の通貨と異なる、自国通貨と換算レートに関する追加情報のセクション。－現在および原取引時の、換算レートおよび金額の記録に使用される。_x000D_
トライアンギュレーション通貨としての第三通貨の換算レートを記録できる。EURの場合が多いがそれに限らない。この構造は、同日または異なる日の外貨での金額を記録する必要がある限り、繰り返し指定可能。"
231,2,Attribute,,muc,Multicurrency,Multicurrency Exchange Rate Date,,Date Time,,,0..1,Date of exchange rate (other than original transaction date) on which amount is expressed as amountRestatedAmount or amountTriangulationAmount,換算レート日付,（原取引の日付ではなく）、amountRestatedAmountまたはamountTriangulationAmountが示された換算レートの日付。
232,2,Attribute,,muc,Multicurrency,Multicurrency Foreign Currency Amount,,Monetary,,,0..1,The amount in the foreign currency identified by amountRestatedCurrency as of multicurrencyDetailExchangeRateDate.,換算額,amountRestatedCurrencyで指定された外貨での、multicurrencyDetailExchangeRateDate時点の、換算額。
233,2,Attribute,,muc,Multicurrency,Multicurrency Foreign Currency,,QName,,,0..1,The currency in which amountRestatedAmount is expressed. Recommended ISO 4217 coding.,換算通貨,amountRestatedAmountで使用される通貨。ISO4217コードを推奨。
234,2,Attribute,,muc,Multicurrency,Multicurrency Exchange Rate,,Pure,,,0..1,Exchange rate used to convert amountRestatedAmount as of multicurrencyDetailExchangeRateDate (expressed as national currency divided by foreign currency),換算レート,amountRestatedAmountの算出に用いられた、multicurrencyDetailExchangeRateDate時点の換算レート。（自国通貨を外貨通貨で割った値）
235,2,Attribute,,muc,Multicurrency,Multicurrency Exchange Rate Source,,String,,,0..1,"Source of Exchange Rate for restated amount - for example, Reuters, Bloomberg",換算レート情報源,"外貨換算額の換算レートの情報源。たとえば、Reuters, Bloomberg。"
236,2,Attribute,,muc,Multicurrency,Multicurrency Exchange Rate Type,,String,,,0..1,"Type of Exchange Rate for restated amount - for example, spot rate, forward contract etc.",換算レート種別,外貨換算額の換算レートの種別。たとえば、スポット・レート、先物など。
237,2,Attribute,,muc,Multicurrency,Multicurrency Triangulation Currency Amount,,Monetary,,,0..1,The amount in the triangulation currency identified by amountTriangulationCurrency as of multicurrencyDetailExchangeRateDate.,トライアンギュレーション通貨換算額,amountTriangulationCurrencyで指定されたトライアンギュレーション通貨での、multicurrencyDetailExchangeRateDate時点の換算額。
238,2,Attribute,,muc,Multicurrency,Multicurrency Triangulation Currency,,QName,,,0..1,The currency used for tringulation between amountRestatedCurrency and the home currency. Recommended ISO 4217 coding.,トライアンギュレーション通貨,amountRestatedCurrencyと自国通貨間のトライアンギュレーション取引で使用される通貨。ISO4217コードを推奨。
239,2,Attribute,,muc,Multicurrency,Multicurrency Triangulation Exchange Rate,,Pure,,,0..1,Exchange rate used to convert amountTriangulationAmount as of multicurrencyDetailExchangeRateDate (expressed as national currency divided by triangulation currency),トライアンギュレーション通貨換算レート,amountTriangulationAmountの算出に用いられた、multicurrencyDetailExchangeRateDate時点の換算レート。（自国通貨をトライアンギュレーション通貨で割った値）
240,2,Attribute,,muc,Multicurrency,Multicurrency Triangulation Exchange Rate Source,,String,,,0..1,"Source of Exchange Rate for triangulation amount - for example, Reuters, Bloomberg",トライアンギュレーション通貨換算レート情報源,"トライアンギュレーション通貨換算額の換算レートの情報源。たとえば、Reuters, Bloomberg。"
241,2,Attribute,,muc,Multicurrency,Multicurrency Triangulation Exchange Rate Type,,String,,,0..1,"Type of Exchange Rate for triangulation amount - for example, spot rate, forward contract etc.",トライアンギュレーション通貨換算レート種別,トライアンギュレーション通貨換算額の換算レートの種別。たとえば、スポット・レート、先物など。
242,2,Attribute,,muc,Multicurrency,Multicurrency Cross Triangulation Exchange Rate,,Pure,,,0..1,Exchange rate used to convert from amountRestatedAmount to amountTriangulationAmount as of multicurrencyDetailExchangeRateDate (expressed as foreign currency divided by triangulation currency),換算通貨トライアンギュレーション通貨換算レート,amountRestatedAmountからamountTriangulationAmountへの、multicurrencyDetailExchangeRateDate時点の換算レート。（外貨通貨をトライアンギュレーション通貨で割った値）
243,2,Attribute,,muc,Multicurrency,Multicurrency Cross Triangulation Exchange Rate Source,,String,,,0..1,"Source of Exchange Rate for converting between foreign currency and triangulation currency - for example, Reuters, Bloomberg",換算通貨トライアンギュレーション通貨換算レート情報源,"外貨通貨とトライアンギュレーション通貨の間の換算レートの情報源。たとえば、Reuters, Bloomberg。"
244,2,Attribute,,muc,Multicurrency,Multicurrency Cross Triangulation Exchange Rate Type,,String,,,0..1,"Type of Exchange Rate for converting between foreign currency and triangulation currency - for example, spot rate, forward contract etc.",換算通貨トライアンギュレーション通貨換算レート種別,外貨通貨とトライアンギュレーション通貨の間の換算レートの種別。たとえば、スポット・レート、先物など。
245,2,Attribute,,muc,Multicurrency,Multicurrency Comment,,String,,,0..1,Comment describing the enclosing multicurrencyDetail class's contents. May include reason for recording additional exchange rates other than that used at the time of the original transaction.,多通貨明細コメント,multicurrencyDetailの内容のコメント。原取引時以外の、追加の換算レートを記録する理由などを記述。
246,1,Class,,muc,Detail_ Multicurrency,,,,,,0..*,Class to provide additional information related to home currencies that differ from original currencies and related exchange rates - typically this will be used to record exchange rates and amounts in currencies and/or on dates other than those of the original transaction. This class allows recording of exchange rates using a third currency as a triangulation currency. This is often EUR but is not restricted to being so. This class may be repeated as many times as necessary to record amounts in foreign currencies on the same or different dates.,【多通貨明細】,"原取引時の通貨と異なる、自国通貨と換算レートに関する追加情報のセクション。－現在および原取引時の、換算レートおよび金額の記録に使用される。_x000D_
トライアンギュレーション通貨としての第三通貨の換算レートを記録できる。EURの場合が多いがそれに限らない。この構造は、同日または異なる日の外貨での金額を記録する必要がある限り、繰り返し指定可能。"
247,2,Specialization,,muc,Detail_ Multicurrency,,,,muc,Multicurrency,1,,,
248,1,Abstract Class,,cor,XBRL,,,,,,0..*,This will roll up to XBRL reporting information - this is a parent - repeatable so that the same item can be reported through many taxonomies. Care should be taken to consider what happens if people post to the same account but different XBRL elements.,【XBRL情報】,XBRLレポート情報へのロールアップ情報。親タグであり、同じ項目が複数のタクソノミを通じて報告されうるように繰り返し可能。同一の勘定科目を異なるXBRL要素に転記した場合にどうなるか、注意深く考慮すべきである。
249,2,Attribute,,cor,XBRL,XBRL Allocation,,Token,,,0..1,"Indicates that the information being given is beginning_balance, ending_balance, period_change.",XBRL割当,"与えられた情報が、期首残高、期末残高、期中増減のいずれであるかを示す。_x000D_
[設定値のリスト]_x000D_
(beginning_balance：期首残高)、(ending_balance：期末残高)、(period_change：期中増減)"
250,2,Attribute,,cor,XBRL,XBRL Summary Reporting Element,,QName,,,0..1,Associated XBRL element or XML element within an XML taxonomy - mapping to an XBRL concept.,集約報告エレメント,関係付けられた、XMLタクソノミ中のXBRL要素または、XML要素。XBRLコンセプトへのマッピング。
251,2,Attribute,,cor,XBRL,XBRL Detail Matching Element,,QName,,,0..1,Associated XBRL element in XBRL-GL instance.,明細対応エレメント,関係付けられた、XBRL-GLインスタンス中のXBRL要素。
252,2,Attribute,,cor,XBRL,XBRL Summary Tuple Path,,String,,,0..1,Specific filter for parent class class. This value must be valid XPath. And the result of the XPath must be resolved to a node.,集約タプルパス,親タグ構造を特定するフィルタ。妥当なXPath記述でなければならない。XPathの結果はノードでなければならない。
253,2,Attribute,,cor,XBRL,XBRL Detailed Content Filter,,String,,,0..1,"Filtering mechanism. This value must be valid XPath. And the result of the XPath must be resolved to boolean. If the resulting value is false, the entry  must not mapped into specified facts in F/S.",明細コンテントフィルタ,フィルタリング手段。妥当なXPath記述でなければならない。XPathの結果はブール値でなければならない。結果がfalseの場合は、仕訳はF/S内の特定のfactsにマッピングされてはならない。
254,2,Attribute,,cor,XBRL,XBRL Reporting Date Selector,,Token,,,0..1,This holds the concepts in GL data to create FS contexts.  The value must be a list of QName. Each QName must be resolved to GL items. Order of the items defines priority to access.,報告日付セレクタ,F/Sのコンテキストを生成するためのGLデータの概念を示す。QNameのリストでなければならない。個々のQNameはGL項目を示さなければならない。項目の並びはアクセスの優先度を示す。
255,2,Attribute,,cor,XBRL,XBRL Summary Operator,,String,,,0..1,The operator applied to the amount or quantity when it is rolled up to a summary reporting element.,,
256,2,Attribute,,cor,XBRL,XBRL Summary Unit Numerator,,Token,,,1..1,This holds the list of measure information for unit numerator. The value must be a list of QName. Each QName must be resolved to be measure information such as iso4217:usd.,集約ユニット分子,集約のユニットの分子の測定情報のリスト。QNameのリストでなければならない。QNameはiso4217:usdのような、解決される測定情報でなければならない。
257,2,Attribute,,cor,XBRL,XBRL Summary Unit Denominator,,Token,,,0..1,This holds the list of measure information for unit denominator. The value must be a list of QName. Each QName must be resolved to be measure information such as iso4217:usd.,集約ユニット分母,集約のユニットの分母の測定情報のリスト。QNameのリストでなければならない。QNameはiso4217:usdのような、解決される測定情報でなければならない。
258,2,Attribute,,cor,XBRL,XBRL Summary Reporting Taxonomy ID Reference,,String,,,0..1,"Reference to the ID of the relevant target reporting taxonomy, defined in the [summaryReportingTaxonomies] class at [documentInfo] level. Allows consuming applications to identify sets of [xbrlInfo] classs that point to a specific taxonomy.",集約報告タクソノミ識別子参照情報,関連する報告タクソノミの識別子への参照情報。documentInfo内のsummaryReportingTaxonomies構造体で定義される。特定のタクソノミを示すxbrlInfo構造体の集合を、アプリケーションが識別できるようにする。
259,1,Class,,cor,Detail_ XBRL,,,,,,0..*,This will roll up to XBRL reporting information - this is a parent - repeatable so that the same item can be reported through many taxonomies. Care should be taken to consider what happens if people post to the same account but different XBRL elements.,【XBRL情報】,XBRLレポート情報へのロールアップ情報。親タグであり、同じ項目が複数のタクソノミを通じて報告されうるように繰り返し可能。同一の勘定科目を異なるXBRL要素に転記した場合にどうなるか、注意深く考慮すべきである。
260,2,Specialization,,cor,Detail_ XBRL,,,,cor,XBRL,1,,,
261,1,Abstract Class,,bus,Measurable,,,,,,0..*,"Parent for information regarding measurable items associated with the enclosing entryDetail line. Primary area used for holding performance measures. Based on needs for tracking inventory transactional detail, but suitable for anything assigned to an ""account"", ""reporting bucket"" or ""code"". Can be used to track any movements.",【計測可能物情報】,明細行に関係付けられた、計測可能物の情報の親タグ。おもにパフォーマンス測定のために使用される。在庫移動の詳細の追跡の必要性に基づき、「科目」、「報告バケット」、「コード」に関係付けられるあらゆるものに適する。あらゆる活動を追跡するために使用可能。
262,2,Attribute,PK,bus,Measurable,Measurable Code,,Token,,,0..1,"Code for measurable item including BP - Business process, FA - Fixed asset/Capitalized item, IN - Inventory, KPI - Metric, NT - Intangible, SP - Supplies, SV-P - Service by employee, vendor or contractor, SV-M - Service by equipment/machinery, OT - Other",計測可能物コード,"計測可能物のコード。ビジネスプロセス、固定資産/資産化項目、在庫、測定基準、無形資産、貯蔵品、従業員/提供元/請負者によるサービス、装置/機械によるサービス、その他_x000D_
[設定値のリスト]_x000D_
(BP：ビジネスプロセス)、(FA：固定資産/資産化項目)、(IN：在庫)、(KPI：測定基準)、(NT：無形資産)、(SP：貯蔵品)、(SV-P：従業員/提供元/請負者によるサービス)、(SV-M：装置/機械によるサービス)、(OT：その他)"
263,2,Attribute,,bus,Measurable,Measurable Code Description,,String,,,0..1,Free format description of the measurable code,計測可能物コード説明,計測可能物のコードの説明。
264,2,Attribute,,bus,Measurable,Measurable Category,,String,,,0..1,Category of the measurable,計測可能物カテゴリ,計測可能物のカテゴリ。
265,2,Attribute,,bus,Measurable,Measurable Identification,,String,,,0..1,Internal inventory part or SKU number or other code identifier for the measurable.,計測可能物識別子,計測可能物の社内在庫部分またはSKU番号またはその他のコード識別子。
266,2,Attribute,,bus,Measurable,Schema for Measurable Identification,,String,,,0..1,URI or other identifier for schema with which measurable ID can be validated,計測可能物識別子スキーマ,計測可能物のIDを検証するスキーマの、URIまたはその他の識別子。
267,2,Attribute,,bus,Measurable,Secondary Measurable Code,,String,,,0..1,Second identifier (such as vendor's item number),計測可能物第二識別子,第二識別子。（例えば、ベンダーでの品目番号）。
268,2,Attribute,,bus,Measurable,Schema for Secondary Measurable Identification,,String,,,0..1,URI or other identifier for schema with which measurable ID Other can be validated,計測可能物第二識別子スキーマ,計測可能物の第二IDを検証するスキーマの、URIまたはその他の識別子。
269,2,Attribute,,bus,Measurable,Measurable Description,,String,,,0..1,Text description of measurable (e.g. inventory item or other identifier),計測可能物説明,計測可能物の説明。（たとえば、在庫やその他の識別子）
270,2,Attribute,,bus,Measurable,Measurable Quantity,,Decimal,,,0..1,"Number of units in this transaction; for non-monetary calculations; can be square footage, number of people, etc.",数量,この取引における、単位数量。金額計算用ではない。平方フィート、人数など。
271,2,Attribute,,bus,Measurable,Measurable Qualifier,,Token,,,0..1,"Field that can represent grading, inspection codes, ratings and other qualifiers to properly capture PKI/Balanced Scorecard information",修飾子,PKI又はバランススコアカード情報を適正に把握するための、等級付け、検査コード、格付けその他の修飾子を示す。
272,2,Attribute,,bus,Measurable,Measurable Unit of Measure,,String,,,0..1,"Description of unit: e.g. each, case, dozen, etc. ISO standard coding recommended.",計量単位,単位の説明。たとえば、個、箱、ダースなど。ISO標準のコードを推奨。
273,2,Attribute,,bus,Measurable,Measurable Per Unit Cost/Price,,Monetary,,,0..1,"Per unit price of the measurable. Although one might expect that measurableQuantity * measurableCostPerUnit = amount, this is not mandated except by external rules sets.",単価,"計測可能物の単価。_x000D_
measurableQuantity * measurableCostPerUnit = amountであることを期待するかもしれないが、外部規則がなければ必須ではない。"
274,2,Attribute,,bus,Measurable,Measurable Start Time,,Date Time,,,0..1,Start time of the duration being measured,開始日時,計量期間の開始時刻。
275,2,Attribute,,bus,Measurable,Measurable End Time,,Date Time,,,0..1,End time of the duration being measured,終了日時,計量期間の終了時刻。
276,2,Attribute,,bus,Measurable,Measurable Active,,Boolean,,,0..1,"Boolean to indicate whether the measurable is active (=""true"") or inactive (=""false"")",計測可能物有効性,計測可能物が有効か無効かを示すブール値。
277,1,Class,,bus,Detail_ Measurable,,,,,,0..*,"Parent for information regarding measurable items associated with the enclosing entryDetail line. Primary area used for holding performance measures. Based on needs for tracking inventory transactional detail, but suitable for anything assigned to an ""account"", ""reporting bucket"" or ""code"". Can be used to track any movements.",【計測可能物情報】,明細行に関係付けられた、計測可能物の情報の親タグ。おもにパフォーマンス測定のために使用される。在庫移動の詳細の追跡の必要性に基づき、「科目」、「報告バケット」、「コード」に関係付けられるあらゆるものに適する。あらゆる活動を追跡するために使用可能。
278,2,Specialization,,bus,Detail_ Measurable,,,,bus,Measurable,1,,,
279,1,Abstract Class,,bus,Job,,,,,,0..*,"Class for holding job related information, separate from jobs represented in account identifier. Would probably only have one jobinfo class for each entry line, but there may be a need to express more than one.",【ジョブ情報】,科目識別子で表現されるジョブとは別の、ジョブに関係する情報のタプル。個々の明細行に対してひとつだけ存在すると思われるが、複数必要かもしれない。
280,2,Attribute,PK,bus,Job,Job ID,,String,,,0..1,"Associated job number or code. This could be built into the account, but many systems maintain a separate job coding system. Use primarily if job identification is a separate system, and not considered part of the chart of accounts.",ジョブ識別子,関連するジョブ番号かジョブコード。 科目に組み込めるかもしれないが、多くのシステムでは独立したジョブコードシステムを持っている。おもに、ジョブの識別が別システムであり、科目体系に含まれないときに使用される。
281,2,Attribute,,bus,Job,Job Description,,String,,,0..1,Description of job,ジョブ説明,ジョブの説明。
282,2,Attribute,,bus,Job,Job Phase,,String,,,0..1,"Job code, phase, activity. Allows greater granularity than a simple job number. Although the core only reaches down from job to phases, this can be customized to extend down to cost codes.",ジョブフェーズ,ジョブコード、フェーズ、活動。 簡単なジョブ番号より詳細な定義が可能。基本的には、ジョブからフェーズを導くのみだが、コストコードにまでいたるように拡張可能。
283,2,Attribute,,bus,Job,Job Phase Description,,String,,,0..1,"Description of Job code, phase, activity",ジョブフェーズ説明,ジョブコード、フェーズ、活動の説明。
284,2,Attribute,,bus,Job,Job Active,,Boolean,,,0..1,"Boolean to indicate whether the job is active (=""true"") or inactive (=""false"")",ジョブ有効性,ジョブが有効か無効かを示すブール値。
285,1,Class,,bus,Detail_ Job,,,,,,0..*,"Class for holding job related information, separate from jobs represented in account identifier. Would probably only have one jobinfo class for each entry line, but there may be a need to express more than one.",【ジョブ情報】,科目識別子で表現されるジョブとは別の、ジョブに関係する情報のタプル。個々の明細行に対してひとつだけ存在すると思われるが、複数必要かもしれない。
286,2,Specialization,,bus,Detail_ Job,,,,bus,Job,1,,,
287,1,Abstract Class,,bus,Depreciation Mortgage,,,,,,0..*,"Parent for information related to depreciation, mortgages, etc.",【減価償却/抵当債務情報】,減価償却、抵当債務等に関連する情報の親タグ。
288,2,Attribute,,bus,Depreciation Mortgage,Depreciation Mortgage Jurisdiction,,Token,,,0..1,"Jurisdiction (e.g. federal, state, local): e.g. US Federal, Province of Québec, other identifier. Enumerated as: F, federal, S, state, L, local, other.",抵当債務管轄,"管轄地区。（連邦、州、ローカル、等）。たとえば、米国連邦政府、ケベック州、その他の識別子。_x000D_
[設定値のリスト]_x000D_
(F)、(federal：連邦)、(S)、(state：州)、(L)、(local：地域)、(other：その他)"
289,2,Attribute,,bus,Depreciation Mortgage,Depreciation Method,,String,,,0..1,"Type of depreciation method: used for information about the loan percentage for loan or the depreciation method. This is used for informational purposes only. Examples of entries are ""20%"", ""5 year DDB"" (Double Declining Balance).",減価償却方法,減価償却方法のタイプ。ローンのパーセンテージや減価償却方法に関する情報を含む。単なる情報提供を目的とする。たとえば、20%、5年、DDB(倍額定率)。
290,2,Attribute,,bus,Depreciation Mortgage,Depreciation Mortgage Life,,Decimal,,,0..1,Length of life in number of periods.,抵当債務期間,存在する期間数。
291,2,Attribute,,bus,Depreciation Mortgage,Depreciation Mortgage Description,,String,,,0..1,"Description of each item related to depreciation, mortgage, loan, credit facility, etc.",債務説明,減価償却や債権債務、ローン、信用供与等に関する項目の説明。
292,2,Attribute,,bus,Depreciation Mortgage,Depreciation Mortgage Start Date,,Date Time,,,0..1,"Start of the applicable period of each item related to depreciation, mortgage, loan, credit facility, etc.",開始日付,減価償却や債権債務、ローン、信用供与等に関する項目の、適用期間の開始日。
293,2,Attribute,,bus,Depreciation Mortgage,Depreciation Mortgage End Date,,Date Time,,,0..1,"End of the applicable period of each item related to depreciation, mortgage, loan, credit facility, etc.",終了日付,減価償却や債権債務、ローン、信用供与等に関する項目の、適用期間の終了日。
294,2,Attribute,,bus,Depreciation Mortgage,Depreciation Mortgage Amount,,Monetary,,,0..1,"Amount of a cost or fee charged for a mortgage, loan, credit facility, etc.",手数料,減価償却や債権債務、ローン、信用供与等で請求されるコストや手数料。
295,1,Class,,bus,Detail_ Depreciation Mortgage,,,,,,0..*,"Parent for information related to depreciation, mortgages, etc.",【減価償却/抵当債務情報】,減価償却、抵当債務等に関連する情報の親タグ。
296,2,Specialization,,bus,Detail_ Depreciation Mortgage,,,,bus,Depreciation Mortgage,1,,,
297,1,Abstract Class,,ehm,Serial or Lot,,,,,,0..*,"Class for holding information about serial numbers or lots (batches). As a class, this permits multiple serial numbers or multiple lot number batches within a single gl-cor:measurable class.",【シリアル番号・ロット情報】,シリアル番号やロット（バッチ）に関する情報を保持するタプル。単一の構造内に複数のシリアル番号やロット情報を保持可能。
298,2,Attribute,PK,ehm,Serial or Lot,Serial or Lot Code,,Token,,,0..1,"Is this item tracked by serial numbers or lot numbers? A serial number is usually a unique number assigned to a single; a lot or batch number is provided when a batch of items is fungible but must be differentiated from similar items from other batches. Enumerated indicator for serial or lot items. Enumeration are: serial, lot, other, neither. If not included within the class, neither is assumed.",シリアル・ロット識別コード,この項目はシリアル番号またはロット番号で管理されているか？シリアル番号は一意に付番されたもので、ロット番号は同一バッチの区別を目的に使用される。
299,2,Attribute,,ehm,Serial or Lot,Serial or Lot Description,,String,,,0..1,Free format description associated with gl-ehm:serialLotCode to provide specialization and especially to provide clarification for the enumerated value of other in serialLotCode. Examples might be “batch” or “group”.,シリアル・ロットの説明,gl-ehm:serialLotCode の「その他」の値のための自由記述の説明（例：バッチ、グループなど）。
300,2,Attribute,,ehm,Serial or Lot,Serial or Lot Number,,String,,,0..1,The holder for that actual serial number or lot (batch) number/code assigned to an item or a batch of items.,シリアル番号・ロット番号,対象アイテムやロットに割り当てられた実際の番号／コードを保持する。
301,2,Attribute,,ehm,Serial or Lot,Next Serial or Lot Number,,String,,,0..1,"A field for holding the next expected serial or lot number to be given to future assignments, or for chaining between already assigned items.",次のシリアル・ロット番号,今後割り当て予定の次のシリアル／ロット番号や、既に割り当てられたアイテムの連結に使用。
302,2,Attribute,,ehm,Serial or Lot,Serial or Lot Quantity,,Decimal,,,0..1,The quantity of units in this particular batch. Unit of measure is the gl-bus:measurableUnitofMeasure.,シリアル・ロットの数量,該当ロット内の単位数。単位は gl-bus:measurableUnitofMeasure に基づく。
303,2,Attribute,,ehm,Serial or Lot,Serial or Lot Original Quantity,,Decimal,,,0..1,The quantity of units in this batch on inception.,シリアル・ロット元数量,このロットが生成された時点の元の数量。
304,2,Attribute,,ehm,Serial or Lot,Serial or Lot Remaining Quantity,,Decimal,,,0..1,The remaining quantity of units from the original batch; may be the same as the quantity in this batch or include other batches from the same original batch.,シリアル・ロット残数量,元ロットからの残りの数量。
305,2,Attribute,,ehm,Serial or Lot,Serial or Lot Origination,,Date Time,,,0..1,Date of manufacture or creation.,シリアル・ロット生成日,製造日または作成日。
306,2,Attribute,,ehm,Serial or Lot,Serial or Lot Expiration,,Date Time,,,0..1,Expiration date of the batch.,シリアル・ロット有効期限,ロットの有効期限。
307,2,Attribute,,ehm,Serial or Lot,Serial or Lot Manufacturer,,String,,,0..1,Manufacturer of the item (serial) or items (lot/batch).,シリアル・ロット製造元,シリアル番号またはロットの製造者。
308,2,Attribute,,ehm,Serial or Lot,Serial or Lot Batch Description,,String,,,0..1,A name or description of the items in the lot or batch.,シリアル・ロットバッチの説明,ロットまたはバッチ内のアイテムの名称や説明。
309,2,Attribute,,ehm,Serial or Lot,Serial or Lot Warranty Start Date,,Date Time,,,0..1,"If the items are covered by warranty, when that warranty covered will begin or has begun.",保証開始日,保証対象となる場合の保証開始日。
310,2,Attribute,,ehm,Serial or Lot,Serial or Lot Warranty End Date,,Date Time,,,0..1,"If the items are covered by warranty, when that warranty covered will end or ended.",保証終了日,保証対象となる場合の保証終了日。
311,2,Attribute,,ehm,Serial or Lot,Serial or Lot Warranty Period,,Decimal,,,0..1,"Warranty period – numeric portion; for a 30 day warranty period, the 30 would go here, and the day would go in gl-ehm:serialLotWarrantyPeriodUnit.",保証期間（数値）,保証期間の数値部分（例：30日保証の場合は「30」）。
312,2,Attribute,,ehm,Serial or Lot,Serial or Lot Warrant Period Unit,,String,,,0..1,"Warrant period – time or cycle unit portion. Values from the XBRL Unit Registry (www.xbrl.org/utr/utr.xml) are suggested where possible. Examples might include: H (hours), D (days), M (months), Y (years), machine cycles, km (kilometers).",保証期間（単位）,保証期間の単位（例：日、月、年、km、機械サイクルなど）。
313,2,Attribute,,ehm,Serial or Lot,Warranty Vendor,,String,,,0..1,The vendor providing warranty; this may differ from the manufacturer.,保証提供業者,保証を提供するベンダー（製造者とは異なる可能性あり）。
314,2,Attribute,,ehm,Serial or Lot,Warranty Contract,,String,,,0..1,"Contract or document information related to the warranty, such as a contract number and date or a URL with more information.",保証契約情報,保証に関する契約番号、日付、URL などの情報。
315,2,Attribute,,ehm,Serial or Lot,Serial or Lot Comment,,String,,,0..1,Free format text related to the serial number or lot.,シリアル・ロット備考,シリアルまたはロットに関する自由形式のテキスト。
316,1,Class,,ehm,Detail_ Serial or Lot,,,,,,0..*,"Class for holding information about serial numbers or lots (batches). As a class, this permits multiple serial numbers or multiple lot number batches within a single gl-cor:measurable class.",【シリアル番号・ロット情報】,シリアル番号やロット（バッチ）に関する情報を保持するタプル。単一の構造内に複数のシリアル番号やロット情報を保持可能。
317,2,Specialization,,ehm,Detail_ Serial or Lot,,,,ehm,Serial or Lot,1,,,
318,1,Abstract Class,,cor,Tax,,,,,,0..*,Class for holding tax related information,【税情報】,税関連の情報のタプル。
319,2,Attribute,,cor,Tax,Tax Authority,,String,,,0..1,Name of the relevant tax authority,課税庁,関係する課税庁の名前。
320,2,Attribute,,cor,Tax,Tax Table Code,,String,,,0..1,Tax table code used by the relevant tax authority,税率表コード,関係する課税庁で使用される税率表のコード。
321,2,Attribute,,cor,Tax,Tax Description,,String,,,0..1,Description of tax authority,課税庁説明,課税庁の説明。
322,2,Attribute,,cor,Tax,Amount of Taxes,,Monetary,,,0..1,Amount of taxes,税額,税額。
323,2,Attribute,,cor,Tax,Basis for Taxation,,Monetary,,,0..1,Basis for taxation,課税基準,課税基準。
324,2,Attribute,,cor,Tax,Tax Percentage Rate,,Pure,,,0..1,Percent rate for VAT or other taxes normally a number between 0 and 1.0 - e.g. 50% is represented as 0.5,税率,"VAT(物品税)またはその他の税のパーセント比率。_x000D_
0から1.0の間の値。たとえば50%は0.5とあらわす。"
325,2,Attribute,,cor,Tax,Tax Category,,String,,,0..1,A class or category of taxes,税区分,税のクラス又はカテゴリ。
326,2,Attribute,,cor,Tax,Tax Comment/Exemption Reason,,String,,,0..1,Additional text/code for exemption reasons or other comments.,税コメント/免税理由,免税理由やその他のコメントのための、追加の文またはコード。
327,2,Attribute,,cor,Tax,Tax Amount in Foreign Currency,,Monetary,,,0..1,"If the tax is in a foreign currency, the amount of tax in that currency",外貨建税額,税が外貨建ての場合の、税額。
328,2,Attribute,,cor,Tax,Tax Foreign Currency,,QName,,,0..1,"If the tax is in a foreign currency, that currency",外貨建税額通貨,税が外貨建ての場合の、通貨。
329,2,Attribute,,cor,Tax,Tax Exchange Rate Date,,Date Time,,,0..1,"If the tax is in a foreign currency, the date or date and time of the exchange rate used",税額換算レート日付,税が外貨建ての場合の、換算レートの日付または日付/時刻。
330,2,Attribute,,cor,Tax,Tax Exchange Rate,,Pure,,,0..1,"If the tax is in a foreign currency, the exchange rate used expressed as national currency divided by foreign currency",税額換算レート,税が外貨建ての場合の、換算レート。自国通貨を外貨で割った値。
331,2,Attribute,,cor,Tax,Tax Exchange Rate Source,,String,,,0..1,"If the tax is in a foreign currency, source of exchange rate - for example, Reuters, Bloomberg",税額換算レート情報源,"税が外貨建ての場合の、換算レートの情報源。たとえば、Reuters, Bloomberg"
332,2,Attribute,,cor,Tax,Tax Exchange Rate Type,,String,,,0..1,"If the tax is in a foreign currency, type of exchange rate - for example, spot rate, forward contract etc.",税額換算レート種別,税が外貨建ての場合の、換算レートの種別。たとえば、スポット・レート、先物など。
333,2,Attribute,,cor,Tax,Tax Exchange Rate Comment,,String,,,0..1,"If the tax is in a foreign currency, comment about exchange rate used",税額換算レートコメント,税が外貨建ての場合の、換算レートに関するコメント。
334,2,Attribute,,cor,Tax,Tax Amount in Triangulation Currency,,Monetary,,,0..1,"If the tax is in a foreign currency and triangulation is used, the amount of that tax in the triangulation currency",税額トライアンギュレーション通貨換算額,税が外貨建てで、トライアンギュレーション取引の場合の、トライアンギュレーション通貨での税額。
335,2,Attribute,,cor,Tax,Tax Triangulation Currency,,QName,,,0..1,"If the tax is in a foreign currency and triangulation is used, the triangulation currency",税額換算トライアンギュレーション通貨,税が外貨建てで、トライアンギュレーション取引の場合の、トライアンギュレーション通貨。
336,2,Attribute,,cor,Tax,Tax Triangulation Currency Exchange Rate,,Pure,,,0..1,"If the tax is in a foreign currency and triangulation is used, the exchange rate used expressed as national currency divided by triangulation currency",税額トライアンギュレーション通貨換算レート,税が外貨建てで、トライアンギュレーション取引の場合の、換算レート。自国通貨をトライアンギュレーション通貨で割った値。
337,2,Attribute,,cor,Tax,Tax Triangulation Currency Exchange Rate Source,,String,,,0..1,"If the tax is in a foreign currency and triangulation is used, source of exchange rate - for example, Reuters, Bloomberg",税額トライアンギュレーション通貨換算レート情報源,"税が外貨建てで、トライアンギュレーション取引の場合の、換算レートの情報源。たとえば、Reuters, Bloomberg"
338,2,Attribute,,cor,Tax,Tax Triangulation Currency Exchange Rate Type,,String,,,0..1,"If the tax is in a foreign currency and triangulation is used, type of exchange rate - for example, spot rate, forward contract etc.",税額トライアンギュレーション通貨換算レート種別,税が外貨建てで、トライアンギュレーション取引の場合の、換算レートの種別。たとえば、スポット・レート、先物など
339,2,Attribute,,cor,Tax,Tax Foreign to Triangulation Currency Exchange Rate,,Pure,,,0..1,"If the tax is in a foreign currency and triangulation is used,  the exchange rate used expressed as foreign currency divided by triangulation currency",税額外貨トライアンギュレーション通貨換算レート,税が外貨建てで、トライアンギュレーション取引の場合の、換算レート。外貨をトライアンギュレーション通貨で割った値。
340,2,Attribute,,cor,Tax,Tax Foreign to Triangulation Currency Exchange Rate Source,,String,,,0..1,"If the tax is in a foreign currency and triangulation is used, source of exchange rate - for example, Reuters, Bloomberg",税額外貨トライアンギュレーション通貨換算レート情報源,"税が外貨建てで、トライアンギュレーション取引の場合の、換算レートの情報源。たとえば、Reuters, Bloomberg"
341,2,Attribute,,cor,Tax,Tax Foreign to Triangulation Currency Exchange Rate Type,,String,,,0..1,"If the tax is in a foreign currency and triangulation is used, type of exchange rate - for example, spot rate, forward contract etc.",税額外貨トライアンギュレーション通貨換算レート種別,税が外貨建てで、トライアンギュレーション取引の場合の、換算レートの種別。たとえば、スポット・レート、先物など。
342,1,Class,,cor,Detail_ Tax,,,,,,0..*,Class for holding tax related information,【税情報】,税関連の情報のタプル。
343,2,Specialization,,cor,Detail_ Tax,,,,cor,Tax,1,,,
344,1,Class,,cor,Document,,,,,,0..*,A tool to capture the flow of related documents in the business process.,【発生元文書情報】,業務プロセス上の、関連文書の流れを捕捉するためのもの。特にVAT監査では、エンドユーザの要求として、取引に関係する文書の履歴が必要とされる。関連文書情報の構造の繰り返しを含む。
345,2,Attribute,,cor,Document,Document Type,,Token,,,0..1,"Document type  check, debit-memo, credit-memo, finance-charge, invoice, order-customer, order-vendor, payment-other, reminder, tegata, voucher, shipment, receipt, manual-adjustment, other.",発生元文書種別,発生元文書の種別。小切手(check)、借方メモ(debit-memo)、貸方メモ(credit-memo)、財務費用(finance-charge)、顧客への請求書(invoice)、顧客オーダ(order-customer)、仕入先オーダ(order-vendor)、その他支払い(payment-other)、督促状(reminder)、手形(tegata)、ベンダからの請求書(voucher)、出荷票(shipment)、受領票(receipt)、手修正(manual-adjustment)、その他(other)
346,2,Attribute,PK,cor,Document,Document Number,,String,,,0..1,Document number,発生元文書番号,発生元文書の番号。
347,2,Attribute,,cor,Document,Document Date,,Date,,,0..1,Document date,発生元文書日付,発生元文書の日付。
348,2,Attribute,,cor,Document,Document Identifier Type,,Token,,,0..1,"Document identifier type. Enumerated as: C, customer, E, employee, V, vendor, O, other, I, salesperson-internal, X, salesperson-external, N, contractor.",発生元文書対象CVE種別,発生元文書の対象となるCVEの種別。_x000D_ [設定値のリスト]_x000D_ (C)、(customer：顧客)、(E)、(employee：従業員)、(V)、(vendor：仕入先)、(O)、(other：その他)、(I)、(salesperson-internal：店舗内販売員)、(X)、(salesperson-external：外交販売員)、(N)、(contractor：請負者)
349,2,Attribute,,cor,Document,Document Identifier Code,,String,,,0..1,Document identifier code,発生元文書対象CVEコード,発生元文書の対象となるCVEのコード。
350,1,Class,,taf,Originating Document,,,,,,0..*,"A tool to capture the flow of related documents in the business process. Some needs of end users require a greater history of the documents that are associated with a transaction, especially in the VAT audit area. Contains a repetitive class of related documents.",【発生元文書情報】,業務プロセス上の、関連文書の流れを捕捉するためのもの。特にVAT監査では、エンドユーザの要求として、取引に関係する文書の履歴が必要とされる。関連文書情報の構造の繰り返しを含む。
351,2,Specialization,,taf,Originating Document,,,,cor,Document,1,,,
352,2,Attribute,,taf,Originating Document,Document Identifier Tax Code,,Token,,,0..1,Originating document identifier tax code,発生元文書対象CVE納税者コード,発生元文書の対象となるCVEの納税者コード。
353,1,Abstract Class,,lnk,Rich Text Comment,,,,,,0..*,"Accepts text in rich text format, including XHTML. It can be used for different purposes, such as to create footnotes in XBRL instances or to create a comment for a document or an entry.",【リッチテキストコメント】,XHTMLを含む、リッチテキスト形式のテキストを受け入れる。XBRLインスタンスのフットノートの生成や、文書や伝票のコメントの生成などの、さまざまな目的で利用可能。
354,2,Attribute,,lnk,Rich Text Comment,Comment Code,,String,,,0..1,"An enumerated code that identifies the purpose of the rich text comment. Enumerated values: link_footnote, footnote, source_document, source_journal, batch, other.",リッチテキストコメントコード,"リッチテキストコメントの用途を識別する、列挙コード。_x000D_
[設定値のリスト]_x000D_
link_footnote：リンクフットノート、footnote：フットノート、source_document：元文書、source_journal：元仕訳帳、batch：仕訳の束、other：その他"
355,2,Attribute,,lnk,Rich Text Comment,Comment Description,,String,,,0..1,Free format description of the Rich text Comment Code.,リッチテキストコメント説明,リッチテキストコメントコードの説明。
356,2,Attribute,,lnk,Rich Text Comment,Comment Content,,String,,,0..1,Content of the Rich Text Comment.,リッチテキストコメント内容,リッチテキストコメントの内容。
357,2,Attribute,,lnk,Rich Text Comment,Comment Locator,,String,,,0..1,An XPath expression that identifies the item that the comment relates to.,リッチテキストコメントロケータ,コメントが関係する項目を識別する、XPath表現。
358,1,Class,,lnk,Detail_ Rich Text Comment,,,,,,0..*,"Accepts text in rich text format, including XHTML. It can be used for different purposes, such as to create footnotes in XBRL instances or to create a comment for a document or an entry.",【リッチテキストコメント】,XHTMLを含む、リッチテキスト形式のテキストを受け入れる。XBRLインスタンスのフットノートの生成や、文書や伝票のコメントの生成などの、さまざまな目的で利用可能。
359,2,Specialization,,lnk,Detail_ Rich Text Comment,,,,lnk,Rich Text Comment,1,,,
360,1,Abstract Class,,cor,Detail,,,,,,0..*,Parent for entry detail,【仕訳明細】,仕訳明細の親タグ。
361,2,Attribute,PK,cor,Detail,Line Number,,String,,,0..1,Identifier for a particular entry detail,明細行番号,仕訳明細の識別子。
362,2,Attribute,,cor,Detail,Line Number Counter,,Decimal,,,0..1,Unique reference for the line - a numeric counter,明細行番号カウンタ,明細行の一意なリファレンス　　カウンタ
363,2,Attribute,,cor,Detail,Posting Date,,Date Time,,,0..1,"At the detail level, this represents the accounting significance date. No matter what date the document is received, entered, or posted, this signifies the accounting date of the entry. If you want to see the financial results for March 5, 2002 and this entry is given that date, the entry will be part of the results for March 5, 2002. This is different from the postedDate found at the entryHeader level. If you want the accounting significance to be a particular date, it goes here. A single entry could represent multiple dates, but would only be posted on one date.",転記日付,明細レベルで、会計上意義のある日付を示す。ドキュメントの受領、入力、転記の日付に関わらず、仕訳が会計処理された日付を示す。2002.03.05の財務結果を見たいときに、ここにその日付がある場合は、この明細は2002.03.05の結果の一部である。これは、entryHeaderにあるpostedDateとは異なる。特定の日付を会計上意義のある日付にしたいなら、ここに記述する。ひとつの仕訳が複数の日付をあらわせるが、ひとつの日でのみ転記される。
364,2,Attribute,,cor,Detail,Memo Line,,Boolean,,,0..1,A boolean like entry that indicates whether an entryDetail line has been provided solely to provide additional details and that tools should not consider the amount in postings.,メモ行フラグ,明細行が単に追加の詳細を与えるものであり、転記金額に含めるべきでないことを示すブール値。
365,2,Attribute,,cor,Detail,Document Type,,Token,,,0..1,"An enumerated field describing the original source document, with check, debit-memo, credit-memo, finance-charge, invoice, order-customer, order-vendor, payment-other, reminder, tegata, voucher, shipment, receipt, manual-adjustment, other.",元文書種別,小切手、借方メモ、貸方メモ、財務費用、顧客への請求書、顧客オーダー、仕入先オーダー、その他支払い、督促状、手形、ベンダからの請求書、出荷票、受領票、手修正、その他の列挙値による、元文書の説明。[設定値のリスト]_x000D_ (check：小切手)、(debit-memo：借方メモ)、(credit-memo：貸方メモ)、(finance-charge：財務費用)、(invoice：顧客への請求書)、(order-customer：顧客オーダ)、(order-vendor：仕入先オーダ)、(payment-other：その他支払い)、(reminder：督促状)、(tegata：手形)、(voucher：ベンダからの請求書)、(shipment：出荷票)、(receipt：受領票)、(manual-adjustment：手修正)、(other：その他)
366,2,Attribute,,cor,Detail,Document Type Description,,String,,,0..1,Free format description of the document type,元文書種別説明,元文書の種別の説明。
367,2,Reference Association,,cor,Detail,,Apply To,,cor,Detail,0..1,"Document number of primary invoice number, used to offset payments, debits and credits; for an invoice, usually the same as the documentNumber. When calculating open balance on an invoice, or open amount on payments in advance or not fully applied, this permits calculation of the open item.",適用先番号,"支払、借方、貸方の相殺に使用される、一次請求書の文書番号。請求書では通常documentNumberと等しい。_x000D_
未決済の請求書残高や、未決済の支払金額の計算時に、利用できる。"
368,2,Reference Association,,cor,Detail,,,,cor,Document,0..1,"Invoice, check, voucher, or other source document identifier",元文書番号,請求書、小切手、証憑、その他の元文書の識別子。
369,2,Attribute,,cor,Detail,Document Date,,Date Time,,,0..1,"Date (and less likely in the paper world but possible in the e-world, time) on actual document (invoice, voucher, check date). Other dates control posting information.",元文書日付,実際の文書（請求書、証憑、小切手）の日付（および、紙の世界ではありそうにないが、電子的には時刻）。 転記の情報は別の日付で管理する。
370,2,Attribute,,cor,Detail,Received Date,,Date Time,,,0..1,Date/time document was noted as received (if necessary). Represents actual date received. Posting dates are maintained separately.,元文書受領日付,（必要であれば）文書の受領が記録された日付/時刻。実際に受領された日付をあらわす。転記日付は別に管理される。
371,2,Attribute,,cor,Detail,Document Location,,String,,,0..1,"Document location as URI, file name or other reference. Alternatively, text of document can be placed here.",元文書格納場所,文書の格納場所である、URI、ファイル名またはその他の参照情報。代わりに、文書のテキストも記述可能。
372,2,Attribute,,cor,Detail,Posting Status,,Token,,,0..1,"deferred: although entered, it cannot be posted until a later time
posted: already posted
proposed: a proposed item that must be approved
simulated: a simulated item, for what-if
tax: a tax-specific entry
unposted:entered but not yet posted or validated
cancelled:entered and later cancelled
other:other status - should be described in postingStatusDescription",転記状態,"・据置：入力されたが、まだ転記できない。_x000D_
・転記済：転記済み。_x000D_
・提案済：検証が必要な項目。_x000D_
・シミュレーション：仮定のためにシミュレートされた項目。_x000D_
・税：税項目。_x000D_
・未転記：入力されたが、まだ検証も転記もされていない。_x000D_
・取消済：入力されたが、取り消された。_x000D_
・その他：その他の状態。postingStatusDescriptionで説明されるべき。_x000D_
[設定値のリスト]_x000D_
(deferred：据置)、(posted：転記済)、(proposed：提案済)、(simulated：シミュレーション)、(tax：税)、(unposted：未転記)、(cancelled：取消済)、(other：その他)"
373,2,Attribute,,cor,Detail,Posting Status Description,,String,,,0..1,Free format description of the posting status,転記状態説明,転記状態の説明。
374,2,Attribute,,cor,Detail,Description,,String,,,0..1,Description of this line of detail only,説明,この明細行のみに対する説明。
375,2,Attribute,,cor,Detail,Acknowledgement Date,,Date Time,,,0..1,Date of acknowledgement of goods/services shipped/received.,承認日付,出荷/受領済みの物品/サービスを承認した日付。
376,2,Attribute,,cor,Detail,Confirmation Date,,Date Time,,,0..1,Date of confirmation of shipment/receipt.,確認日付,出荷/受領を確認した日付。
377,2,Attribute,,cor,Detail,Measurable Class ID,,Token,,,0..1,"An enumerated code to identify the inventory, fixed asset or other measurable class. Enumerated as: raw material, work-in-process, finished goods, assemblies, supplies, land, building, machinery, furniture, vehicles, other.",測定可能分類コード,在庫、固定資産、その他の測定可能な分類を識別するための列挙コード。列挙例：原材料、仕掛品、製品、組立品、備品、土地、建物、機械、家具、車両、その他。
378,2,Attribute,,cor,Detail,Measurable Class Description,,String,,,0..1,Free format description associated with gl-ehm:measurableClassID to provide specialization or clarification for the enumerated value of other.,測定可能分類の説明,「その他」の列挙値を補足・特定するための自由記述形式の説明。
379,2,Attribute,,cor,Detail,Geospatial Coordinate,,String,,,0..1,"Enter a relevant location for this item. Format can be either:
- Degrees, minutes, and seconds (DMS): 41°24'12.2""N 2°10'26.5""E
- Degrees and decimal minutes (DMM): 41 24.2028, 2 10.4418
- Decimal degrees (DD): 41.40338, 2.17403",地理座標,"本項目の関連位置を入力。形式は以下のいずれか：
・度分秒 (DMS): 41°24'12.2""N 2°10'26.5""E
・度と小数分 (DMM): 41 24.2028, 2 10.4418
・10進度 (DD): 41.40338, 2.17403"
380,2,Composition,,cor,Detail,,,,cor,Account Identifier,0..*,"Class: parent container for account numbers and identifiers. No entry is made here, but each detail line may have multiple accounts assigned to it for reporting in different GAAPs, offsetting accounts in Japan, passing along information to consolidation systems about local versus consolidating accounts, etc. For example, the account 4783HG-QOWI-192837-1000 may be expressed so: 

/account/accountMainID 1000  
/account/accountMainDescription Cash  
/account/accountSub/accountSubID 4783HG  
/account/accountSub/accountSubDescription Department  
/account/accountSub/accountSubID QOWI  
/account/accountSub/accountSubDescription Branch  
/account/accountSub/accountSubID 192837  
/account/accountSub/accountSubDescription Division",【科目識別子】,"タプル。勘定科目番号と識別子の親コンテナ。 ここには記入されないが、個々の明細行は、異なるGAAPでの報告や、日本の見返勘定や、連結勘定科目に対する個別情報の連結会計システムへの伝達などのための、複数の勘定科目を持ちうる。例えば、勘定科目4783HG-QOWI-192837-1000は、次のように表現されうる。_x000D_
/account/accountMainID 1000  
/account/accountMainDescription Cash  
/account/accountSub/accountSubID 4783HG  
/account/accountSub/accountSubDescription Department  
/account/accountSub/accountSubID QOWI  
/account/accountSub/accountSubDescription Branch  
/account/accountSub/accountSubID 192837  
/account/accountSub/accountSubDescription Division"
381,2,Composition,,cor,Detail,,,,muc,Multicurrency,0..*,Class to provide additional information related to home currencies that differ from original currencies and related exchange rates - typically this will be used to record exchange rates and amounts in currencies and/or on dates other than those of the original transaction. This class allows recording of exchange rates using a third currency as a triangulation currency. This is often EUR but is not restricted to being so. This class may be repeated as many times as necessary to record amounts in foreign currencies on the same or different dates.,【多通貨明細】,"原取引時の通貨と異なる、自国通貨と換算レートに関する追加情報のセクション。－現在および原取引時の、換算レートおよび金額の記録に使用される。_x000D_
トライアンギュレーション通貨としての第三通貨の換算レートを記録できる。EURの場合が多いがそれに限らない。この構造は、同日または異なる日の外貨での金額を記録する必要がある限り、繰り返し指定可能。"
382,2,Composition,,cor,Detail,,,,cor,Identifier Reference,0..*,"Identification for customer, vendor, or employee.",【CVE情報】,顧客、仕入先、従業員のための識別子。
383,2,Composition,,cor,Detail,,,,cor,XBRL,0..*,This will roll up to XBRL reporting information - this is a parent - repeatable so that the same item can be reported through many taxonomies. Care should be taken to consider what happens if people post to the same account but different XBRL elements.,【XBRL情報】,XBRLレポート情報へのロールアップ情報。親タグであり、同じ項目が複数のタクソノミを通じて報告されうるように繰り返し可能。同一の勘定科目を異なるXBRL要素に転記した場合にどうなるか、注意深く考慮すべきである。
384,2,Composition,,cor,Detail,,,,bus,Measurable,0..*,"Parent for information regarding measurable items associated with the enclosing entryDetail line. Primary area used for holding performance measures. Based on needs for tracking inventory transactional detail, but suitable for anything assigned to an ""account"", ""reporting bucket"" or ""code"". Can be used to track any movements.",【計測可能物情報】,明細行に関係付けられた、計測可能物の情報の親タグ。おもにパフォーマンス測定のために使用される。在庫移動の詳細の追跡の必要性に基づき、「科目」、「報告バケット」、「コード」に関係付けられるあらゆるものに適する。あらゆる活動を追跡するために使用可能。
385,2,Composition,,cor,Detail,,,,bus,Job,0..*,"Class for holding job related information, separate from jobs represented in account identifier. Would probably only have one jobinfo class for each entry line, but there may be a need to express more than one.",【ジョブ情報】,科目識別子で表現されるジョブとは別の、ジョブに関係する情報のタプル。個々の明細行に対してひとつだけ存在すると思われるが、複数必要かもしれない。
386,2,Composition,,cor,Detail,,,,bus,Depreciation Mortgage,0..*,"Parent for information related to depreciation, mortgages, etc.",【減価償却/抵当債務情報】,減価償却、抵当債務等に関連する情報の親タグ。
387,2,Composition,,cor,Detail,,,,ehm,Serial or Lot,0..*,"Class for holding information about serial numbers or lots (batches). As a class, this permits multiple serial numbers or multiple lot number batches within a single gl-cor:measurable class.",【シリアル番号・ロット情報】,シリアル番号やロット（バッチ）に関する情報を保持するタプル。単一の構造内に複数のシリアル番号やロット情報を保持可能。
388,2,Composition,,cor,Detail,,,,cor,Tax,0..*,Class for holding tax related information,【税情報】,税関連の情報のタプル。
389,2,Aggregation,,cor,Detail,,,,taf,Originating Document,0..*,"A tool to capture the flow of related documents in the business process. Some needs of end users require a greater history of the documents that are associated with a transaction, especially in the VAT audit area. Contains a repetitive class of related documents.",【発生元文書情報】,業務プロセス上の、関連文書の流れを捕捉するためのもの。特にVAT監査では、エンドユーザの要求として、取引に関係する文書の履歴が必要とされる。関連文書情報の構造の繰り返しを含む。
390,2,Composition,,cor,Detail,,,,lnk,Rich Text Comment,0..*,"Accepts text in rich text format, including XHTML. It can be used for different purposes, such as to create footnotes in XBRL instances or to create a comment for a document or an entry.",【リッチテキストコメント】,XHTMLを含む、リッチテキスト形式のテキストを受け入れる。XBRLインスタンスのフットノートの生成や、文書や伝票のコメントの生成などの、さまざまな目的で利用可能。
391,1,Class,,cor,Entry_ Detail,,,,,,0..*,Parent for entry detail,【仕訳明細】,仕訳明細の親タグ。
392,2,Specialization,,cor,Entry_ Detail,,,,cor,Detail,1,,,
393,2,Attribute,,cor,Entry_ Detail,Detail_ Description,,String,,,0..1,Description of this line of detail only,説明,この明細行のみに対する説明。
394,2,Attribute,,cor,Entry_ Detail,Monetary Amount,,Monetary,,,0..1,"This field (amount) represents the primary monetary amount related to the  subject of the entryDetail line. There is one primary monetary amount per entryDetail class. It may, for example, represent the amount of one line of a journal entry, the balance on a document, or the extended amount of a line item on an invoice. Amount is not required if detailed entry is used for non-financial work and other elements are populated, in particular measurableQuantity. The amount field is a signed number (either positive or negative itself) and used in conjunction with a separate signOfAmount and a separate debitCreditCode, which together are considered for understanding the monetary amount. The unit of measure is determined by amountCurrency if present, and by the default or home currency if amountCurrency is not present.",金額,entryDetailの代表的な金額を示す。entryDetailごとにひとつの値を持つ。たとえば、仕訳帳の行、残高、請求書の行の金額。明細が会計業務用でなく、measurableQuantityなどの他の要素が設定されている場合は不要。符号付数値であり、金額を解釈するために用意されたsignOfAmountおよびdebitCreditCodeとあわせて使用される。通貨単位はamountCurrencyで決定される。amountCurrencyが指定されない場合は、既定または自国の通貨単位となる。
395,2,Attribute,,cor,Entry_ Detail,Currency,,QName,,,0..1,"The currency related to the amount can be entered here instead of the XBRL instance specified way, especially important in multi-currency situations. Recommend ISO 4217 coding.",通貨,XBRLインスタンス内に指定する方法のかわりに、金額の通貨を指定可能。多通貨環境で特に重要。ISO4217コード体系を推奨。
396,2,Attribute,,cor,Entry_ Detail,Sign Indication for Amount,,Token,,,0..1,Sign of amount; provides 4 possible fields only when used in conjunction with debitCreditCode; primarily used for correcting entries so total debits and credits after an entry error are not inflated. D + increase DebitsD - decrease debitsC + decreases creditC - increases credit,金額符号,"金額の符号。貸借識別子と関連して使用される場合にだけ、4つの可能なフィールドを提供する。記入エラー後の総貸借が膨張しないように、おもに仕訳の訂正に使用される。 D+は借方を増加させる。D-は借方を減少させる。C+は貸方を減少させる。C-は貸方を増加させる。_x000D_
[設定値のリスト]_x000D_
(+)、(-)、(plus：プラス)、(minus：マイナス)"
397,2,Attribute,,cor,Entry_ Detail,Debit/Credit Indicator,,Token,,,0..1,"Optional identifier of whether the amount is a (D)ebit, a (C)redit or Undefined",貸借区分コード,"金額が借方か貸方か不定かを示す識別子。_x000D_
[設定値のリスト]_x000D_
(D)、(C)、(debit：借方)、(credit：貸方)、(undefined：不定)"
398,2,Attribute,,cor,Entry_ Detail,Allocation Code,,String,,,0..1,A code that is tied to the Enterprise's allocation system.,配分コード,配賦システムに結びつけるコード。
399,2,Attribute,,cor,Entry_ Detail,Invoice Type,,Token,,,0..1,"Invoice Type  (self-billed, ePoS enumerated values)",請求書種別,"請求書の種別。(self-billed、ePoS)_x000D_
[設定値のリスト]_x000D_
(ePos：POSシステムからの発行)、(self-billed：手動発行)"
400,2,Attribute,,cor,Entry_ Detail,Chargeable or Reimbursable,,String,,,0..1,"Is this entry chargeable to client, reimbursable? Used by some systems to indicate that account on posting/validation should be posted to a customer or vendor's account.",請求支払可能フラグ,この仕訳は顧客に請求、支払可能か。いくつかのシステムでは転記/検証対象の科目が顧客や仕入先の科目に転記されるべきかどうかを示すために使用される。
401,2,Attribute,,cor,Entry_ Detail,Payment Method,,String,,,0..1,Method used or to be used to make the payment,支払方法,支払いのために使用された、または使用される方法。
402,2,Attribute,,cor,Entry_ Detail,Ship From,,String,,,0..1,References organizationAddressLocationIdentifier where used. Otherwise freeform.,出荷元,organizationAddressLocationIdentifierの参照情報。または自由記述。
403,2,Attribute,,cor,Entry_ Detail,Date Shipped/Received,,Date Time,,,0..1,Date goods/services are shipped/received.,出荷/受領日付,物品/サービスを出荷/受領した日付。
404,2,Attribute,,cor,Entry_ Detail,Maturity Date or Date Due,,Date Time,,,0..1,Due date or other maturity date.,支払期日,支払期日やその他の期日。
405,2,Attribute,,cor,Entry_ Detail,Payment Terms,,String,,,0..1,Discount/payment terms.,支払条件,割引/支払い条件。
406,2,Attribute,,cor,Entry_ Detail,Costing Method Code,,Token,,,0..1,"An enumerated code for the inventory (or other measurable) costing method. Enumerated as: LIFO, FIFO, average, weighted-average, standard-cost, tax-basis, book-basis, other.",原価計算方法コード,在庫または他の測定可能な対象の原価計算方法を示す列挙コード。列挙例：LIFO、FIFO、平均法、加重平均法、標準原価法、税基準、帳簿基準、その他。
407,2,Attribute,,cor,Entry_ Detail,Costing Method Description,,String,,,0..1,Free format description associated with gl-ehm:costingMethodCode to provide specialization of clarification for the enumerated value of other.,原価計算方法の説明,「その他」の列挙値に関する補足説明または特定のための自由記述形式。
408,2,Attribute,,cor,Entry_ Detail,Ticking Field,,Boolean,,,0..1,"Signifies that an item has been cleared, finished, finalized. When checking accounts are called for, the tick or letter showing this was done appears in this field. Can also be used for identifying that the
original document against which a payment or DR/CR memo applies has been reconciled.",チェック欄,項目が消去または完了されたことを示す。勘定のチェックが要求される場合、処理済を示すチェックマークまたは文字が指定される。支払またはDR/CRのメモに対する元文書が、消し込まれたことを確認するためにも使用可能。
409,2,Attribute,,cor,Entry_ Detail,Document Remaining Balance,,Monetary,,,0..1,Balance remaining on the document,文書上残高,文書上の残高。
410,2,Attribute,,cor,Entry_ Detail,UCR,,String,,,0..1,"Unique Consignment Reference or UCR. An ""origin to destination"" reference code for international consignments, developed in cooperation with the World Customs Organization and EAN International (EAN). (http://www.wcoomd.org/ie/EN/press/UCR_new_e.pdf)",UCRコード,"Unique Consignment ReferenceまたはUCR。国際委託販売のための""origin to destination""参照コード。World Customs OrganizationとEAN International (EAN)が共同で開発している。_x000D_
(http://www.wcoomd.org/ie/EN/press/UCR_new_e.pdf)"
411,1,Abstract Class,,cor,Header,,,,,,0..*,Parent for entry headers/journal entry headers.,【仕訳情報】,エントリヘッダー/仕訳記入ヘッダーの親タグ。
412,2,Attribute,,cor,Header,Date Posted,,Date Time,,,0..1,Date this entry was posted (validated) to the general ledger. May not represent the date of accounting significance which is represented by 'postingDate'.,転記済日付,この仕訳が総勘定元帳に転記された(検証された)日付。 postingDateで示されるような会計上意味のある日付を表さないかもしれない。
413,2,Attribute,,cor,Header,Creator,,String,,,0..1,Initials/name of operator originally entering.,仕訳作成者,最初に入力したオペレータのイニシャル/名前。
414,2,Attribute,,cor,Header,Last Modifier,,String,,,0..1,Identification for the last person modifying this entry before posting.,仕訳最終更新者,転記前に最後にこの仕訳を修正した者の識別子。
415,2,Attribute,,cor,Header,Entered Date,,Date Time,,,0..1,"Represents the actual date/time of entry into computer (automated from system date, often misrepresented by changing system clock). Posting dates are maintained separately.",入力日付,コンピュータへ入力した実際の日付/時刻(システム日付から自動的に与えられ、システム時計の変更により、しばしば誤った値になる)を示す。 転記日付とは別に管理される。
416,2,Attribute,,cor,Header,Responsible Person,,String,,,0..1,Identifier of person who created or originated or is otherwise responsible for the entry.,責任者,仕訳を作成したか、仕訳に責任を持つ者の識別子。
417,2,Attribute,,cor,Header,Type Code,,Token,,,0..1,"One of the following enumerated list: adjusting, budget, comparative, external-accountant, standard, passed-adjusting, eliminating, proposed, recurring, reclassifying, simulated, tax, other",種別識別子,"以下の値のうちのひとつ。_x000D_
整理、予算、比較、外部会計事務所、通常、無視、消去、提案、反復、組替、シミュレーション、税、その他_x000D_
[設定値のリスト]_x000D_
(adjusting：整理)、(budget：予算)、(comparative：比較)、(external-accountant：外部会計事務所)、(standard：通常)、(passed-adjusting：無視)、(eliminating：消去)、(proposed：提案)、(recurring：反復)、(reclassifying：組替)、(simulated：シミュレーション)、(tax：税)、(other：その他)"
418,2,Attribute,,cor,Header,Posting Code,,String,,,0..1,"Code for posting to period, e.g., period 1-13, based on codes in an accounting period file. We do not recommend that software vendors export here, but suggest providing period end numbers for the buckets. Possibilities W1 through W53, M1 through M13, Q1-Q4. Developers and others creating output files are encouraged to supply an actual end date.",転記コード,転記の期間を表すコード。例えば、会計期間ファイルのコードにもとづく期間１～１３。ソフトウエアベンダーが、この値をエクスポートすることは推奨しない。期間の最終番号を提供することを勧める。可能な値としては、W1からW53、M1からM13、Q1からQ4など。開発者や出力ファイルの作成者には、実際の終了日付を提供することを勧める。
419,2,Attribute,,cor,Header,Number of Entries,,Integer,,,0..1,The total number of entries.,仕訳総数,仕訳の総数。
420,2,Attribute,,cor,Header,Comment,,String,,,0..1,Comment of the entry,仕訳摘要,仕訳の摘要
421,1,Class,,cor,Entry_ Header,,,,,,0..*,Parent for entry headers/journal entry headers.,【仕訳情報】,エントリヘッダー/仕訳記入ヘッダーの親タグ。
422,2,Specialization,,cor,Entry_ Header,,,,cor,Header,1,,,
423,2,Attribute,,cor,Entry_ Header,Header_ Entry Date,,Date Time,,,0..1,"Represents the actual date/time of entry into computer (automated from system date, often misrepresented by changing system clock). Posting dates are maintained separately.",入力日付,コンピュータへ入力した実際の日付/時刻(システム日付から自動的に与えられ、システム時計の変更により、しばしば誤った値になる)を示す。 転記日付とは別に管理される。
424,2,Attribute,,cor,Entry_ Header,Source Journal,,Token,,,0..1,"Source journal. The code of the journal in which the entry is processed. The code must be a unique indication for a journal and is selected from the following enumerated list:

cd      cash disbursements (sending cheques to vendors)
cr      cash receipts (receiving cheques from others)
fa      fixed assets
gi      giro/other bank adjustments
gj      general journal
im      inventory management
jc      job cost
pj      purchase journal (liabilities from purchases)
pl      payroll journal
sj      sales journal
se      standard entries
ud      user defined
ot      other sources of entries",元仕訳帳種別,"元仕訳帳。仕訳が処理される仕訳帳のコード。コードは仕訳帳に一意な指標であり、以下から選択する。_x000D_
出金(仕入先への小切手送付)、入金(他者からの小切手受領)、固定資産、振替、一般仕訳帳、在庫管理、個別原価、仕入帳(仕入による負債)、賃金台帳、売上台帳、通常仕訳、ユーザ定義、その他_x000D_
[設定値のリスト]_x000D_
(cd：出金)、(cr：入金)、(fa：固定資産)、(gi：振替)、(gj：一般仕訳帳)、(im：在庫管理)、(jc：個別原価)、(pj：仕入帳)、(pl：賃金台帳)、(sj：売上台帳)、(se：通常仕訳)、(ud：ユーザ定義)、(ot：その他)"
425,2,Attribute,,cor,Entry_ Header,Journal Description,,String,,,0..1,"Source journal (full description of general journal, payroll journal, accountant entries). A more easily readable journal indication. The most common journals are: Purchases, Sales, Cash, and General Journal.",元仕訳帳説明,元仕訳帳(一般仕訳、給与台帳、会計事務所入力の完全な説明)。 よりわかりやすい仕訳帳の指標。 最も一般的な仕訳帳は、次の通り。 仕入、売上、現金、一般仕訳。
426,2,Attribute,,cor,Entry_ Header,Entry Origin,,String,,,0..1,"Origin of entry: accrual, manual entry, imported entry, exchange gain or loss",仕訳起源,仕訳の起源。発生、手入力、インポート入力、為替換算による損益。
427,2,Attribute,,cor,Entry_ Header,Entry ID,,String,,,0..1,Identifier within source journal,仕訳識別子,元仕訳帳中の識別子。
428,2,Attribute,,cor,Entry_ Header,Entry Description,,String,,,0..1,Description of entry described by this entry header (e.g. Opening Balance),仕訳説明,このエントリヘッダーによって説明された仕訳の説明(例えば、期首残高)
429,2,Attribute,,cor,Entry_ Header,Entry Qualifier,,Token,,,0..1,"Entry Qualifier - An enumerated field that qualifies the type of entry, specifically useful for general ledger and trial balance environments when it is important to state the values represented are summarized as of the reporting date - opening or closing balances. In accounting systems, this is often known as BBF (balance brought forward.) Permitted values are: standard, balance-brought-forward and other.",仕訳修飾子,"仕訳の修飾子。総勘定元帳や試算表で、開始残高や決算残高のように、記された値が報告日で集約されていることを明示することが重要なときに有用な、仕訳の種別を修飾するもの。会計システムにおいて、BBF（繰越残高）として知られるもの。指定可能な値は以下。標準、繰越残高、その他_x000D_
[設定値のリスト]_x000D_
(standard：標準)、(balance-brought-forward：繰越残高)、(other：その他)"
430,2,Attribute,,cor,Entry_ Header,Entry Qualifier Description,,String,,,0..1,Free format description of the entry qualifier,仕訳修飾子説明,仕訳の修飾子の説明。
431,2,Attribute,,cor,Entry_ Header,Batch ID for Entry Group,,String,,,0..1,ID for a batch for this group of entries,仕訳グループ識別子,この仕訳の集合に付ける、束の識別子。
432,2,Attribute,,cor,Entry_ Header,Batch Description,,String,,,0..1,Description of this batch,仕訳グループ説明,この仕訳の束の説明。
433,2,Attribute,,cor,Entry_ Header,Total Debits,,Monetary,,,0..1,The total of all debit amounts.,借方合計,借方金額の合計値。
434,2,Attribute,,cor,Entry_ Header,Total Credits,,Monetary,,,0..1,The total of all credit amounts.,貸方合計,貸方金額の合計値。
435,2,Attribute,,cor,Entry_ Header,Type of Difference Between Book and Tax,,Token,,,0..1,"Enumerated field with possible values of permanent, temporary or none indicating the type of difference between book and tax accounting methods. Omission of this field is equivalent to ""none""",帳簿価税務簿価差異種別,"帳簿と税務会計処理方法との差異の種別を示す値。永久か一時的かまたは無し。値の省略時は「無し」と同じ。_x000D_
[設定値のリスト]_x000D_
(permanent：永久)、(temporary：一時的)、(none：無し)"
436,2,Attribute,,cor,Entry_ Header,Elimination Code,,String,,,0..1,Informs destination ledger this is an intracompany entry which eliminates in consolidation,相殺消去コード,連結決算時に消去される連結会社間仕訳であることを、受取側の元帳に通知する。
437,2,Attribute,,cor,Entry_ Header,Budget Scenario Period Start,,Date Time,,,0..1,Start of period covered by associated budgetScenario,予算シナリオ期間開始日付,関係付けられたbudgetScenarioがカバーする期間の開始日。
438,2,Attribute,,cor,Entry_ Header,Budget Scenario Period End,,Date Time,,,0..1,End of period covered by associated budgetScenario,予算シナリオ期間終了日付,関係付けられたbudgetScenarioがカバーする期間の終了日。
439,2,Attribute,,cor,Entry_ Header,Scenario Description,,String,,,0..1,Text related to budgetScenario,シナリオ説明,budgetScenarioに関する記述。
440,2,Attribute,,cor,Entry_ Header,Scenario Code,,String,,,0..1,"Code for a budget scenario identifier (such as PB for 'preliminary budget', or RB for 'revised budget', or other identifier for entryType)",シナリオコード,予算シナリオの識別コード。例えば、「PB」（予備予算）、「RB」（補正予算）、または他の仕訳種別の識別子。
441,2,Attribute,,cor,Entry_ Header,Budget Allocation Code,,Token,,,0..1,"Code associated with the calculation formula: e.g. (D)ivide by number of periods, (T)otal for period given",予算配分コード,"計算式に関係付けられたコード。例えば、期間数での分割、与えられた期間の合計_x000D_
[設定値のリスト]_x000D_
(D：期間数での分割)、(T：与えられた期間の合計)"
442,2,Attribute,,cor,Entry_ Header,"ID for Reversing, Standard or Master Entry",,String,,,0..1,"For standard, reversing, master, cancelling or other entries an ID associated with those entries.",反対/通常/マスタ仕訳識別子,通常、反対、マスタ、取消または他の仕訳のための、それらの仕訳を関連付けるID。
443,2,Attribute,,cor,Entry_ Header,Recurring Standard Description,,String,,,0..1,Description to accompany standard or recurring ID,反復通常仕訳説明,通常仕訳または反復仕訳のIDの説明。
444,2,Attribute,,cor,Entry_ Header,Frequency Interval,,Decimal,,,0..1,"For standard or recurring journals, how often entry may be made: every frequencyInterval frequencyUnit, such as every 7 (interval) days (unit) or every 1 (interval) quarter (unit). This field represents the interval.",頻度間隔,通常または反復仕訳において、仕訳が記入される頻度。frequencyInterval、frequencyUnitごと、たとえば7(interval)日(unit)ごと、1(interval)四半期(unit)ごとなどにおける、intervalを示す。
445,2,Attribute,,cor,Entry_ Header,Frequency Unit,,String,,,0..1,"For standard or recurring journals, how often entry may be made: every frequencyInterval frequencyUnit, such as every 7 (interval) days (unit) or every 1 (interval) quarter (unit). This field represents the unit.",頻度単位,通常または反復仕訳において、仕訳が記入される頻度。frequencyInterval、frequencyUnitごと、たとえば7(interval)日(unit)ごと、1(interval)四半期(unit)ごとなどにおける、unitを示す。
446,2,Attribute,,cor,Entry_ Header,Repetitions Remaining,,Integer,,,0..1,Number of times that the recurring entry will repeat,反復残回数,反復仕訳の繰り返し予定数。
447,2,Attribute,,cor,Entry_ Header,Next Date Repeat,,Date Time,,,0..1,Date next repeated or standard posted,次回反復日付,次回の反復あるいは通常の転記日。
448,2,Attribute,,cor,Entry_ Header,Last Date Repeat,,Date Time,,,0..1,Date last repeated or standard posted,前回反復日付,前回の反復あるいは通常の転記日。
449,2,Attribute,,cor,Entry_ Header,End Date of Repeating Entry,,Date Time,,,0..1,"For standard or recurring journals, stop date/time for repetitive entry.",反復仕訳終了日付,通常仕訳または反復仕訳のための、反復入力の終了日付/時刻。
450,2,Attribute,,cor,Entry_ Header,Reverse,,Boolean,,,0..1,Should entry be reversed?,反対仕訳要否,仕訳が取り消されるべきか。
451,2,Attribute,,cor,Entry_ Header,Reversing Date,,Date Time,,,0..1,Date this entry should be reversed,反対仕訳日付,この仕訳が取り消されるべき日付。
452,2,Attribute,,cor,Entry_ Header,Entry Number Counter,,Decimal,,,0..1,Unique reference for the entry - a numeric counter,仕訳番号カウンタ,仕訳の一意なリファレンス　　カウンタ
453,2,Composition,,cor,Entry_ Header,,,,cor,Entry_ Detail,0..*,Parent for entry detail,【仕訳明細】,仕訳明細の親タグ。
454,2,Attribute,,cor,Entry_ Header,Entered Date,,Date Time,,,0,"Represents the actual date/time of entry into computer (automated from system date, often misrepresented by changing system clock). Posting dates are maintained separately.",入力日付,コンピュータへ入力した実際の日付/時刻(システム日付から自動的に与えられ、システム時計の変更により、しばしば誤った値になる)を示す。 転記日付とは別に管理される。
455,1,Class,,cor,Accounting Entries,,,,,,1..*,Root for XBRL GL. No entry made here.,【会計仕訳】,XBRL GLのルート要素。 この要素にはデータは登録されない。
456,2,Composition,,cor,Accounting Entries,,,,cor,Document Information,1..1,Parent for descriptive information about the accountingEntries Class in which it is contained.,【文書情報】,この会計仕訳に関する情報の親タグ。
457,2,Composition,,cor,Accounting Entries,,,,cor,Entity_ Party,0..1,Holder for entity information - information about the reporting organization.,【事業体情報】,事業体情報（報告組織に関する情報）の入れ物。
458,2,Composition,,cor,Accounting Entries,,,,cor,Entry_ Header,0..*,Parent for entry headers/journal entry headers.,【仕訳情報】,エントリヘッダー/仕訳記入ヘッダーの親タグ。
459,1,Class,,lnk,Summary Reporting Taxonomies,,,,,,0..*,Identifies and provides information about one or more target reporting taxonomies to which the data represented in the document rolls up to.,【集約報告タクソノミ】,この文書で示されたデータのロールアップ先となる、1つ以上の報告タクソノミの情報を、識別し提供する。
460,2,Attribute,,lnk,Summary Reporting Taxonomies,Summary Reporting Taxonomy ID,,String,,,0..1,"Identifies a target reporting taxonomy so that, for example, it can be referenced in the [summaryReportingTaxonomyIDRef] data field at [xbrlInfo] level.",集約報告タクソノミ識別子,たとえばxbrlInfo内のsummaryReportingTaxonomyIDRefで参照できるように、報告タクソノミを識別する。
461,2,Attribute,,lnk,Summary Reporting Taxonomies,Summary Reporting Taxonomy Schema Reference Href Attribute,,String,,,0..1,Value of the href attribute of schemaRef in the target reporting taxonomy.,集約報告タクソノミスキーマ参照情報,報告タクソノミ内の、schemaRef要素のhref属性の値。
462,2,Attribute,,lnk,Summary Reporting Taxonomies,Summary Reporting Taxonomy Header,,String,,,0..1,An all-purpose data field where all the information necessary when it is too complex to be defined otherwise.,集約報告タクソノミヘッダ,必要なすべての情報が、複雑すぎて他の方法では定義できないときに、それらを記述する汎用的なデータ域。
463,2,Attribute,,lnk,Summary Reporting Taxonomies,Summary Reporting Taxonomy Description,,String,,,0..1,A description of the taxonomy for human use.,集約報告タクソノミ説明,人が利用するための、タクソノミの説明文。
464,1,Class,,lnk,Summary Context Entity Segment,,,,,,0..1,This class allows to explicitly indicate the information related to the segment in the context for a fact in the FR instance.,【集約エンティティセグメント】,集約のエンティティセグメントの記述の指定場所。
465,2,Composition,,lnk,Summary Context Entity Segment,,,,lnk,Summary Context Entity Segment Explicit Dimension,0..*,This class allows to explicitly indicate the information related to an explicit dimension in the segment of the context for a fact in the FR instance.,【集約セグメントエクスプリシットディメンション】,集約セグメントのエクスプリシットディメンションの記述の指定場所。
466,2,Composition,,lnk,Summary Context Entity Segment,,,,lnk,Summary Context Entity Segment Typed Dimension,0..*,This class allows to explicitly indicate the information related to a typed dimension in the segment of the context for a fact in the FR instance.,【集約セグメントタイプトディメンション】,集約セグメントのタイプトディメンションの記述の指定場所。
467,2,Composition,,lnk,Summary Context Entity Segment,,,,lnk,Summary Context Entity Segment Simple Element Content,0..*,This class allows to explicitly indicate the information related to a simple element in the segment of  the context for a fact in the FR instance.,【集約セグメントシンプルエレメントコンテント】,セグメントの単一要素を表現するためのタプル。
468,2,Attribute,,lnk,Summary Context Entity Segment,Summary Context Segment Non Dimensional Contents,,String,,,0..*,The value must be CDATA and a valid XML fragment.,集約セグメント非ディメンションコンテント,CDATAであり、妥当なXML記述でなければならない。
469,1,Class,,lnk,Summary Context Entity Segment Explicit Dimension,,,,,,0..*,This class allows to explicitly indicate the information related to an explicit dimension in the segment of the context for a fact in the FR instance.,【集約セグメントエクスプリシットディメンション】,集約セグメントのエクスプリシットディメンションの記述の指定場所。
470,2,Attribute,,lnk,Summary Context Entity Segment Explicit Dimension,Summary Context Entity Segment Explicit Dimension Element,,QName,,,1..1,The QName value must be resolved to a valid explicit dimension item used in segment.,集約セグメントエクスプリシットディメンション,セグメントで利用されるQNameの値は妥当なエクプリシットディメンション項目を示さなければならない。
471,1,Class,,lnk,Summary Context Entity Segment Typed Dimension,,,,,,0..*,This class allows to explicitly indicate the information related to a typed dimension in the segment of the context for a fact in the FR instance.,【集約セグメントタイプトディメンション】,集約セグメントのタイプトディメンションの記述の指定場所。
472,2,Attribute,,lnk,Summary Context Entity Segment Typed Dimension,Summary Context Entity Segment Typed Dimension Element,,QName,,,1..1,The QName value must be resolved to a valid typed dimension item used in segment.,集約セグメントタイプトディメンション,セグメントで利用されるQNameの値は妥当なタイプトディメンション項目を示さなければならない。
473,1,Class,,lnk,Summary Context Entity Segment Simple Element Content,,,,,,0..*,This class allows to explicitly indicate the information related to a simple element in the segment of  the context for a fact in the FR instance.,【集約セグメントシンプルエレメントコンテント】,セグメントの単一要素を表現するためのタプル。
474,2,Attribute,,lnk,Summary Context Entity Segment Simple Element Content,Summary Context Entity Segment Simple Element,,QName,,,1..1,"QName for the segment simple element, if appropriate.",集約セグメントシンプルエレメント名,集約セグメントシンプルエレメントの記述のQName
475,2,Attribute,,lnk,Summary Context Entity Segment Simple Element Content,Summary Context Entity Segment Simple Element Value,,String,,,1..1,The value of the segment simple element content.,集約セグメントシンプルエレメント値,集約セグメントシンプルエレメントの値。
476,1,Class,,lnk,Summary Context Scenario Explicit Dimension,,,,,,0..*,This class allows to explicitly indicate the information related to an explicit dimension in the scenario of the context for a fact in the FR instance.,【集約シナリオエクスプリシットディメンション】,集約シナリオのエクスプリシットディメンションの記述の指定場所。
477,2,Attribute,,lnk,Summary Context Scenario Explicit Dimension,Summary Context Scenario Explicit Dimension Element,,QName,,,1..1,The QName value must be resolved to a valid explicit dimension item used in scenario.,集約シナリオエクスプリシットディメンション,シナリオで利用されるQNameの値は妥当なエクプリシットディメンション項目を示さなければならない。
478,1,Class,,lnk,Summary Context Scenario Typed Dimension,,,,,,0..*,This class allows to explicitly indicate the information related to a typed dimension in the scenario of the context for a fact in the FR instance.,【集約シナリオタイプトディメンション】,集約シナリオのタイプトディメンションの記述の指定場所。
479,2,Attribute,,lnk,Summary Context Scenario Typed Dimension,Summary Context Scenario Typed Dimension Element,,QName,,,1..1,The QName value must be resolved to a valid typed dimension item used in scenario.,集約シナリオタイプトディメンション,シナリオで利用されるQNameの値は妥当なタイプトディメンション項目を示さなければならない。
480,1,Class,,lnk,Summary Context Scenario Simple Element Content,,,,,,0..*,This class allows to explicitly indicate the information related to a simple element in the scenario of the context for a fact in the FR instance.,【集約シナリオシンプルエレメントコンテント】,シナリオの単一要素を表現するためのタプル。
481,2,Attribute,,lnk,Summary Context Scenario Simple Element Content,Summary Context Scenario Simple Element,,QName,,,1..1,"QName for the scenario simple element, if appropriate.",集約シナリオシンプルエレメント名,集約シナリオシンプルエレメントの記述のQName
482,2,Attribute,,lnk,Summary Context Scenario Simple Element Content,Summary Context Scenario Simple Element Value,,String,,,1..1,The value of the scenario simple element content.,集約シナリオシンプルエレメント値,集約シナリオシンプルエレメントの値。
483,1,Class,,lnk,Summary Context Entity,,,,,,0..1,This class allows to explicitly indicate the entity information for a fact in the FR instance.,【集約エンティティ】,集約のエンティティの記述の指定場所。
484,2,Attribute,,lnk,Summary Context Entity,Summary Context Entity ID,,Token,,,0..1,The value of the entity identifier.,集約エンティティ識別子,集約のエンティティ識別子の記述の指定場所。
485,2,Attribute,,lnk,Summary Context Entity,Summary Context Entity Scheme,,anyURI,,,0..1,The value of the entity scheme.,集約エンティティスキーム,集約のエンティティスキームの記述の指定場所。
486,2,Composition,,lnk,Summary Context Entity,,,,lnk,Summary Context Entity Segment,0..1,This class allows to explicitly indicate the information related to the segment in the context for a fact in the FR instance.,【集約エンティティセグメント】,集約のエンティティセグメントの記述の指定場所。
487,1,Class,,lnk,Summary Context Period (choice),,,,,,0..1,"This class allows to explicitly indicate the period information for a fact in the FR instance. Instant, Period Start/End and Forever are alternative.",【集約ピリオド】,集約のピリオドの記述の指定場所。
488,2,Attribute,,lnk,Summary Context Period (choice),Summary Context Period Instant,,Date Time,,,1..1,The value of the instant date.,集約ピリオドインスタント,集約のピリオドの特定の日付の記述の指定場所。
489,2,Attribute,,lnk,Summary Context Period (choice),Summary Context Period Forever,,String,,,1..1,"If the context should indicate ""forever"", this concept must be used. It accepts no value.",集約ピリオド無期限,集約のピリオドが無期限であることを示す指定場所。
490,2,Attribute,,lnk,Summary Context Period (choice),Summary Context Period Start Date (sequence),,Date Time,,,1..1,The value of the start date of the period.,集約ピリオド開始日付,集約のピリオドの開始日の記述の指定場所。
491,2,Attribute,,lnk,Summary Context Period (choice),Summary Context Period End Date (sequence),,Date Time,,,1..1,The value of the end date of the period.,集約ピリオド終了日付,集約のピリオドの終了日の記述の指定場所。
492,1,Class,,lnk,Summary Context Scenario,,,,,,0..1,This class allows to explicitly indicate the scenario information for a fact in the FR instance.,【集約シナリオ】,集約のシナリオの記述の指定場所。
493,2,Composition,,lnk,Summary Context Scenario,,,,lnk,Summary Context Scenario Explicit Dimension,0..*,This class allows to explicitly indicate the information related to an explicit dimension in the scenario of the context for a fact in the FR instance.,【集約シナリオエクスプリシットディメンション】,集約シナリオのエクスプリシットディメンションの記述の指定場所。
494,2,Composition,,lnk,Summary Context Scenario,,,,lnk,Summary Context Scenario Typed Dimension,0..*,This class allows to explicitly indicate the information related to a typed dimension in the scenario of the context for a fact in the FR instance.,【集約シナリオタイプトディメンション】,集約シナリオのタイプトディメンションの記述の指定場所。
495,2,Composition,,lnk,Summary Context Scenario,,,,lnk,Summary Context Scenario Simple Element Content,0..*,This class allows to explicitly indicate the information related to a simple element in the scenario of the context for a fact in the FR instance.,【集約シナリオシンプルエレメントコンテント】,シナリオの単一要素を表現するためのタプル。
496,2,Attribute,,lnk,Summary Context Scenario,Summary Context Scenaio Non Dimensional Contents,,String,,,0..*,The value must be CDATA and a valid XML fragment.,集約シナリオ非ディメンションコンテント,CDATAであり、妥当なXML記述でなければならない。
497,1,Class,,lnk,Summary Context,,,,,,0..1,This class allows to explicitly indicate the context information for a fact in the FR instance.,【集約コンテキスト】,集約のコンテキストの記述の指定場所。
498,2,Composition,,lnk,Summary Context,,,,lnk,Summary Context Entity,0..1,This class allows to explicitly indicate the entity information for a fact in the FR instance.,【集約エンティティ】,集約のエンティティの記述の指定場所。
499,2,Composition,,lnk,Summary Context,,,,lnk,Summary Context Period (choice),0..1,"This class allows to explicitly indicate the period information for a fact in the FR instance. Instant, Period Start/End and Forever are alternative.",【集約ピリオド】,集約のピリオドの記述の指定場所。
500,2,Composition,,lnk,Summary Context,,,,lnk,Summary Context Scenario,0..1,This class allows to explicitly indicate the scenario information for a fact in the FR instance.,【集約シナリオ】,集約のシナリオの記述の指定場所。
